dataset,input_dim,replicate,width,level_type,threshold,optimization_proxy,eligible_models,pair_index,model_left,model_right,endpoint_left,endpoint_right,sampled_path_max,certified_path_upper,certificate_width,sampled_gap,certified_gap_upper,direct_sampled_max,direct_certified_upper,direct_certificate_width,direct_certified_gap_upper,proof_node_max,proof_certified_upper,proof_certificate_width,proof_certified_gap_upper,proof_path_nodes,proof_bridge_width,proof_reference_objective,certified_below_level,unresolved_segments,trained_midpoints,path_nodes
ridge_teacher,1,0,8,fixed,0.11745108935533907,0.1174510876648598,8,0,0,1,0.11745108767036286,0.11745108876723992,0.11745409059296816,0.11746029440416278,6.203811194621656e-06,3.0012376290855514e-06,9.205048823707207e-06,0.118657267519799,0.11884377452888839,0.00018650700908938445,0.0013926851735493184,0.11745108876723992,0.11745108876723992,0.0,0.0,20,4,0.11745108767431357,True,0,3,16
ridge_teacher,1,0,8,fixed,0.11745108935533907,0.1174510876648598,8,1,2,3,0.11745108781352237,0.11745108858585714,0.11746087233991334,0.11746256659966843,1.694259755088967e-06,9.782984574269182e-06,1.147724432935815e-05,0.12297595319712051,0.12333706048278305,0.0003611072856625347,0.005885971127443976,0.16839663278975453,0.16839663278975453,0.0,0.05094554343441546,11,4,0.11745108767431357,False,7,7,49
ridge_teacher,1,0,8,fixed,0.11745108935533907,0.1174510876648598,8,2,4,5,0.11745109071138325,0.1174510881811868,0.11745946810220971,0.11746108748586717,1.6193836574612819e-06,8.37874687063811e-06,9.998130528099392e-06,0.12390019670065482,0.12429943001134074,0.0003992333106859203,0.006848340656001664,0.15131798806818944,0.15131798806818944,0.0,0.03386689871285037,17,4,0.11745108767431357,True,0,10,38
ridge_teacher,1,0,8,moving,0.11847565359473951,0.1174510876648598,8,0,1,2,0.11745108876723992,0.11745108781352237,0.11844514769549915,0.11848247424745474,3.732655195559653e-05,0.0,6.820652715233688e-06,0.12884926479423564,0.12920516115831046,0.0003558963640748203,0.010729507563570953,0.11745108876723992,0.11745108876723992,0.0,0.0,25,2,0.11745108791002003,True,0,5,8
ridge_teacher,1,0,8,moving,0.11847565359473951,0.1174510876648598,8,1,0,4,0.11745108767036286,0.11745109071138325,0.11843205682265753,0.11846739502350702,3.533820084948569e-05,0.0,0.0,0.11973185476089421,0.12001148687317476,0.00027963211228054785,0.0015358332784352474,0.11745109071138325,0.11745109071138325,0.0,0.0,27,2,0.11745108791002003,True,0,2,6
ridge_teacher,1,0,8,moving,0.11847565359473951,0.1174510876648598,8,2,5,3,0.1174510881811868,0.11745108858585714,0.1184734995862873,0.11848341269048102,9.913104193709499e-06,0.0,7.759095741508015e-06,0.1298144641253718,0.13024260708502972,0.0004281429596579289,0.011766953490290208,0.11745108858585715,0.11745108858585715,0.0,0.0,19,2,0.11745108791002003,True,0,8,15
ridge_teacher,1,0,16,fixed,0.11745108935533907,0.1174510876648355,8,0,7,0,0.11745108770255612,0.1174510881681033,0.11745931632785608,0.11746160151971496,2.285191858880653e-06,8.226972517011433e-06,1.0512164375892086e-05,0.12612328942091247,0.12662324548366297,0.0004999560627504951,0.009172156128323894,0.1174510881681033,0.1174510881681033,0.0,0.0,51,4,0.11745108767431357,False,4,11,47
ridge_teacher,1,0,16,fixed,0.11745108935533907,0.1174510876648355,8,1,5,2,0.11745108779771556,0.11745108775077581,0.1174577343564534,0.11746108583646009,3.3514800066858363e-06,6.645001114330418e-06,9.996481121016254e-06,0.12981509232315372,0.13030070353106954,0.00048561120791582035,0.012849614175730467,0.11745108779771556,0.11745108779771556,0.0,0.0,42,4,0.11745108767431357,True,0,13,50
ridge_teacher,1,0,16,fixed,0.11745108935533907,0.1174510876648355,8,2,3,1,0.1174510877476016,0.11745108834114894,0.11745909774708585,0.1174623151424607,3.217395374843779e-06,8.008391746777699e-06,1.1225787121621478e-05,0.13379925104133225,0.1343820760625291,0.0005828250211968589,0.016930986707190038,0.11745108834114894,0.11745108834114894,0.0,0.0,51,4,0.11745108767431357,False,6,13,59
ridge_teacher,1,0,16,moving,0.11817556562657543,0.1174510876648355,8,0,3,6,0.1174510877476016,0.1174510925538308,0.11818003909256931,0.11818513601064909,5.09691807977497e-06,4.4734659938872046e-06,9.570384073662175e-06,0.13538138642304254,0.13592931482981943,0.000547928406776893,0.017753749203244004,0.1174510925538308,0.1174510925538308,0.0,0.0,48,2,0.11745108791002003,True,0,8,20
ridge_teacher,1,0,16,moving,0.11817556562657543,0.1174510876648355,8,1,7,4,0.11745108770255612,0.11745108967964961,0.1181776087982341,0.11818463576906398,7.026970829882018e-06,2.0431716586666315e-06,9.07014248854865e-06,0.13488588271053506,0.13542878712019313,0.0005429044096580682,0.0172532214936177,0.11745108967964961,0.11745108967964961,0.0,0.0,51,2,0.11745108791002003,True,0,11,27
ridge_teacher,1,0,16,moving,0.11817556562657543,0.1174510876648355,8,2,0,2,0.1174510881681033,0.11745108775077581,0.11816038466618684,0.11818527268439469,2.488801820785258e-05,0.0,9.707057819260956e-06,0.12708993065700105,0.12753006361664493,0.0004401329596438741,0.009354497990069502,0.1174510881681033,0.1174510881681033,0.0,0.0,48,2,0.11745108791002003,True,0,7,13
ridge_teacher,1,0,32,fixed,0.11745108935533907,0.1174510876648355,8,0,3,5,0.11745108766602436,0.11745108785555419,0.11746098932002398,0.11746590474990956,4.915429885579692e-06,9.899964684909057e-06,1.4815394570488749e-05,0.1338921876530274,0.1344874939326853,0.0005953062796578978,0.01703640457734623,0.11745108785555419,0.11745108785555419,0.0,0.0,78,4,0.11745108767431357,False,22,13,79
ridge_teacher,1,0,32,fixed,0.11745108935533907,0.1174510876648355,8,1,4,0,0.1174510878642361,0.11745108828919631,0.1174598375723974,0.11746181699057787,1.979418180461656e-06,8.748217058332508e-06,1.0727635238794164e-05,0.13070791216920358,0.13132229043063967,0.0006143782614360938,0.013871201075300599,0.11745108828919633,0.11745108828919633,0.0,0.0,75,4,0.11745108767431357,False,4,13,58
ridge_teacher,1,0,32,fixed,0.11745108935533907,0.1174510876648355,8,2,7,1,0.11745108766673101,0.11745108794246498,0.11746091974568308,0.11746374066922535,2.8209235422710366e-06,9.830390344009454e-06,1.265131388628049e-05,0.12991268438688233,0.13050861690261048,0.0005959325157281481,0.013057527547271408,0.11745108794246498,0.11745108794246498,0.0,0.0,78,4,0.11745108767431357,False,24,13,74
ridge_teacher,1,0,32,moving,0.11796337142189035,0.1174510876648355,8,0,3,6,0.11745108766602436,0.11745108774080874,0.1179565117955,0.11796934810464041,1.2836309140409896e-05,0.0,5.976682750055695e-06,0.12861678859997877,0.12918764005643762,0.000570851456458854,0.011224268634547271,0.11745108774080874,0.11745108774080874,0.0,0.0,87,4,0.11745108767431357,True,0,5,16
ridge_teacher,1,0,32,moving,0.11796337142189035,0.1174510876648355,8,1,5,0,0.11745108785555419,0.11745108828919631,0.11796205305513346,0.11796968677465873,7.633719525265703e-06,0.0,6.315352768376803e-06,0.12576896681911656,0.1262978582779929,0.0005288914588763294,0.008334486856102538,0.11745108828919633,0.11745108828919633,0.0,0.0,72,2,0.11745108791002003,True,0,5,19
ridge_teacher,1,0,32,moving,0.11796337142189035,0.1174510876648355,8,2,4,7,0.1174510878642361,0.11745108766673101,0.11796594731480116,0.11797281782267614,6.870507874984222e-06,2.5758929108055106e-06,9.446400785789733e-06,0.12887568348977393,0.12935416865704732,0.0004784851672733903,0.011390797235156971,0.1174510878642361,0.1174510878642361,0.0,0.0,78,4,0.11745108767431357,True,0,7,16
ridge_teacher,1,0,64,fixed,0.11745108935533907,0.11745108766483539,8,0,3,1,0.11745108769610013,0.11745108767989276,0.11745596452985683,0.11746035097924394,4.386449387105973e-06,4.875174517762759e-06,9.261623904868732e-06,0.12666677951734345,0.12723155685102788,0.0005647773336844297,0.00978046749568881,0.11745108769610013,0.11745108769610013,0.0,0.0,120,4,0.11745108767431357,True,0,12,59
ridge_teacher,1,0,64,fixed,0.11745108935533907,0.11745108766483539,8,1,4,7,0.11745108768922988,0.11745108983447734,0.11745997122429722,0.11746162503578327,1.6538114860492614e-06,8.881868958143802e-06,1.0535680444193063e-05,0.12278998741220502,0.12321663022098875,0.0004266428087837254,0.0057655408656496765,0.11745108983447734,0.11745108983447734,0.0,4.791382707258762e-10,105,4,0.11745108767431357,False,4,8,61
ridge_teacher,1,0,64,fixed,0.11745108935533907,0.11745108766483539,8,2,5,0,0.1174510878569165,0.11745108801690611,0.11745831842795275,0.1174610563829854,2.737955032652839e-06,7.229072613676446e-06,9.967027646329285e-06,0.12292611617353262,0.12337224213758685,0.0004461259640542309,0.005921152782247779,0.11745108801690611,0.11745108801690611,0.0,0.0,111,4,0.11745108767431357,True,0,9,45
ridge_teacher,1,0,64,moving,0.11781332743665957,0.11745108766483539,8,0,3,2,0.11745108769610013,0.11745108965916592,0.11781775558597259,0.11782277085486255,5.015268889962954e-06,4.428149313021046e-06,9.443418202984e-06,0.1249222931362109,0.12536948058450187,0.00044718744829097545,0.007556153147842304,0.11745108965916592,0.11745108965916592,0.0,0.0,123,2,0.11745108791002003,True,0,6,26
ridge_teacher,1,0,64,moving,0.11781332743665957,0.11745108766483539,8,1,0,1,0.11745108801690611,0.11745108767989276,0.117818051099823,0.11782307689130249,5.025791479484898e-06,4.723663163438974e-06,9.749454642923872e-06,0.12806324453428858,0.1286187078827737,0.0005554633484851079,0.010805380446114121,0.11745108801690611,0.11745108801690611,0.0,0.0,108,2,0.11745108791002003,True,0,9,22
ridge_teacher,1,0,64,moving,0.11781332743665957,0.11745108766483539,8,2,6,5,0.11745108767701513,0.1174510878569165,0.11781934878515071,0.11782284163835813,3.492853207415214e-06,6.021348491147549e-06,9.514201698562763e-06,0.1251193199925538,0.12563201815714037,0.0005126981645865725,0.007818690720480803,0.1174510878569165,0.1174510878569165,0.0,0.0,117,4,0.11745108767431357,True,0,7,23
ridge_teacher,1,0,128,fixed,0.11745108935533907,0.11745108766483539,8,0,5,6,0.11745108766563117,0.1174510881811519,0.11746072311235567,0.11746381889517274,3.095782817069681e-06,9.633757016597189e-06,1.272953983366687e-05,0.1281754344011133,0.12872677815011782,0.0005513437490045348,0.011275688794778749,0.1174510881811519,0.1174510881811519,0.0,0.0,159,4,0.11745108767431357,False,16,10,81
ridge_teacher,1,0,128,fixed,0.11745108935533907,0.11745108766483539,8,1,0,4,0.11745108796376973,0.11745108773963575,0.11746004642694544,0.1174618648292328,1.818402287370735e-06,8.957071606363609e-06,1.0775473893734344e-05,0.12561576196171537,0.12614917219249172,0.0005334102307763544,0.008698082837152649,0.11745108796376973,0.11745108796376973,0.0,0.0,156,4,0.11745108767431357,False,6,9,80
ridge_teacher,1,0,128,fixed,0.11745108935533907,0.11745108766483539,8,2,1,3,0.11745108770211266,0.11745108766837477,0.11745991843482773,0.11746237381507603,2.455380248303496e-06,8.829079488653635e-06,1.1284459736957131e-05,0.1273710875283022,0.12791755172417826,0.0005464641958760619,0.010466462368839191,0.11745108770211266,0.11745108770211266,0.0,0.0,159,4,0.11745108767431357,False,14,10,85
ridge_teacher,1,0,128,moving,0.11770723060755967,0.11745108766483539,8,0,5,2,0.11745108766563117,0.11745108899290312,0.1177137967614578,0.11771707566656378,3.278905105985608e-06,6.566153898129867e-06,9.845059004115475e-06,0.12816896889003435,0.12880507385127574,0.0006361049612413905,0.011097843243716071,0.11745108899290312,0.11745108899290312,0.0,0.0,153,2,0.11745108791002003,True,0,8,30
ridge_teacher,1,0,128,moving,0.11770723060755967,0.11745108766483539,8,1,7,0,0.11745108788460433,0.11745108796376973,0.11770000168191455,0.11771694402687295,1.694234495840108e-05,0.0,9.713419313286953e-06,0.1268725169191743,0.12742015552640223,0.0005476386072279238,0.00971292491884257,0.11745108796376973,0.11745108796376973,0.0,0.0,156,2,0.11745108791002003,True,0,8,17
ridge_teacher,1,0,128,moving,0.11770723060755967,0.11745108766483539,8,2,6,3,0.1174510881811519,0.11745108766837477,0.11771710813854733,0.11771961425005405,2.506111506719866e-06,9.877530987661975e-06,1.2383642494381841e-05,0.12959535275028336,0.13021370621267286,0.0006183534623895037,0.012506475605113199,0.1174510881811519,0.1174510881811519,0.0,0.0,162,2,0.11745108791002003,False,5,10,32
ridge_teacher,1,1,8,fixed,0.11745108935533907,0.1174510876648598,8,0,2,5,0.11745108766496444,0.11745108807760919,0.11745733168933024,0.11746104731846836,3.7156291381179596e-06,6.242333991171578e-06,9.957963129289538e-06,0.12935658986945478,0.12987497347724525,0.000518383607790468,0.012423884121906176,0.11745108807760919,0.11745108807760919,0.0,0.0,23,4,0.11745108767431357,True,0,13,38
ridge_teacher,1,1,8,fixed,0.11745108935533907,0.1174510876648598,8,1,0,4,0.1174510885745132,0.1174510889493215,0.11745990778566957,0.11746187837942318,1.970593753605754e-06,8.818430330501115e-06,1.0789024084106869e-05,0.12583963987792887,0.1261973515551407,0.00035771167721182495,0.008746262199801624,0.1174510889493215,0.1174510889493215,0.0,0.0,20,4,0.11745108767431357,False,8,11,50
ridge_teacher,1,1,8,fixed,0.11745108935533907,0.1174510876648598,8,2,6,1,0.11745108788365666,0.11745108801458191,0.1174594066804347,0.11746182339847884,2.416718044143118e-06,8.317325095624772e-06,1.073404313976789e-05,0.12214896242097313,0.12242675353083078,0.0002777911098576502,0.004975664175491709,0.16841100816648347,0.16841100816648347,0.0,0.050959918811144395,20,4,0.11745108767431357,False,4,8,39
ridge_teacher,1,1,8,moving,0.11847565359473951,0.1174510876648598,8,0,2,5,0.11745108766496444,0.11745108807760919,0.1184783355626342,0.1184855344169471,7.198854312912006e-06,2.681967894685444e-06,9.88082220759745e-06,0.12935658986945478,0.12987497347724525,0.000518383607790468,0.01139931988250574,0.11745108807760919,0.11745108807760919,0.0,0.0,31,2,0.11745108791002003,True,0,9,21
ridge_teacher,1,1,8,moving,0.11847565359473951,0.1174510876648598,8,1,6,3,0.11745108788365666,0.11745108790008528,0.1184577445481883,0.11848188728376445,2.4142735576146435e-05,0.0,6.23368902494259e-06,0.12482492722458637,0.12524721954388665,0.0004222923193002853,0.006771565949147143,0.11745108790008528,0.11745108790008528,0.0,0.0,26,4,0.11745108767431357,True,0,5,9
ridge_teacher,1,1,8,moving,0.11847565359473951,0.1174510876648598,8,2,1,7,0.11745108801458191,0.11745108776309493,0.11847069523933541,0.11848242591981699,1.1730680481575328e-05,0.0,6.772325077480934e-06,0.135504641987595,0.13596118800591062,0.0004565460183156289,0.017485534411171108,0.11745108801458191,0.11745108801458191,0.0,0.0,26,2,0.11745108791002003,True,0,9,18
ridge_teacher,1,1,16,fixed,0.11745108935533907,0.1174510876648355,8,0,7,0,0.1174510876701453,0.11745108796720352,0.11745889260003274,0.11746079831380873,1.9057137759931342e-06,7.803244693668776e-06,9.70895846966191e-06,0.12035858516038908,0.12070051071752759,0.0003419255571385088,0.0032494213621885176,0.11745108796720354,0.11745108796720354,0.0,0.0,54,4,0.11745108767431357,True,0,7,53
ridge_teacher,1,1,16,fixed,0.11745108935533907,0.1174510876648355,8,1,5,6,0.11745108768394368,0.11745108767208211,0.1174604189258334,0.11746251816542112,2.099239587716184e-06,9.329570494334694e-06,1.1428810082050878e-05,0.13578493943599926,0.13634761023770112,0.0005626708017018589,0.018896520882362045,0.11745108768394368,0.11745108768394368,0.0,0.0,57,4,0.11745108767431357,False,4,16,65
ridge_teacher,1,1,16,fixed,0.11745108935533907,0.1174510876648355,8,2,3,4,0.11745108780726111,0.11745108792153432,0.11746069302825449,0.1174622555264685,1.5624982140083343e-06,9.603672915414752e-06,1.1166171129423086e-05,0.1225779167183138,0.1230241457581048,0.00044622903979099626,0.00557305640276573,0.11745108792153432,0.11745108792153432,0.0,0.0,42,4,0.11745108767431357,False,16,8,66
ridge_teacher,1,1,16,moving,0.11817556562657543,0.1174510876648355,8,0,1,2,0.11745108779433036,0.1174510878343952,0.11817088161974015,0.11818500996833989,1.4128348599734553e-05,0.0,9.444341764461295e-06,0.1322600834723557,0.13279976051004433,0.0005396770376886184,0.014624194883468902,0.1174510878343952,0.1174510878343952,0.0,0.0,57,4,0.11745108767431357,True,0,5,18
ridge_teacher,1,1,16,moving,0.11817556562657543,0.1174510876648355,8,1,5,7,0.11745108768394368,0.1174510876701453,0.11817453039605999,0.11818531778853245,1.0787392472455526e-05,0.0,9.752161957019001e-06,0.131272788307246,0.13175216698083828,0.0004793786735922678,0.013576601354262849,0.11745108768394368,0.11745108768394368,0.0,0.0,54,4,0.11745108767431357,True,0,7,20
ridge_teacher,1,1,16,moving,0.11817556562657543,0.1174510876648355,8,2,6,0,0.11745108767208211,0.11745108796720352,0.11818008960960469,0.11818428124017982,4.191630575134386e-06,4.523983029261491e-06,8.715613604395878e-06,0.12486887439562337,0.12530393752212388,0.00043506312650050394,0.007128371895548449,0.11745108796720354,0.11745108796720354,0.0,0.0,57,2,0.11745108791002003,True,0,5,15
ridge_teacher,1,1,32,fixed,0.11745108935533907,0.1174510876648355,8,0,5,2,0.11745108893058122,0.1174510876705502,0.1174604808774084,0.117463036785771,2.555908362594783e-06,9.391522069329694e-06,1.1947430431924477e-05,0.12790533259532266,0.12834340306821124,0.00043807047288857426,0.010892313712872165,0.11745108893058122,0.11745108893058122,0.0,0.0,78,4,0.11745108767431357,False,4,12,49
ridge_teacher,1,1,32,fixed,0.11745108935533907,0.1174510876648355,8,1,7,6,0.11745108793596072,0.11745108768644376,0.11745680765430487,0.11746102223412098,4.214579816114172e-06,5.718298965798341e-06,9.932878781912513e-06,0.12475481219205493,0.12516345050317593,0.0004086383111209929,0.007712361147836855,0.11745108793596072,0.11745108793596072,0.0,0.0,75,4,0.11745108767431357,True,0,12,42
ridge_teacher,1,1,32,fixed,0.11745108935533907,0.1174510876648355,8,2,3,0,0.11745108769217327,0.11745108769428264,0.11745987421886864,0.11746142484264309,1.5506237744516982e-06,8.78486352956509e-06,1.0335487304016788e-05,0.12314827698335197,0.12355684974900219,0.0004085727656502197,0.006105760393663118,0.11745108769428264,0.11745108769428264,0.0,0.0,72,4,0.11745108767431357,False,4,8,58
ridge_teacher,1,1,32,moving,0.11796337142189035,0.1174510876648355,8,0,0,5,0.11745108769428264,0.11745108893058122,0.11795981936404923,0.11797015559635582,1.033623230659031e-05,0.0,6.784174465465642e-06,0.12778823756220173,0.12836883894999515,0.0005806013877934224,0.010405467528104798,0.11745108893058122,0.11745108893058122,0.0,0.0,69,2,0.11745108791002003,True,0,5,19
ridge_teacher,1,1,32,moving,0.11796337142189035,0.1174510876648355,8,1,3,2,0.11745108769217327,0.1174510876705502,0.11795486348177124,0.11797334547120053,1.8481989429289247e-05,0.0,9.974049310176869e-06,0.12336275598604204,0.12384220700765688,0.00047945102161484066,0.005878835585766531,0.11745108769217327,0.11745108769217327,0.0,0.0,81,4,0.11745108767431357,True,0,5,10
ridge_teacher,1,1,32,moving,0.11796337142189035,0.1174510876648355,8,2,6,4,0.11745108768644376,0.11745108789683714,0.11796992259003805,0.11797281725366775,2.894663629696148e-06,6.551168147697628e-06,9.445831777393776e-06,0.13092439078595028,0.13149678444991594,0.0005723936639656646,0.01353341302802559,0.11745108789683717,0.11745108789683717,0.0,0.0,75,4,0.11745108767431357,True,0,8,28
ridge_teacher,1,1,64,fixed,0.11745108935533907,0.11745108766483539,8,0,7,6,0.11745109151375258,0.11745108903662488,0.11746048434286027,0.11746311492751538,2.6305846551055723e-06,9.394987521199605e-06,1.2025572176305177e-05,0.1261041542789999,0.1266598934744353,0.0005557391954353896,0.00920880411909622,0.11745109151375258,0.11745109151375258,0.0,2.1584135034835583e-09,96,4,0.11745108767431357,False,8,9,77
ridge_teacher,1,1,64,fixed,0.11745108935533907,0.11745108766483539,8,1,5,1,0.11745108830986568,0.11745108767269735,0.11745751540396253,0.11746088527135319,3.369867390662362e-06,6.426048623456304e-06,9.795916014118666e-06,0.1263030766427531,0.12681588436900412,0.0005128077262510355,0.00936479501366505,0.11745108830986568,0.11745108830986568,0.0,0.0,114,4,0.11745108767431357,True,0,10,59
ridge_teacher,1,1,64,fixed,0.11745108935533907,0.11745108766483539,8,2,3,2,0.11745108817117302,0.11745108787093307,0.11746108662445197,0.11746268376003866,1.5971355866867265e-06,9.997269112896334e-06,1.159440469958306e-05,0.1258166442170126,0.1263234713011361,0.0005068270841235012,0.008872381945797037,0.11745108817117302,0.11745108817117302,0.0,0.0,99,4,0.11745108767431357,False,22,9,81
ridge_teacher,1,1,64,moving,0.11781332743665957,0.11745108766483539,8,0,6,0,0.11745108903662488,0.11745108768091543,0.11780844015549329,0.1178219841437612,1.3543988267916696e-05,0.0,8.656707101636907e-06,0.12780568452684563,0.12839453657310876,0.000588852046263133,0.010581209136449193,0.11745108903662488,0.11745108903662488,0.0,0.0,93,2,0.11745108791002003,True,0,10,21
ridge_teacher,1,1,64,moving,0.11781332743665957,0.11745108766483539,8,1,5,1,0.11745108830986568,0.11745108767269735,0.11780964315767327,0.11781889337640666,9.250218733394822e-06,0.0,5.565939747098625e-06,0.1263030766427531,0.12681588436900412,0.0005128077262510355,0.009002556932344558,0.11745108830986568,0.11745108830986568,0.0,0.0,114,2,0.11745108791002003,True,0,8,20
ridge_teacher,1,1,64,moving,0.11781332743665957,0.11745108766483539,8,2,4,2,0.11745108823016621,0.11745108787093307,0.11782314748671428,0.11782475759871781,1.6101120035305616e-06,9.820050054717977e-06,1.1430162058248539e-05,0.12637841213307974,0.1268408361569147,0.00046242402383495085,0.009027508720255123,0.11745108823016621,0.11745108823016621,0.0,0.0,105,2,0.11745108791002003,False,5,7,30
ridge_teacher,1,1,128,fixed,0.11745108935533907,0.11745108766483539,8,0,1,6,0.11745108767927182,0.11745108786419488,0.11746002998396632,0.11746265841799139,2.628434025070403e-06,8.940628627246427e-06,1.156906265231683e-05,0.12916536441976303,0.12981973624937487,0.0006543718296118384,0.0123686468940358,0.11745108786419488,0.11745108786419488,0.0,0.0,147,4,0.11745108767431357,False,14,12,81
ridge_teacher,1,1,128,fixed,0.11745108935533907,0.11745108766483539,8,1,7,2,0.11745108769144022,0.11745108779519754,0.1174584083167083,0.11746108170123615,2.67338452784871e-06,7.3189613692264954e-06,9.992345897075205e-06,0.12877376475759683,0.12936098446669425,0.0005872197090974196,0.011909895111355179,0.11745108779519754,0.11745108779519754,0.0,0.0,153,4,0.11745108767431357,True,0,11,70
ridge_teacher,1,1,128,fixed,0.11745108935533907,0.11745108766483539,8,2,4,5,0.11745108927414165,0.11745108770350311,0.11746055478471822,0.11746356566934545,3.0108846272303147e-06,9.46542937914352e-06,1.2476314006373834e-05,0.1292876618412503,0.12992494789529122,0.0006372860540409253,0.012473858539952143,0.11745108927414165,0.11745108927414165,0.0,0.0,156,4,0.11745108767431357,False,15,10,87
ridge_teacher,1,1,128,moving,0.11770723060755967,0.11745108766483539,8,0,6,7,0.11745108786419488,0.11745108769144022,0.11771346619444252,0.11771701788659618,3.551692153658248e-06,6.235586882855082e-06,9.78727903651333e-06,0.12632066122230032,0.12689162306519214,0.0005709618428918206,0.009184392457632473,0.11745108786419488,0.11745108786419488,0.0,0.0,153,4,0.11745108767431357,True,0,9,28
ridge_teacher,1,1,128,moving,0.11770723060755967,0.11745108766483539,8,1,5,4,0.11745108770350311,0.11745108927414165,0.11771010364560137,0.11771679082811932,6.6871825179504185e-06,2.8730380417091306e-06,9.560220559659549e-06,0.1292876618412503,0.12992494789529122,0.0006372860540409253,0.01221771728773155,0.11745108927414165,0.11745108927414165,0.0,0.0,156,2,0.11745108791002003,True,0,11,34
ridge_teacher,1,1,128,moving,0.11770723060755967,0.11745108766483539,8,2,2,1,0.11745108779519754,0.11745108767927182,0.1177084810026015,0.11771692830001246,8.447297410951737e-06,1.2503950418407683e-06,9.697692452792506e-06,0.12631127590619173,0.12683466302021812,0.0005233871140263857,0.009127432412658454,0.11745108779519754,0.11745108779519754,0.0,0.0,147,4,0.11745108767431357,True,0,6,24
ridge_teacher,1,2,8,fixed,0.11745108935533907,0.1174510876648598,7,0,0,2,0.11745108801417221,0.11745108802539128,0.1174589610379041,0.11746211600122541,3.154963321316817e-06,7.871682565024907e-06,1.1026645886341724e-05,0.12997329772833807,0.1303990695463633,0.00042577181802522235,0.012947980191024222,0.11745108802539128,0.11745108802539128,0.0,0.0,20,4,0.11745108767431357,False,2,12,34
ridge_teacher,1,2,8,fixed,0.11745108935533907,0.1174510876648598,7,1,4,6,0.11745108847761315,0.11745108796380341,0.11746105042182692,0.11746383784861783,2.787426790912262e-06,9.961066487845782e-06,1.2748493278758044e-05,0.13936202586581917,0.14004000473174513,0.0006779788659259656,0.02258891537640606,0.11745108847761315,0.11745108847761315,0.0,0.0,29,4,0.11745108767431357,False,7,15,61
ridge_teacher,1,2,8,fixed,0.11745108935533907,0.1174510876648598,7,2,5,1,0.11745108779509503,0.11745108915251479,0.11745772894763046,0.11746157875997798,3.849812347522796e-06,6.639592291385332e-06,1.0489404638908129e-05,0.13602017119831014,0.13645869537169142,0.00043852417338127725,0.019007606016352346,0.11745108915251479,0.11745108915251479,0.0,0.0,23,4,0.11745108767431357,False,3,13,58
ridge_teacher,1,2,8,moving,0.11847565359473951,0.1174510876648598,7,0,2,4,0.11745108802539128,0.11745108847761315,0.11843644948479279,0.11847375531791096,3.730583311817304e-05,0.0,0.0,0.12599443914581301,0.12642200031835368,0.00042756117254066917,0.007946346723614175,0.11745108847761315,0.11745108847761315,0.0,0.0,35,2,0.11745108791002003,True,0,5,8
ridge_teacher,1,2,8,moving,0.11847565359473951,0.1174510876648598,7,1,0,1,0.11745108801417221,0.11745108915251479,0.1184627201379496,0.1184721846075613,9.464469611697446e-06,0.0,0.0,0.12262530833274314,0.12293325606347381,0.0003079477307306733,0.004457602468734306,0.11745108915251479,0.11745108915251479,0.0,0.0,34,2,0.11745108791002003,True,0,5,8
ridge_teacher,1,2,8,moving,0.11847565359473951,0.1174510876648598,7,2,6,5,0.11745108796380341,0.11745108779509503,0.11845328134314362,0.11847123287067897,1.7951527535350897e-05,0.0,0.0,0.12166360311688039,0.12195313496972585,0.00028953185284545657,0.003477481374986338,0.11745108796380341,0.11745108796380341,0.0,0.0,35,2,0.11745108791002003,True,0,3,6
ridge_teacher,1,2,16,fixed,0.11745108935533907,0.1174510876648355,8,0,0,7,0.11745108851642119,0.11745108766529583,0.11745930177357874,0.11746250447715778,3.2027035790360703e-06,8.212418239672559e-06,1.1415121818708629e-05,0.13784851805744994,0.13833178925296413,0.0004832711955141955,0.02088069989762506,0.11745108851642119,0.11745108851642119,0.0,0.0,39,4,0.11745108767431357,False,6,17,67
ridge_teacher,1,2,16,fixed,0.11745108935533907,0.1174510876648355,8,1,3,6,0.1174510882402865,0.1174510876648355,0.117458746909035,0.11746104155567978,2.294646644779297e-06,7.657553695930575e-06,9.952200340709871e-06,0.1276212007569602,0.12812192140266243,0.000500720645702224,0.010670832047323359,0.1174510882402865,0.1174510882402865,0.0,0.0,48,4,0.11745108767431357,True,0,13,53
ridge_teacher,1,2,16,fixed,0.11745108935533907,0.1174510876648355,8,2,4,2,0.1174510879450498,0.1174510885531987,0.11745971279111532,0.11746252524725583,2.8124561405051818e-06,8.62343577624769e-06,1.1435891916752872e-05,0.12738197657741612,0.127984581863719,0.0006026052863028764,0.010533492508379927,0.11745108855319872,0.11745108855319872,0.0,0.0,48,4,0.11745108767431357,False,12,11,58
ridge_teacher,1,2,16,moving,0.11817556562657543,0.1174510876648355,8,0,2,4,0.1174510885531987,0.1174510879450498,0.118180174274727,0.11818421653466674,4.0422599397321735e-06,4.608648151577244e-06,8.650908091309417e-06,0.12738197657741612,0.127984581863719,0.0006026052863028764,0.009809016237143572,0.11745108855319872,0.11745108855319872,0.0,0.0,48,2,0.11745108791002003,True,0,5,16
ridge_teacher,1,2,16,moving,0.11817556562657543,0.1174510876648355,8,1,3,0,0.1174510882402865,0.11745108851642119,0.11816722001671512,0.11818037211181008,1.3152095094962069e-05,0.0,4.806485234654101e-06,0.12590798299507366,0.12622827256219746,0.00032028956712379375,0.008052706935622031,0.11745108851642119,0.11745108851642119,0.0,0.0,33,2,0.11745108791002003,True,0,4,13
ridge_teacher,1,2,16,moving,0.11817556562657543,0.1174510876648355,8,2,1,5,0.11745108802319994,0.11745108898108661,0.11818410566710427,0.11818547577531752,1.3701082132444586e-06,8.540040528845494e-06,9.910148742089953e-06,0.12742992828266003,0.1279127129922332,0.0004827847095731641,0.00973714736565777,0.11745108898108661,0.11745108898108661,0.0,0.0,54,2,0.11745108791002003,True,0,5,22
ridge_teacher,1,2,32,fixed,0.11745108935533907,0.1174510876648355,8,0,4,5,0.11745108874109803,0.11745108960819375,0.11745837232352124,0.11746103413217031,2.6618086490654003e-06,7.282968182170668e-06,9.944776831236068e-06,0.13047932191653366,0.1311465784790531,0.0006672565625194249,0.013695489123714016,0.11745108960819375,0.11745108960819375,0.0,2.528546816371602e-10,81,4,0.11745108767431357,True,0,13,60
ridge_teacher,1,2,32,fixed,0.11745108935533907,0.1174510876648355,8,1,0,7,0.11745108783255523,0.11745108846042893,0.11746027537808974,0.11746202209696348,1.7467188737352313e-06,9.186022750670708e-06,1.093274162440594e-05,0.13194987931939922,0.13252755536661717,0.000577676047217951,0.0150764660112781,0.11745108846042894,0.11745108846042894,0.0,0.0,66,4,0.11745108767431357,False,10,11,75
ridge_teacher,1,2,32,fixed,0.11745108935533907,0.1174510876648355,8,2,1,6,0.11745108775350828,0.11745108784997087,0.11745999560391492,0.11746303041429584,3.0348103809280103e-06,8.906248575843434e-06,1.1941058956771444e-05,0.1337028185194502,0.1343188690137747,0.0006160504943245049,0.01686777965843564,0.11745108784997088,0.11745108784997088,0.0,0.0,90,4,0.11745108767431357,False,12,15,65
ridge_teacher,1,2,32,moving,0.11796337142189035,0.1174510876648355,8,0,0,2,0.11745108783255523,0.11745109071927191,0.11797208314319198,0.11797377228553876,1.6891423467862987e-06,8.71172130162412e-06,1.0400863648410419e-05,0.13002083319071414,0.13055603960274093,0.0005352064120267841,0.012592668180850572,0.11745109071927191,0.11745109071927191,0.0,0.0,69,2,0.11745108791002003,False,4,7,33
ridge_teacher,1,2,32,moving,0.11796337142189035,0.1174510876648355,8,1,6,3,0.11745108784997087,0.11745108779106227,0.11796499052024444,0.11797336416796475,8.373647720313904e-06,1.6190983540831372e-06,9.992746074397041e-06,0.1336350454354138,0.13430574402014164,0.0006706985847278468,0.01634237259825129,0.11745108784997088,0.11745108784997088,0.0,0.0,84,4,0.11745108767431357,True,0,11,27
ridge_teacher,1,2,32,moving,0.11796337142189035,0.1174510876648355,8,2,7,4,0.11745108846042893,0.11745108874109803,0.11796685540116368,0.11797285968793943,6.004286775745937e-06,3.4839792733276642e-06,9.488266049073601e-06,0.12852324387182545,0.1290571420757729,0.0005338982039474471,0.011093770653882548,0.11745108874109803,0.11745108874109803,0.0,0.0,66,2,0.11745108791002003,True,0,8,21
ridge_teacher,1,2,64,fixed,0.11745108935533907,0.11745108766483539,8,0,0,6,0.11745108794279417,0.117451087673539,0.11745906081438688,0.11746204858528597,2.987770899090525e-06,7.97145904780916e-06,1.0959229946899685e-05,0.12603798207561528,0.12653647413745775,0.0004984920618424649,0.009085384782118677,0.1174510879427942,0.1174510879427942,0.0,0.0,111,4,0.11745108767431357,False,6,10,55
ridge_teacher,1,2,64,fixed,0.11745108935533907,0.11745108766483539,8,1,5,7,0.11745109001772225,0.11745108830729205,0.11745864683792814,0.11746241897074149,3.7721328133427656e-06,7.557482589071185e-06,1.132961540241395e-05,0.13259573526187837,0.1331711031334465,0.0005753678715681165,0.015720013778107417,0.11745109001772225,0.11745109001772225,0.0,6.623831760865784e-10,102,4,0.11745108767431357,False,8,12,85
ridge_teacher,1,2,64,fixed,0.11745108935533907,0.11745108766483539,8,2,2,1,0.11745108798071545,0.11745108766531483,0.11745953486911805,0.11746100505704855,1.4701879305079046e-06,8.445513778973512e-06,9.915701709481417e-06,0.1257811907944822,0.1263694114691755,0.0005882206746933016,0.008918322113836419,0.11745108798071545,0.11745108798071545,0.0,0.0,102,4,0.11745108767431357,True,0,10,58
ridge_teacher,1,2,64,moving,0.11781332743665957,0.11745108766483539,8,0,5,7,0.11745109001772225,0.11745108830729205,0.11782137230319903,0.1178234231367971,2.050833598069013e-06,8.044866539463902e-06,1.0095700137532915e-05,0.13259573526187837,0.1331711031334465,0.0005753678715681165,0.015357775696786924,0.11745109001772225,0.11745109001772225,0.0,0.0,102,2,0.11745108791002003,False,2,10,34
ridge_teacher,1,2,64,moving,0.11781332743665957,0.11745108766483539,8,1,2,1,0.11745108798071545,0.11745108766531483,0.11781643099947757,0.11782317995491336,6.7489554357869075e-06,3.1035628180048347e-06,9.852518253791742e-06,0.1257811907944822,0.1263694114691755,0.0005882206746933016,0.008556084032515926,0.11745108798071545,0.11745108798071545,0.0,0.0,102,2,0.11745108791002003,True,0,8,23
ridge_teacher,1,2,64,moving,0.11781332743665957,0.11745108766483539,8,2,3,0,0.11745108781848695,0.11745108794279417,0.11781819263580288,0.11782291284590174,4.720210098854705e-06,4.865199143319621e-06,9.585409242174325e-06,0.12837333448396096,0.12893229356841834,0.0005589590844573833,0.011118966131758778,0.1174510879427942,0.1174510879427942,0.0,0.0,111,2,0.11745108791002003,True,0,8,26
ridge_teacher,1,2,128,fixed,0.11745108935533907,0.11745108766483539,8,0,1,5,0.11745108776563848,0.117451087681791,0.1174592467379359,0.1174619763072189,2.7295692830026086e-06,8.15738259682397e-06,1.0886951879826579e-05,0.12506283175541807,0.12560011406524227,0.0005372823098241941,0.008149024709903196,0.11745108776563848,0.11745108776563848,0.0,0.0,156,4,0.11745108767431357,False,6,9,71
ridge_teacher,1,2,128,fixed,0.11745108935533907,0.11745108766483539,8,1,3,2,0.11745108823571832,0.1174510877048648,0.11746107502905061,0.1174632462784401,2.171249389490426e-06,9.985673711535026e-06,1.2156923101025452e-05,0.12995721335984922,0.1306313850495857,0.0006741716897364913,0.013180295694246641,0.11745108823571832,0.11745108823571832,0.0,0.0,150,4,0.11745108767431357,False,14,12,77
ridge_teacher,1,2,128,fixed,0.11745108935533907,0.11745108766483539,8,2,6,0,0.11745108812585779,0.11745109021947661,0.11746030566793432,0.11746328895052825,2.9832825939324348e-06,9.216312595247689e-06,1.2199595189180124e-05,0.12788229087169287,0.12846530326320724,0.0005830123915143703,0.011014213907868164,0.11745109021947661,0.11745109021947661,0.0,8.641375393025896e-10,156,4,0.11745108767431357,False,8,9,86
ridge_teacher,1,2,128,moving,0.11770723060755967,0.11745108766483539,8,0,4,5,0.11745108782415498,0.117451087681791,0.11771591566526639,0.11771807550398983,2.1598387234395e-06,8.685057706722676e-06,1.0844896430162176e-05,0.12568781226098155,0.12622269115274146,0.0005348788917599046,0.008515460545181791,0.11745108782415499,0.11745108782415499,0.0,0.0,159,4,0.11745108767431357,False,4,6,34
ridge_teacher,1,2,128,moving,0.11770723060755967,0.11745108766483539,8,1,0,1,0.11745109021947661,0.11745108776563848,0.11771415003166504,0.11771722581666912,3.075785004080789e-06,6.919424105369942e-06,9.995209109450731e-06,0.12862575151322383,0.12918208576412157,0.0005563342508977387,0.011474855156561908,0.11745109021947661,0.11745109021947661,0.0,0.0,162,2,0.11745108791002003,True,0,11,31
ridge_teacher,1,2,128,moving,0.11770723060755967,0.11745108766483539,8,2,7,2,0.11745108951193943,0.1174510877048648,0.11770772322696514,0.11771573827484295,8.01504787781293e-06,4.926194054760691e-07,8.507667283289e-06,0.1274990918506272,0.1280585196322621,0.0005594277816349247,0.010351289024702448,0.11745108951193943,0.11745108951193943,0.0,0.0,162,2,0.11745108791002003,True,0,10,20
ridge_teacher,1,3,8,fixed,0.11745108935533907,0.1174510876648598,8,0,3,6,0.11745108855274204,0.11745108814845576,0.11745903102980745,0.117461083639346,2.0526095385470233e-06,7.941674468381343e-06,9.994284006928367e-06,0.12397596296385587,0.12435936094366407,0.00038339797980820045,0.0069082715883249934,0.11745108855274204,0.11745108855274204,0.0,0.0,20,4,0.11745108767431357,True,0,11,39
ridge_teacher,1,3,8,fixed,0.11745108935533907,0.1174510876648598,8,1,2,4,0.11745108811364974,0.11745108781797307,0.11746016852051717,0.11746181405648583,1.6455359686529114e-06,9.079165178102477e-06,1.0724701146755389e-05,0.1266235334514281,0.12703178194394527,0.0004082484925171659,0.009580692588606193,0.15133518067096188,0.15133518067096188,0.0,0.03388409131562281,17,4,0.11745108767431357,False,4,11,46
ridge_teacher,1,3,8,fixed,0.11745108935533907,0.1174510876648598,8,2,1,7,0.11745108770849286,0.1174510877446664,0.11746067402088595,0.11746291110573062,2.237084844675108e-06,9.584665546874538e-06,1.1821750391549646e-05,0.12866561722842929,0.12905098410559573,0.0003853668771664487,0.011599894750256662,0.1174510877446664,0.1174510877446664,0.0,0.0,32,4,0.11745108767431357,False,4,11,53
ridge_teacher,1,3,8,moving,0.11847565359473951,0.1174510876648598,8,0,3,6,0.11745108855274204,0.11745108814845576,0.1184812847113153,0.11848544965803719,4.16494672188239e-06,5.631116575796624e-06,9.796063297679014e-06,0.12397596296385587,0.12435936094366407,0.00038339797980820045,0.005883707348924558,0.11745108855274204,0.11745108855274204,0.0,0.0,24,2,0.11745108791002003,True,0,6,14
ridge_teacher,1,3,8,moving,0.11847565359473951,0.1174510876648598,8,1,2,4,0.11745108811364974,0.11745108781797307,0.1184661337455962,0.11848269276810457,1.6559022508369492e-05,0.0,7.039173365058771e-06,0.1266235334514281,0.12703178194394527,0.0004082484925171659,0.008556128349205758,0.11745108811364974,0.11745108811364974,0.0,0.0,31,2,0.11745108791002003,True,0,7,9
ridge_teacher,1,3,8,moving,0.11847565359473951,0.1174510876648598,8,2,1,5,0.11745108770849286,0.11745108829837397,0.11847102940840504,0.11848556394688538,1.4534538480340253e-05,0.0,9.910352145869883e-06,0.12700316486113808,0.12745942123353377,0.00045625637239568584,0.008983767638794257,0.11745108829837397,0.11745108829837397,0.0,0.0,35,2,0.11745108791002003,True,0,4,14
ridge_teacher,1,3,16,fixed,0.11745108935533907,0.1174510876648355,8,0,4,3,0.11745108779615708,0.11745108768801085,0.117460029372166,0.11746190818881795,1.8788166519512206e-06,8.940016826927688e-06,1.0818833478878909e-05,0.12312512746674863,0.1234525467607568,0.0003274192940081744,0.006001457405417729,0.11745108779615708,0.11745108779615708,0.0,0.0,60,4,0.11745108767431357,False,4,9,37
ridge_teacher,1,3,16,fixed,0.11745108935533907,0.1174510876648355,8,1,6,1,0.11745108817803854,0.11745108881441925,0.11746042257499473,0.11746197811977309,1.5555447783616172e-06,9.333219655655034e-06,1.0888764434016651e-05,0.1279426466876503,0.12845908096062927,0.0005164342729789828,0.011007991605290202,0.11745108881441925,0.11745108881441925,0.0,0.0,57,4,0.11745108767431357,False,6,11,69
ridge_teacher,1,3,16,fixed,0.11745108935533907,0.1174510876648355,8,2,7,5,0.11745108767064555,0.11745108767054806,0.11745961324184032,0.11746169522956808,2.0819877277616916e-06,8.523886501243805e-06,1.0605874229005496e-05,0.13859849312651168,0.1392372190040323,0.0006387258775206184,0.021786129648693225,0.11745108767431357,0.11745108767431357,0.0,0.0,60,4,0.11745108767431357,False,3,17,60
ridge_teacher,1,3,16,moving,0.11817556562657543,0.1174510876648355,8,0,6,1,0.11745108817803854,0.11745108881441925,0.11818456863656768,0.11818576265713729,1.194020569611487e-06,9.003009992250566e-06,1.0197030561862053e-05,0.1279426466876503,0.12845908096062927,0.0005164342729789828,0.010283515334053847,0.11745108881441925,0.11745108881441925,0.0,0.0,57,2,0.11745108791002003,False,2,8,22
ridge_teacher,1,3,16,moving,0.11817556562657543,0.1174510876648355,8,1,0,2,0.11745108771077911,0.11745108783656635,0.11818497367277196,0.11818760103789812,2.627365126156578e-06,9.408046196535125e-06,1.2035411322691703e-05,0.1296347256578196,0.13014560044675888,0.0005108747889392695,0.011970034820183453,0.11745108783656635,0.11745108783656635,0.0,0.0,57,4,0.11745108767431357,False,4,6,31
ridge_teacher,1,3,16,moving,0.11817556562657543,0.1174510876648355,8,2,7,4,0.11745108767064555,0.11745108779615708,0.11818253745955053,0.11818554135362365,3.003894073122515e-06,6.971832975100067e-06,9.975727048222582e-06,0.12948404256594684,0.12990647600345553,0.0004224334375086958,0.011730910376880108,0.11745108779615708,0.11745108779615708,0.0,0.0,72,4,0.11745108767431357,True,0,4,22
ridge_teacher,1,3,32,fixed,0.11745108935533907,0.1174510876648355,8,0,5,6,0.1174510881459224,0.11745108891744917,0.11746010426427836,0.11746190864805447,1.8043837761161363e-06,9.014908939286581e-06,1.0819292715402717e-05,0.1277286038787514,0.12823344879322487,0.0005048449144734735,0.010782359437885802,0.11745108891744917,0.11745108891744917,0.0,0.0,81,4,0.11745108767431357,False,12,10,74
ridge_teacher,1,3,32,fixed,0.11745108935533907,0.1174510876648355,8,1,3,0,0.11745108803047437,0.11745108930177985,0.1174600588997145,0.11746201749843765,1.9585987231507396e-06,8.969544375431182e-06,1.0928143098581922e-05,0.12805977299104274,0.1285701385196745,0.0005103655286317621,0.011119049164335426,0.11745108930177985,0.11745108930177985,0.0,0.0,72,4,0.11745108767431357,False,6,10,76
ridge_teacher,1,3,32,fixed,0.11745108935533907,0.1174510876648355,8,2,1,7,0.11745109011370394,0.11745108767865489,0.11745956291338151,0.11746170524434996,2.1423309684437397e-06,8.473558042440543e-06,1.0615889010884283e-05,0.12563364604739993,0.12608866769054902,0.00045502164314908944,0.00863757833520995,0.11745109011370396,0.11745109011370396,0.0,7.583648847786506e-10,81,4,0.11745108767431357,False,9,10,53
ridge_teacher,1,3,32,moving,0.11796337142189035,0.1174510876648355,8,0,7,5,0.11745108767865489,0.1174510881459224,0.11797066747519636,0.11797325023295296,2.5827577566084337e-06,7.296053306002359e-06,9.878811062610793e-06,0.13226474581324604,0.13283551647119016,0.0005707706579441141,0.014872145049299804,0.11745108814592241,0.11745108814592241,0.0,0.0,81,2,0.11745108791002003,True,0,7,39
ridge_teacher,1,3,32,moving,0.11796337142189035,0.1174510876648355,8,1,2,1,0.11745108766488523,0.11745109011370394,0.11796883902242547,0.11797156146033759,2.7224379121199016e-06,5.467600535116746e-06,8.190038447236647e-06,0.12830768669909806,0.12893249092885778,0.0006248042297597178,0.010969119506967426,0.11745109011370396,0.11745109011370396,0.0,0.0,75,2,0.11745108791002003,True,0,8,25
ridge_teacher,1,3,32,moving,0.11796337142189035,0.1174510876648355,8,2,6,3,0.11745108891744917,0.11745108803047437,0.11796431333905033,0.11797295605250764,8.64271345731027e-06,9.41917159977268e-07,9.584630617287537e-06,0.12607728690681425,0.12657281561701558,0.0004955287102013373,0.00860944419512523,0.11745108891744917,0.11745108891744917,0.0,0.0,75,2,0.11745108791002003,True,0,5,15
ridge_teacher,1,3,64,fixed,0.11745108935533907,0.11745108766483539,8,0,1,0,0.117451087918932,0.11745108913308794,0.11745680849781841,0.1174610407007335,4.232202915094296e-06,5.7191424793351375e-06,9.951345394429434e-06,0.13032513235176885,0.1309827335833774,0.0006576012316085456,0.01353164422803832,0.11745108913308794,0.11745108913308794,0.0,0.0,99,4,0.11745108767431357,True,0,13,61
ridge_teacher,1,3,64,fixed,0.11745108935533907,0.11745108766483539,8,1,4,7,0.11745108877884049,0.11745108772216964,0.11746048061702638,0.1174630585043875,2.577887361118747e-06,9.391261687308194e-06,1.1969149048426941e-05,0.1252939538761231,0.12577397169341767,0.0004800178172945646,0.008322882338078597,0.1174510887788405,0.1174510887788405,0.0,0.0,105,4,0.11745108767431357,False,8,9,57
ridge_teacher,1,3,64,fixed,0.11745108935533907,0.11745108766483539,8,2,5,6,0.11745108790647636,0.11745108778149749,0.11745885497796588,0.11746283653118841,3.9815532225373484e-06,7.765622626804136e-06,1.1747175849341485e-05,0.1347295962185372,0.13534616220639267,0.0006165659878554774,0.0178950728510536,0.11745108790647636,0.11745108790647636,0.0,0.0,114,4,0.11745108767431357,False,10,13,80
ridge_teacher,1,3,64,moving,0.11781332743665957,0.11745108766483539,8,0,7,1,0.11745108772216964,0.117451087918932,0.11781485279818714,0.1178226648445962,7.812046409066964e-06,1.5253615275739874e-06,9.337407936640951e-06,0.12570674535156984,0.12627928387442036,0.0005725385228505242,0.008465956437760797,0.117451087918932,0.117451087918932,0.0,0.0,102,2,0.11745108791002003,True,0,6,24
ridge_teacher,1,3,64,moving,0.11781332743665957,0.11745108766483539,8,1,2,3,0.11745108766499728,0.11745108812733246,0.1178205152592037,0.1178235150173368,2.9997581331014933e-06,7.187822544135747e-06,1.018758067723724e-05,0.12711045332741505,0.12766298481293545,0.0005525314855203967,0.009849657376275883,0.11745108812733246,0.11745108812733246,0.0,0.0,114,2,0.11745108791002003,False,2,5,31
ridge_teacher,1,3,64,moving,0.11781332743665957,0.11745108766483539,8,2,6,0,0.11745108778149749,0.11745108913308794,0.11780628380809655,0.11782199274466074,1.570893656419048e-05,0.0,8.665308001171157e-06,0.1313157274120921,0.13203043883883295,0.0007147114267408439,0.014217111402173382,0.11745108913308794,0.11745108913308794,0.0,0.0,105,2,0.11745108791002003,True,0,9,20
ridge_teacher,1,3,128,fixed,0.11745108935533907,0.11745108766483539,8,0,2,1,0.11745108794619474,0.11745108794094594,0.11746012435340147,0.11746244522641375,2.320873012273683e-06,9.0349980624016e-06,1.1355871074675283e-05,0.12544673581342994,0.1260011611028055,0.0005544252893755486,0.008550071747466415,0.11745108794619474,0.11745108794619474,0.0,0.0,144,4,0.11745108767431357,False,8,9,71
ridge_teacher,1,3,128,fixed,0.11745108935533907,0.11745108766483539,8,1,0,7,0.11745108775222463,0.11745108766714232,0.11746061475893674,0.11746267885020106,2.064091264325496e-06,9.525403597665516e-06,1.1589494861991012e-05,0.12809963995697932,0.128663615818499,0.0005639758615196833,0.011212526463159928,0.11745108775222463,0.11745108775222463,0.0,0.0,156,4,0.11745108767431357,False,8,10,72
ridge_teacher,1,3,128,fixed,0.11745108935533907,0.11745108766483539,8,2,4,5,0.11745108871126214,0.11745108946596913,0.11746097900790377,0.11746387134657876,2.892338674995165e-06,9.889652564695761e-06,1.2781991239690926e-05,0.12494628101300043,0.12545522872352077,0.0005089477105203466,0.0080041393681817,0.11745108946596913,0.11745108946596913,0.0,1.1063006066791559e-10,144,4,0.11745108767431357,False,16,9,70
ridge_teacher,1,3,128,moving,0.11770723060755967,0.11745108766483539,8,0,7,1,0.11745108766714232,0.11745108794094594,0.1177150384995462,0.1177172425958976,2.2040963513908496e-06,7.80789198653875e-06,1.00119883379296e-05,0.12677519649619912,0.12732196303328888,0.0005467665370897656,0.009614732425729217,0.11745108794094594,0.11745108794094594,0.0,0.0,153,2,0.11745108791002003,False,1,9,27
ridge_teacher,1,3,128,moving,0.11770723060755967,0.11745108766483539,8,1,0,2,0.11745108775222463,0.11745108794619474,0.11771393995083475,0.11771657826805082,2.6383172160721058e-06,6.7093432750825466e-06,9.347660491154652e-06,0.12508755675092775,0.12560928362729665,0.0005217268763688943,0.007902053019736982,0.11745108794619474,0.11745108794619474,0.0,0.0,147,2,0.11745108791002003,True,0,5,37
ridge_teacher,1,3,128,moving,0.11770723060755967,0.11745108766483539,8,2,4,5,0.11745108871126214,0.11745108946596913,0.11771465303639218,0.11771695635534822,2.3033189560373035e-06,7.422428832518091e-06,9.725747788555394e-06,0.12494628101300043,0.12545522872352077,0.0005089477105203466,0.007747998115961108,0.11745108946596913,0.11745108946596913,0.0,0.0,144,2,0.11745108791002003,True,0,7,23
ridge_teacher,1,4,8,fixed,0.11745108935533907,0.1174510876648598,8,0,3,0,0.1174510876677449,0.11745108769020728,0.1174589393831269,0.11746241018739431,3.4708042674080897e-06,7.850027787831282e-06,1.1320832055239372e-05,0.1386562583541144,0.13919650050401758,0.0005402421499031695,0.021745411148678506,0.16840059886483053,0.16840059886483053,0.0,0.05094950950949145,14,4,0.11745108767431357,False,2,14,64
ridge_teacher,1,4,8,fixed,0.11745108935533907,0.1174510876648598,8,1,6,2,0.11745108801622192,0.11745108792958212,0.11746089502428946,0.11746201117883347,1.116154544011927e-06,9.805668950382818e-06,1.0921823494394745e-05,0.12133579121736676,0.12158613611503201,0.00025034489766524726,0.004135046759692937,0.11745108801622195,0.11745108801622195,0.0,0.0,23,4,0.11745108767431357,False,6,7,37
ridge_teacher,1,4,8,fixed,0.11745108935533907,0.1174510876648598,8,2,5,7,0.11745108901532506,0.11745108766529055,0.11745938630564444,0.11746142179856872,2.0354929242821784e-06,8.296950305367035e-06,1.0332443229649213e-05,0.1260851195511385,0.1265467306631973,0.00046161111205880734,0.009095641307858227,0.11745108901532508,0.11745108901532508,0.0,0.0,29,4,0.11745108767431357,False,2,10,45
ridge_teacher,1,4,8,moving,0.11847565359473951,0.1174510876648598,8,0,1,2,0.11745108852809966,0.11745108792958212,0.1184801094589067,0.11848551519960136,5.405740694658379e-06,4.455864167196566e-06,9.861604861854945e-06,0.13460039978920413,0.13520296004860743,0.0006025602594033064,0.016727306453867927,0.11745108852809966,0.11745108852809966,0.0,0.0,30,2,0.11745108791002003,True,0,9,21
ridge_teacher,1,4,8,moving,0.11847565359473951,0.1174510876648598,8,1,7,4,0.11745108766529055,0.1174510876648598,0.11844199687316534,0.11846194935659007,1.9952483424734435e-05,0.0,0.0,0.12232233221412936,0.12266030675877941,0.00033797454465005206,0.004184653164039903,0.11745108767431357,0.11745108767431357,0.0,0.0,26,4,0.11745108767431357,True,0,3,6
ridge_teacher,1,4,8,moving,0.11847565359473951,0.1174510876648598,8,2,6,5,0.11745108801622192,0.11745108901532506,0.11846675718498814,0.11848562293284161,1.8865747853466508e-05,0.0,9.969338102100433e-06,0.13320155480237697,0.13371160787457934,0.0005100530722023655,0.015235954279839828,0.11745108901532506,0.11745108901532506,0.0,0.0,35,2,0.11745108791002003,True,0,9,16
ridge_teacher,1,4,16,fixed,0.11745108935533907,0.1174510876648355,8,0,5,2,0.11745108766485315,0.11745108903087334,0.1174608568331324,0.11746265081714556,1.7939840131625528e-06,9.76747779332654e-06,1.1561461806489093e-05,0.12717302104356645,0.12772182044683386,0.0005487994032674082,0.01027073109149479,0.11745108903087334,0.11745108903087334,0.0,0.0,54,4,0.11745108767431357,False,16,12,67
ridge_teacher,1,4,16,fixed,0.11745108935533907,0.1174510876648355,8,1,7,3,0.11745108857970174,0.117451087854347,0.11746099525122791,0.11746366839536186,2.673144133949479e-06,9.905895888839833e-06,1.2579040022789312e-05,0.12565731242276346,0.1259805118508569,0.0003231994280934458,0.00852942249551783,0.11745108857970174,0.11745108857970174,0.0,0.0,60,4,0.11745108767431357,False,19,8,71
ridge_teacher,1,4,16,fixed,0.11745108935533907,0.1174510876648355,8,2,0,1,0.11745108771981323,0.11745108910519995,0.11745975172648195,0.11746107419779589,1.3224713139442512e-06,8.662371142872938e-06,9.984842456817189e-06,0.1236170131680592,0.12403343662595447,0.00041642345789526247,0.0065823472706153935,0.11745108910519995,0.11745108910519995,0.0,0.0,57,4,0.11745108767431357,True,0,9,50
ridge_teacher,1,4,16,moving,0.11817556562657543,0.1174510876648355,8,0,4,3,0.11745108794089139,0.117451087854347,0.11817840550606348,0.11818550722298816,7.101716924681756e-06,2.839879488056307e-06,9.941596412738063e-06,0.12963868664197778,0.1301975527639513,0.0005588661219735336,0.012021987137375886,0.11745108794089139,0.11745108794089139,0.0,0.0,54,2,0.11745108791002003,True,0,5,17
ridge_teacher,1,4,16,moving,0.11817556562657543,0.1174510876648355,8,1,5,2,0.11745108766485315,0.11745108903087334,0.1181842811957416,0.11818638750518753,2.1063094459289333e-06,8.715569166178883e-06,1.0821878612107816e-05,0.12717302104356645,0.12772182044683386,0.0005487994032674082,0.009546254820258435,0.11745108903087334,0.11745108903087334,0.0,0.0,54,2,0.11745108791002003,False,4,5,37
ridge_teacher,1,4,16,moving,0.11817556562657543,0.1174510876648355,8,2,1,7,0.11745108910519995,0.11745108857970174,0.11817496617756623,0.11818195365679235,6.987479226117088e-06,0.0,6.388030216922247e-06,0.12799538848666825,0.12851830797467123,0.0005229194880029819,0.010342742348095804,0.11745108910519995,0.11745108910519995,0.0,0.0,60,2,0.11745108791002003,True,0,7,22
ridge_teacher,1,4,32,fixed,0.11745108935533907,0.1174510876648355,8,0,2,0,0.11745108858567871,0.11745108800718704,0.11746077617065129,0.11746321079862972,2.4346279784287495e-06,9.68681531221538e-06,1.212144329064413e-05,0.12775627412574106,0.12824332428413793,0.00048705015839686783,0.010792234928798855,0.11745108858567871,0.11745108858567871,0.0,0.0,75,4,0.11745108767431357,False,6,11,63
ridge_teacher,1,4,32,fixed,0.11745108935533907,0.1174510876648355,8,1,1,6,0.11745109020063152,0.11745108782964626,0.11745845197935419,0.11746116212389833,2.7101445441435335e-06,7.3626240151142275e-06,1.0072768559257761e-05,0.12786486483249085,0.12835947260052888,0.0004946077680380301,0.010908383245189807,0.11745109020063152,0.11745109020063152,0.0,8.452924471491485e-10,84,4,0.11745108767431357,False,2,11,54
ridge_teacher,1,4,32,fixed,0.11745108935533907,0.1174510876648355,8,2,7,3,0.11745108809306666,0.1174510879271478,0.11746083837378672,0.11746292152774385,2.0831539571247726e-06,9.749018447649527e-06,1.18321724047743e-05,0.1276505866710586,0.12819818353666,0.0005475968656013797,0.010747094181320915,0.11745108809306666,0.11745108809306666,0.0,0.0,78,4,0.11745108767431357,False,8,11,67
ridge_teacher,1,4,32,moving,0.11796337142189035,0.1174510876648355,8,0,5,1,0.11745108766835377,0.11745109020063152,0.11796611719062264,0.1179703236370205,4.206446397855834e-06,2.7457687322846036e-06,6.952215130140438e-06,0.12749415486860616,0.12794255686899372,0.0004484020003875655,0.00997918544710337,0.11745109020063152,0.11745109020063152,0.0,0.0,78,2,0.11745108791002003,True,0,6,17
ridge_teacher,1,4,32,moving,0.11796337142189035,0.1174510876648355,8,1,7,3,0.11745108809306666,0.1174510879271478,0.11795826672798575,0.1179726188731286,1.4352145142851325e-05,0.0,9.247451238245108e-06,0.1276505866710586,0.12819818353666,0.0005475968656013797,0.010234812114769634,0.11745108809306666,0.11745108809306666,0.0,0.0,78,2,0.11745108791002003,True,0,6,14
ridge_teacher,1,4,32,moving,0.11796337142189035,0.1174510876648355,8,2,0,2,0.11745108800718704,0.11745108858567871,0.11796959103211149,0.11797247045604026,2.879423928764391e-06,6.21961022113926e-06,9.099034149903651e-06,0.12775627412574106,0.12824332428413793,0.00048705015839686783,0.010279952862247574,0.11745108858567871,0.11745108858567871,0.0,0.0,75,2,0.11745108791002003,True,0,6,22
ridge_teacher,1,4,64,fixed,0.11745108935533907,0.11745108766483539,8,0,2,3,0.11745108866008436,0.11745108931737691,0.11745816699648225,0.11746095756614847,2.790569666219489e-06,7.07764114317444e-06,9.868210809393929e-06,0.12800879972684795,0.12855016224308297,0.0005413625162350166,0.011099072887743894,0.11745108931737691,0.11745108931737691,0.0,0.0,117,4,0.11745108767431357,True,0,10,70
ridge_teacher,1,4,64,fixed,0.11745108935533907,0.11745108766483539,8,1,6,4,0.11745109006910187,0.11745108769687446,0.11746024436299457,0.11746199774216501,1.753379170438274e-06,9.155007655498038e-06,1.0908386825936311e-05,0.1272638701549147,0.12780617657528692,0.0005423064203722294,0.01035508721994785,0.11745109006910187,0.11745109006910187,0.0,7.137627988651474e-10,111,4,0.11745108767431357,False,12,10,84
ridge_teacher,1,4,64,fixed,0.11745108935533907,0.11745108766483539,8,2,1,5,0.11745108841141437,0.11745108821211624,0.11746031170833368,0.11746199401710977,1.6823087760908795e-06,9.22235299460894e-06,1.090466177069982e-05,0.12207148004541017,0.12250026782631514,0.0004287877809049656,0.005049178470976065,0.11745108841141437,0.11745108841141437,0.0,0.0,102,4,0.11745108767431357,False,16,8,73
ridge_teacher,1,4,64,moving,0.11781332743665957,0.11745108766483539,8,0,7,0,0.11745108900388597,0.11745108781569183,0.11781224239393556,0.11782301995871354,1.0777564777977866e-05,0.0,9.692522053975083e-06,0.1282834854749246,0.12893361709691564,0.0006501316219910402,0.011120289660256077,0.11745108900388597,0.11745108900388597,0.0,0.0,108,2,0.11745108791002003,True,0,8,25
ridge_teacher,1,4,64,moving,0.11781332743665957,0.11745108766483539,8,1,5,1,0.11745108821211624,0.11745108841141437,0.11782284770253156,0.11782536451568731,2.5168131557590234e-06,9.520265871990063e-06,1.2037079027749087e-05,0.12207148004541017,0.12250026782631514,0.0004287877809049656,0.004686940389655572,0.11745108841141437,0.11745108841141437,0.0,0.0,102,2,0.11745108791002003,False,4,4,22
ridge_teacher,1,4,64,moving,0.11781332743665957,0.11745108766483539,8,2,6,4,0.11745109006910187,0.11745108769687446,0.11781376389677459,0.11782331310543155,9.549208656964292e-06,4.364601150219638e-07,9.985668771986256e-06,0.1272638701549147,0.12780617657528692,0.0005423064203722294,0.009992849138627358,0.11745109006910187,0.11745109006910187,0.0,0.0,111,2,0.11745108791002003,True,0,7,24
ridge_teacher,1,4,128,fixed,0.11745108935533907,0.11745108766483539,8,0,5,6,0.11745109015709301,0.11745108768085653,0.1174604008227698,0.11746272120786955,2.32038509974386e-06,9.311467430730969e-06,1.1631852530474829e-05,0.12433572950443386,0.12483387426670117,0.0004981447622673107,0.0073827849113621,0.11745109015709301,0.11745109015709301,0.0,8.017539410154484e-10,141,4,0.11745108767431357,False,8,9,67
ridge_teacher,1,4,128,fixed,0.11745108935533907,0.11745108766483539,8,1,1,2,0.11745108798445672,0.11745108773201672,0.11745979726097396,0.1174616130955588,1.8158345848479085e-06,8.707905634883217e-06,1.0523740219731126e-05,0.12469212352011554,0.12520083285215117,0.0005087093320356312,0.007749743496812095,0.11745108798445675,0.11745108798445675,0.0,0.0,141,4,0.11745108767431357,False,4,10,72
ridge_teacher,1,4,128,fixed,0.11745108935533907,0.11745108766483539,8,2,4,3,0.11745108799059881,0.11745108846433483,0.11746047896217676,0.1174628898809453,2.4109187685417144e-06,9.389606837689746e-06,1.180052560623146e-05,0.1266552891556775,0.12718744692475215,0.0005321577690746426,0.009736357569413073,0.11745108846433483,0.11745108846433483,0.0,0.0,156,4,0.11745108767431357,False,10,8,92
ridge_teacher,1,4,128,moving,0.11770723060755967,0.11745108766483539,8,0,4,3,0.11745108799059881,0.11745108846433483,0.11770915418212985,0.11771722871862812,8.074536498273166e-06,1.9235745701839946e-06,9.99811106845716e-06,0.1266552891556775,0.12718744692475215,0.0005321577690746426,0.00948021631719248,0.11745108846433483,0.11745108846433483,0.0,0.0,156,2,0.11745108791002003,True,0,9,21
ridge_teacher,1,4,128,moving,0.11770723060755967,0.11745108766483539,8,1,7,2,0.11745108791841948,0.11745108773201672,0.1177156809626923,0.11771783229076906,2.1513280767521126e-06,8.450355132638698e-06,1.0601683209390811e-05,0.12664470668858924,0.12720446376919564,0.0005597570806064045,0.009497233161635976,0.11745108791841948,0.11745108791841948,0.0,0.0,138,2,0.11745108791002003,False,6,8,39
ridge_teacher,1,4,128,moving,0.11770723060755967,0.11745108766483539,8,2,5,1,0.11745109015709301,0.11745108798445672,0.11770428933745533,0.11771703157949286,1.2742242037525053e-05,0.0,9.80097193319096e-06,0.12830011978724845,0.12892880924677982,0.000628689459531373,0.011221578639220159,0.11745109015709301,0.11745109015709301,0.0,0.0,144,2,0.11745108791002003,True,0,9,26
ridge_teacher,1,5,8,fixed,0.11745108935533907,0.1174510876648598,8,0,7,6,0.11745108797821259,0.11745108768164528,0.11745767615308951,0.11746096620807851,3.2900549890024777e-06,6.586797750438023e-06,9.8768527394405e-06,0.127332472126652,0.12780642451582405,0.0004739523891720554,0.01035533516048498,0.11745108797821259,0.11745108797821259,0.0,0.0,29,4,0.11745108767431357,True,0,10,37
ridge_teacher,1,5,8,fixed,0.11745108935533907,0.1174510876648598,8,1,2,5,0.11745108806344301,0.11745108801550357,0.11745784016954222,0.11746100280795044,3.1626384082161785e-06,6.750814203149158e-06,9.913452611365337e-06,0.1372672022135686,0.13783245975117855,0.0005652575376099422,0.020381370395839482,0.15133517206568792,0.15133517206568792,0.0,0.033884082710348845,20,4,0.11745108767431357,True,0,15,56
ridge_teacher,1,5,8,fixed,0.11745108935533907,0.1174510876648598,8,2,0,1,0.11745108782521453,0.11745108805085888,0.11745947454306234,0.11746113930403558,1.6647609732411972e-06,8.385187723267129e-06,1.0049948696508326e-05,0.12381557734170578,0.12414425136759998,0.0003286740258941906,0.006693162012260903,0.11745108805085888,0.11745108805085888,0.0,0.0,25,4,0.11745108767431357,False,2,11,41
ridge_teacher,1,5,8,moving,0.11847565359473951,0.1174510876648598,8,0,4,5,0.11745109049896738,0.11745108801550357,0.11844977821014174,0.11847673436907608,2.6956158934332564e-05,0.0,1.0807743365676137e-06,0.1268090999145786,0.12722973680861593,0.00042063689403734617,0.008754083213876426,0.11745109049896738,0.11745109049896738,0.0,0.0,28,2,0.11745108791002003,True,0,4,10
ridge_teacher,1,5,8,moving,0.11847565359473951,0.1174510876648598,8,1,7,3,0.11745108797821259,0.11745108772737696,0.11847418836843072,0.1184841419356232,9.953567192480528e-06,0.0,8.48834088369721e-06,0.1387965182188512,0.13942012925582004,0.0006236110369688408,0.020944475661080528,0.11745108797821259,0.11745108797821259,0.0,0.0,33,2,0.11745108791002003,True,0,9,20
ridge_teacher,1,5,8,moving,0.11847565359473951,0.1174510876648598,8,2,2,0,0.11745108806344301,0.11745108782521453,0.11846025347812522,0.1184781855639904,1.7932085865174363e-05,0.0,2.5319692508879443e-06,0.12328294585727174,0.12355777569479834,0.00027482983752659396,0.005082122100058831,0.11745108806344301,0.11745108806344301,0.0,0.0,31,4,0.11745108767431357,True,0,4,8
ridge_teacher,1,5,16,fixed,0.11745108935533907,0.1174510876648355,8,0,1,6,0.11745108888057322,0.11745108940499165,0.11745778040800464,0.11746105275859915,3.272350594510365e-06,6.6910526655694635e-06,9.963403260079828e-06,0.12318284640135387,0.12346195369444275,0.00027910729308888715,0.00601086433910368,0.11745108940499165,0.11745108940499165,0.0,4.9652573719249915e-11,54,4,0.11745108767431357,True,0,10,29
ridge_teacher,1,5,16,fixed,0.11745108935533907,0.1174510876648355,8,1,7,3,0.11745108876102825,0.11745108769479973,0.11745798746516131,0.11746076903677591,2.7815716145962455e-06,6.898109822239817e-06,9.679681436836063e-06,0.13004135332816,0.1306111259418769,0.0005697726137169068,0.013160036586537832,0.11745108876102825,0.11745108876102825,0.0,0.0,39,4,0.11745108767431357,True,0,12,58
ridge_teacher,1,5,16,fixed,0.11745108935533907,0.1174510876648355,8,2,4,2,0.1174510877185873,0.1174510881156179,0.1174592378143461,0.11746177622338375,2.538409037647349e-06,8.14845900702632e-06,1.068686804467367e-05,0.1339306736478506,0.13440354564893878,0.0004728720010881704,0.016952456293599705,0.1174510881156179,0.1174510881156179,0.0,0.0,57,4,0.11745108767431357,False,4,14,68
ridge_teacher,1,5,16,moving,0.11817556562657543,0.1174510876648355,8,0,1,3,0.11745108888057322,0.11745108769479973,0.11818067457496435,0.11818435558406987,3.6810091055133887e-06,5.108948388926615e-06,8.789957494440004e-06,0.13104562541771111,0.13158247037333068,0.0005368449556195642,0.013406904746755252,0.11745108888057322,0.11745108888057322,0.0,0.0,39,2,0.11745108791002003,True,0,6,19
ridge_teacher,1,5,16,moving,0.11817556562657543,0.1174510876648355,8,1,2,6,0.1174510881156179,0.11745108940499165,0.11817127451434534,0.11818444894849706,1.3174434151719261e-05,0.0,8.883321921629439e-06,0.1292002813119711,0.1297340268369198,0.0005337455249487255,0.011558461210344387,0.11745108940499165,0.11745108940499165,0.0,0.0,57,2,0.11745108791002003,True,0,5,14
ridge_teacher,1,5,16,moving,0.11817556562657543,0.1174510876648355,8,2,7,4,0.11745108876102825,0.1174510877185873,0.1181800514580627,0.11818529480194497,5.243343882271878e-06,4.485831487266445e-06,9.729175369538323e-06,0.12690904504914474,0.1273248707913307,0.00041582574218596013,0.009149305164755275,0.11745108876102825,0.11745108876102825,0.0,0.0,54,2,0.11745108791002003,True,0,5,16
ridge_teacher,1,5,32,fixed,0.11745108935533907,0.1174510876648355,8,0,5,7,0.11745108766488296,0.11745108772297871,0.11745965598132993,0.11746095336303881,1.297381708884049e-06,8.56662599085789e-06,9.864007699741939e-06,0.12730017124308815,0.12786618484419512,0.0005660136011069739,0.010415095488856052,0.11745108772297871,0.11745108772297871,0.0,0.0,81,4,0.11745108767431357,True,0,12,63
ridge_teacher,1,5,32,fixed,0.11745108935533907,0.1174510876648355,8,1,6,1,0.1174510878816202,0.11745108872574571,0.1174570947462721,0.1174610497573323,3.9550110602082356e-06,6.005390933025434e-06,9.96040199323367e-06,0.12685863918532223,0.12736575377130657,0.0005071145859843473,0.0099146644159675,0.11745108872574571,0.11745108872574571,0.0,0.0,87,4,0.11745108767431357,True,0,11,52
ridge_teacher,1,5,32,fixed,0.11745108935533907,0.1174510876648355,8,2,4,2,0.11745108769308797,0.11745108768204959,0.11746067323228593,0.11746290760358656,2.2343713006328647e-06,9.583876946855918e-06,1.1818248247488783e-05,0.12890678925440915,0.12941972980750835,0.0005129405530991948,0.011968640452169277,0.11745108769308797,0.11745108769308797,0.0,0.0,87,4,0.11745108767431357,False,10,9,82
ridge_teacher,1,5,32,moving,0.11796337142189035,0.1174510876648355,8,0,4,2,0.11745108769308797,0.11745108768204959,0.11796396285628906,0.11797248888675681,8.526030467748136e-06,5.914343987056814e-07,9.117464866453817e-06,0.12890678925440915,0.12941972980750835,0.0005129405530991948,0.011456358385617996,0.11745108769308797,0.11745108769308797,0.0,0.0,87,4,0.11745108767431357,True,0,7,18
ridge_teacher,1,5,32,moving,0.11796337142189035,0.1174510876648355,8,1,6,7,0.1174510878816202,0.11745108772297871,0.11797241295855468,0.11797412367154649,1.7107129918064734e-06,9.04153666432539e-06,1.0752249656131863e-05,0.1258738667833009,0.12630594688105248,0.00043208009775158596,0.00834257545916213,0.1174510878816202,0.1174510878816202,0.0,0.0,81,4,0.11745108767431357,False,5,6,33
ridge_teacher,1,5,32,moving,0.11796337142189035,0.1174510876648355,8,2,5,3,0.11745108766488296,0.11745108931027415,0.11794936852245853,0.11797210326997182,2.273474751328386e-05,0.0,8.7318480814641e-06,0.12169040537472237,0.12208210080902822,0.00039169543430585263,0.004118729387137865,0.11745108931027415,0.11745108931027415,0.0,0.0,66,2,0.11745108791002003,True,0,5,12
ridge_teacher,1,5,64,fixed,0.11745108935533907,0.11745108766483539,8,0,0,4,0.11745108815688049,0.1174510897494465,0.11746057669308445,0.11746365219313191,3.075500047466928e-06,9.487337745375801e-06,1.256283779284273e-05,0.13109682548429447,0.13178163670772544,0.0006848112234309756,0.014330547352386369,0.1174510897494465,0.1174510897494465,0.0,3.9410742724843573e-10,120,4,0.11745108767431357,False,14,11,79
ridge_teacher,1,5,64,fixed,0.11745108935533907,0.11745108766483539,8,1,6,3,0.11745108774145718,0.11745108864758524,0.11746099085386098,0.11746296505797552,1.9742041145326406e-06,9.901498521910912e-06,1.1875702636443553e-05,0.12626376407929626,0.12677127687498269,0.0005075127956864212,0.009320187519643613,0.11745108864758524,0.11745108864758524,0.0,0.0,99,4,0.11745108767431357,False,18,10,79
ridge_teacher,1,5,64,fixed,0.11745108935533907,0.11745108766483539,8,2,1,7,0.11745108789572714,0.11745108766529555,0.1174610731549007,0.11746272665298413,1.6534980834259638e-06,9.983799561630313e-06,1.1637297645056277e-05,0.1265427260655322,0.12703931408158328,0.0004965880160510694,0.00958822472624421,0.11745108789572714,0.11745108789572714,0.0,0.0,105,4,0.11745108767431357,False,8,10,62
ridge_teacher,1,5,64,moving,0.11781332743665957,0.11745108766483539,8,0,6,2,0.11745108774145718,0.11745108827450719,0.11781327451371074,0.1178229115391842,9.637025473463456e-06,0.0,9.584102524634597e-06,0.13119739729623012,0.13187609526901448,0.000678697972784359,0.014062767832354911,0.11745108827450719,0.11745108827450719,0.0,0.0,99,2,0.11745108791002003,True,0,9,24
ridge_teacher,1,5,64,moving,0.11781332743665957,0.11745108766483539,8,1,7,5,0.11745108766529555,0.11745108778678538,0.11781955414697999,0.11782303141769473,3.4772707147440185e-06,6.226710320425544e-06,9.703981035169562e-06,0.12248025415777873,0.12284511397528138,0.00036485981750264407,0.00503178653862181,0.1174510877867854,0.1174510877867854,0.0,0.0,114,4,0.11745108767431357,True,0,5,19
ridge_teacher,1,5,64,moving,0.11781332743665957,0.11745108766483539,8,2,4,1,0.1174510897494465,0.11745108789572714,0.1178086036758612,0.11782285694362399,1.42532677627899e-05,0.0,9.529506964423007e-06,0.1224296793890007,0.12285691789475979,0.00042723850575908384,0.005043590458100225,0.1174510897494465,0.1174510897494465,0.0,0.0,102,2,0.11745108791002003,True,0,5,12
ridge_teacher,1,5,128,fixed,0.11745108935533907,0.11745108766483539,8,0,3,0,0.11745108905766997,0.11745108781779359,0.11745946060343411,0.11746185759645192,2.396993017808602e-06,8.371248095037642e-06,1.0768241112846244e-05,0.12804727784262446,0.12861700506154564,0.0005697272189211788,0.011165915706206564,0.11745108905766997,0.11745108905766997,0.0,0.0,135,4,0.11745108767431357,False,6,11,77
ridge_teacher,1,5,128,fixed,0.11745108935533907,0.11745108766483539,8,1,2,7,0.1174510882197435,0.1174510892056188,0.11745928098039861,0.11746151185016598,2.2308697673750766e-06,8.191625059536523e-06,1.0422494826911599e-05,0.12876974808417896,0.12941179385890542,0.0006420457747264574,0.011960704503566344,0.1174510892056188,0.1174510892056188,0.0,0.0,150,4,0.11745108767431357,False,4,13,71
ridge_teacher,1,5,128,fixed,0.11745108935533907,0.11745108766483539,8,2,1,5,0.11745108770157149,0.11745108771837001,0.1174591826340828,0.11746204285387464,2.860219791844809e-06,8.093278743723231e-06,1.095349853556804e-05,0.12813951187591896,0.12876469998405746,0.0006251881081384969,0.011313610628718385,0.11745108771837001,0.11745108771837001,0.0,0.0,159,4,0.11745108767431357,False,6,12,71
ridge_teacher,1,5,128,moving,0.11770723060755967,0.11745108766483539,8,0,7,6,0.1174510892056188,0.11745108972122673,0.11770622038149015,0.11771577622611991,9.555844629763333e-06,0.0,8.545618560243384e-06,0.1267999986109743,0.12736843997597927,0.0005684413650049736,0.009661209368419604,0.11745108972122673,0.11745108972122673,0.0,0.0,162,2,0.11745108791002003,True,0,11,24
ridge_teacher,1,5,128,moving,0.11770723060755967,0.11745108766483539,8,1,2,1,0.1174510882197435,0.11745108770157149,0.11771467791381711,0.11771681717329689,2.1392594797831066e-06,7.44730625744372e-06,9.586565737226826e-06,0.12770082037918487,0.1283227192481234,0.0006218988689385418,0.010615488640563747,0.1174510882197435,0.1174510882197435,0.0,0.0,141,2,0.11745108791002003,True,0,10,27
ridge_teacher,1,5,128,moving,0.11770723060755967,0.11745108766483539,8,2,0,5,0.11745108781779359,0.11745108771837001,0.11771233605332727,0.11771695770328867,4.621649961400465e-06,5.1054457676086296e-06,9.727095729009094e-06,0.125521201984525,0.126018703647488,0.0004975016629630014,0.008311473039928324,0.11745108781779359,0.11745108781779359,0.0,0.0,153,4,0.11745108767431357,True,0,8,31
ridge_teacher,1,6,8,fixed,0.11745108935533907,0.1174510876648598,8,0,6,3,0.11745108793357875,0.117451087756875,0.11745676663982156,0.1174609504867314,4.183846909838751e-06,5.67728448248872e-06,9.861131392327471e-06,0.12201530176193767,0.12225006912496808,0.00023476736303040813,0.004798979769629008,0.15132552321837925,0.15132552321837925,0.0,0.033874433863040176,20,4,0.11745108767431357,True,0,10,28
ridge_teacher,1,6,8,fixed,0.11745108935533907,0.1174510876648598,8,1,5,1,0.11745108772034996,0.11745108781467574,0.11746015836099938,0.11746068870378346,5.303427840774866e-07,9.069005660305995e-06,9.599348444383482e-06,0.12405535754080209,0.1243028124665807,0.0002474549257786146,0.006851723111241631,0.11745108781467574,0.11745108781467574,0.0,0.0,23,4,0.11745108767431357,True,0,9,36
ridge_teacher,1,6,8,fixed,0.11745108935533907,0.1174510876648598,8,2,4,7,0.11745108850282719,0.11745108769437436,0.13810613157861873,0.13859557560133667,0.0004894440227179442,0.020655042223279657,0.0211444862459976,0.13810613157861873,0.13859557560133667,0.0004894440227179442,0.0211444862459976,0.11745108850282719,0.11745108850282719,0.0,0.0,19,4,0.11745108767431357,False,1,0,2
ridge_teacher,1,6,8,moving,0.11847565359473951,0.1174510876648598,8,0,4,3,0.11745108850282719,0.117451087756875,0.1184629900601762,0.11847509062169843,1.210056152223249e-05,0.0,0.0,0.12107359017891466,0.12131833458839181,0.0002447444094771517,0.0028426809936522995,0.11745108850282719,0.11745108850282719,0.0,0.0,25,2,0.11745108791002003,True,0,4,8
ridge_teacher,1,6,8,moving,0.11847565359473951,0.1174510876648598,8,1,7,6,0.11745108769437436,0.11745108793357875,0.11848476805187824,0.1184856799636832,9.119118049571995e-07,9.114457138734156e-06,1.0026368943691355e-05,0.12512472884813985,0.1254504893190731,0.0003257604709332451,0.006974835724333592,0.11745108793357875,0.11745108793357875,0.0,0.0,34,2,0.11745108791002003,False,2,4,21
ridge_teacher,1,6,8,moving,0.11847565359473951,0.1174510876648598,8,2,0,2,0.11745109042910695,0.11745108965422218,0.11847571998253686,0.11848547237667087,9.752394134004971e-06,6.638779735668177e-08,9.818781931361653e-06,0.13131767473758507,0.1319730871009222,0.0006554123633371323,0.013497433506182696,0.11745109042910695,0.11745109042910695,0.0,0.0,30,2,0.11745108791002003,True,0,10,20
ridge_teacher,1,6,16,fixed,0.11745108935533907,0.1174510876648355,8,0,4,3,0.11745108768929749,0.11745108817586263,0.11746013958521122,0.11746387574829649,3.736163085271693e-06,9.050229872145654e-06,1.2786392957417347e-05,0.12811133827015583,0.12855296557297227,0.0004416273028164386,0.0111018762176332,0.11745108817586265,0.11745108817586265,0.0,0.0,48,4,0.11745108767431357,False,6,11,46
ridge_teacher,1,6,16,fixed,0.11745108935533907,0.1174510876648355,8,1,2,5,0.11745108863068598,0.11745108768145261,0.11746104645650793,0.11746239058415146,1.3441276435349758e-06,9.957101168855953e-06,1.1301228812390929e-05,0.12818373522602322,0.12865110202249963,0.00046736679647640944,0.011200012667160558,0.11745108863068598,0.11745108863068598,0.0,0.0,60,4,0.11745108767431357,False,8,11,69
ridge_teacher,1,6,16,fixed,0.11745108935533907,0.1174510876648355,8,2,0,1,0.11745108823801276,0.11745108775370644,0.11746034489246078,0.1174613737097566,1.0288172958144992e-06,9.255537121707902e-06,1.0284354417522401e-05,0.12689847788407513,0.12747314309263183,0.0005746652085567017,0.010022053737292758,0.11745108823801276,0.11745108823801276,0.0,0.0,45,4,0.11745108767431357,False,4,12,63
ridge_teacher,1,6,16,moving,0.11817556562657543,0.1174510876648355,8,0,1,5,0.11745108775370644,0.11745108768145261,0.11818214386327142,0.11818452338525373,2.3795219823152802e-06,6.578236695989337e-06,8.957758678304617e-06,0.13273845441354445,0.1333256489336666,0.0005871945201221529,0.01515008330709118,0.11745108775370644,0.11745108775370644,0.0,0.0,48,4,0.11745108767431357,True,0,7,26
ridge_teacher,1,6,16,moving,0.11817556562657543,0.1174510876648355,8,1,2,6,0.11745108863068598,0.1174510878918416,0.11818172756845832,0.1181853998809336,3.6723124752779945e-06,6.16194188289565e-06,9.834254358173644e-06,0.1237393279872977,0.1242161538763925,0.00047682588909479795,0.006040588249817069,0.11745108863068598,0.11745108863068598,0.0,0.0,54,2,0.11745108791002003,True,0,4,20
ridge_teacher,1,6,16,moving,0.11817556562657543,0.1174510876648355,8,2,7,4,0.11745108913925718,0.11745108768929749,0.118176334101744,0.118185461862762,9.127761018010161e-06,7.684751685693714e-07,9.896236186579532e-06,0.13150771908437447,0.13206165209399082,0.000553933009616342,0.01388608646741539,0.11745108913925718,0.11745108913925718,0.0,0.0,63,2,0.11745108791002003,True,0,9,21
ridge_teacher,1,6,32,fixed,0.11745108935533907,0.1174510876648355,8,0,3,6,0.11745109169309158,0.11745108789070226,0.11745928689670397,0.11746215300528619,2.8661085822168086e-06,8.197541364898808e-06,1.1063649947115617e-05,0.13273985140603856,0.1333036772017683,0.0005638257957297499,0.015852587846429234,0.11745109169309158,0.11745109169309158,0.0,2.337752505465751e-09,87,4,0.11745108767431357,False,4,12,69
ridge_teacher,1,6,32,fixed,0.11745108935533907,0.1174510876648355,8,1,2,0,0.11745108880135861,0.11745108840899438,0.11746062543094966,0.11746232523005465,1.6997991049844119e-06,9.536075610591666e-06,1.1235874715576077e-05,0.12356322064211546,0.12401920312168571,0.0004559824795702522,0.006568113766346639,0.11745108880135861,0.11745108880135861,0.0,0.0,72,4,0.11745108767431357,False,6,8,65
ridge_teacher,1,6,32,fixed,0.11745108935533907,0.1174510876648355,8,2,4,7,0.1174510881573808,0.11745108948995885,0.11745876912548733,0.11746095062422617,2.1814987388318885e-06,7.679770148261156e-06,9.861268887093044e-06,0.12635804857021204,0.12677717715648745,0.00041912858627540794,0.00932608780114838,0.11745108948995885,0.11745108948995885,0.0,1.3461977366180378e-10,63,4,0.11745108767431357,True,0,11,57
ridge_teacher,1,6,32,moving,0.11796337142189035,0.1174510876648355,8,0,2,1,0.11745108880135861,0.11745108809789939,0.1179724484043997,0.11797458722051632,2.1388161166174813e-06,9.076982509348408e-06,1.121579862596589e-05,0.12490840791492412,0.12539369576071585,0.00048528784579172923,0.0074303243388254975,0.11745108880135861,0.11745108880135861,0.0,0.0,78,2,0.11745108791002003,False,5,5,31
ridge_teacher,1,6,32,moving,0.11796337142189035,0.1174510876648355,8,1,5,3,0.11745108770118882,0.11745109169309158,0.117942526642099,0.11796341057437781,2.0883932278809025e-05,0.0,3.915248746044764e-08,0.12305065970614876,0.1234482065960538,0.00039754688990503717,0.005484835174163441,0.11745109169309158,0.11745109169309158,0.0,0.0,93,2,0.11745108791002003,True,0,3,6
ridge_teacher,1,6,32,moving,0.11796337142189035,0.1174510876648355,8,2,0,7,0.11745108840899438,0.11745108948995885,0.11797153300096345,0.11797402413674819,2.491135784737919e-06,8.161579073101555e-06,1.0652714857839474e-05,0.12778158361276984,0.1283338920027804,0.000552308390010553,0.010370520580890039,0.11745108948995885,0.11745108948995885,0.0,0.0,63,2,0.11745108791002003,False,3,7,23
ridge_teacher,1,6,64,fixed,0.11745108935533907,0.11745108766483539,8,0,4,2,0.11745108845032035,0.11745108883897948,0.11745942738540772,0.11746211133690615,2.6839514984250412e-06,8.338030068652524e-06,1.1021981567077566e-05,0.1308427506322326,0.1313922866756578,0.0005495360434251972,0.013941197320318732,0.11745108883897949,0.11745108883897949,0.0,0.0,111,4,0.11745108767431357,False,6,14,65
ridge_teacher,1,6,64,fixed,0.11745108935533907,0.11745108766483539,8,1,7,0,0.11745108767331536,0.11745108823290747,0.11745743014558138,0.11746099802864524,3.567883063854138e-06,6.340790242309602e-06,9.90867330616374e-06,0.1268673040837864,0.12743873374789133,0.0005714296641049221,0.009987644392552258,0.11745108823290747,0.11745108823290747,0.0,0.0,105,4,0.11745108767431357,True,0,9,77
ridge_teacher,1,6,64,fixed,0.11745108935533907,0.11745108766483539,8,2,3,5,0.11745108772272707,0.11745108766487959,0.11745860005233397,0.11746070670241507,2.1066500811017796e-06,7.5106969948945945e-06,9.617347075996374e-06,0.12663571149669287,0.12715136876707428,0.0005156572703814144,0.009700279411735208,0.11745108772272707,0.11745108772272707,0.0,0.0,99,4,0.11745108767431357,True,0,11,59
ridge_teacher,1,6,64,moving,0.11781332743665957,0.11745108766483539,8,0,7,4,0.11745108767331536,0.11745108845032035,0.1178186977132036,0.11782321955518787,4.521841984281294e-06,5.3702765440283295e-06,9.892118528309624e-06,0.1271686686526888,0.127732100131259,0.0005634314785701866,0.009918772694599426,0.11745108845032035,0.11745108845032035,0.0,0.0,114,2,0.11745108791002003,True,0,6,30
ridge_teacher,1,6,64,moving,0.11781332743665957,0.11745108766483539,8,1,5,3,0.11745108766487959,0.11745108772272707,0.11781942366719421,0.11782327720919168,3.853541997472787e-06,6.0962305346440315e-06,9.949772532116818e-06,0.12663571149669287,0.12715136876707428,0.0005156572703814144,0.009338041330414715,0.11745108772272707,0.11745108772272707,0.0,0.0,99,4,0.11745108767431357,True,0,7,24
ridge_teacher,1,6,64,moving,0.11781332743665957,0.11745108766483539,8,2,0,1,0.11745108823290747,0.1174510876982539,0.11781121546562572,0.11782223581368302,1.1020348057305673e-05,0.0,8.908377023456038e-06,0.12504605330780813,0.12559806944126253,0.0005520161334544027,0.007784742004602968,0.11745108823290747,0.11745108823290747,0.0,0.0,99,2,0.11745108791002003,True,0,5,19
ridge_teacher,1,6,128,fixed,0.11745108935533907,0.11745108766483539,8,0,0,4,0.11745108766531345,0.11745108798880916,0.11745929447221576,0.11746208415068987,2.7896784741132663e-06,8.205116876686125e-06,1.0994795350799391e-05,0.12655840502972848,0.12713114490569097,0.0005727398759624858,0.009680055550351896,0.11745108798880916,0.11745108798880916,0.0,0.0,144,4,0.11745108767431357,False,10,9,81
ridge_teacher,1,6,128,fixed,0.11745108935533907,0.11745108766483539,8,1,1,7,0.11745108876433116,0.11745108927671094,0.11746089400573982,0.11746255222608727,1.6582203474502233e-06,9.804650400749293e-06,1.1462870748199516e-05,0.1270199977477145,0.1275405900669818,0.0005205923192672934,0.010089500711642718,0.11745108927671097,0.11745108927671097,0.0,0.0,150,4,0.11745108767431357,False,8,11,67
ridge_teacher,1,6,128,fixed,0.11745108935533907,0.11745108766483539,8,2,3,2,0.11745108774384158,0.11745108819746711,0.11745897442956411,0.11746189219827809,2.917768713972535e-06,7.885074225041921e-06,1.0802842939014456e-05,0.12651562117332757,0.12711672034296678,0.0006010991696392132,0.00966563098762771,0.11745108819746711,0.11745108819746711,0.0,0.0,135,4,0.11745108767431357,False,6,11,65
ridge_teacher,1,6,128,moving,0.11770723060755967,0.11745108766483539,8,0,5,2,0.1174510877272855,0.11745108819746711,0.11771600282292095,0.11771798009393174,1.977271010783488e-06,8.772215361288471e-06,1.0749486372071959e-05,0.12568494871574715,0.12620343908239282,0.0005184903666456686,0.00849620847483315,0.11745108819746711,0.11745108819746711,0.0,0.0,147,2,0.11745108791002003,False,4,7,27
ridge_teacher,1,6,128,moving,0.11770723060755967,0.11745108766483539,8,1,0,6,0.11745108766531345,0.11745108809204632,0.11771604105148939,0.11771807060625411,2.0295547647208867e-06,8.810443929724299e-06,1.0839998694445185e-05,0.1295035768995065,0.1301186097284877,0.0006150328289812046,0.012411379120928046,0.11745108809204635,0.11745108809204635,0.0,0.0,153,2,0.11745108791002003,False,4,11,38
ridge_teacher,1,6,128,moving,0.11770723060755967,0.11745108766483539,8,2,1,3,0.11745108876433116,0.11745108774384158,0.11770713316019828,0.11771714269150241,1.0009531304130959e-05,0.0,9.912083942742456e-06,0.13204778580655413,0.13270720056282798,0.0006594147562738462,0.01499996995526831,0.11745108876433116,0.11745108876433116,0.0,0.0,138,2,0.11745108791002003,True,0,13,28
ridge_teacher,1,7,8,fixed,0.11745108935533907,0.1174510876648598,8,0,6,2,0.1174510891693092,0.11745108766557519,0.11745592803618782,0.1174610524306674,5.1243944795831275e-06,4.838680848745502e-06,9.96307532832863e-06,0.12425755072596369,0.12459186170980635,0.00033431098384266444,0.0071407723544672785,0.16840133065077878,0.16840133065077878,0.0,0.05095024129543971,22,4,0.11745108767431357,True,0,10,33
ridge_teacher,1,7,8,fixed,0.11745108935533907,0.1174510876648598,8,1,0,5,0.11745108809487921,0.11745108768250483,0.11745921588833964,0.11746133564240843,2.119754068788393e-06,8.126533000571423e-06,1.0246287069359816e-05,0.12398899175721756,0.12433192624636172,0.0003429344891441588,0.006880836891022646,0.16840902342258252,0.16840902342258252,0.0,0.05095793406724344,17,4,0.11745108767431357,False,2,10,40
ridge_teacher,1,7,8,fixed,0.11745108935533907,0.1174510876648598,8,2,1,7,0.1174510877343547,0.1174510876662831,0.11745837828313767,0.11746107853362496,2.700250487291944e-06,7.288927798596023e-06,9.989178285887967e-06,0.1350616384761593,0.13565245599120854,0.0005908175150492467,0.018201366635869465,0.1174510877343547,0.1174510877343547,0.0,0.0,25,4,0.11745108767431357,True,0,15,60
ridge_teacher,1,7,8,moving,0.11847565359473951,0.1174510876648598,8,0,6,7,0.1174510891693092,0.1174510876662831,0.11848102979526846,0.11848636956267082,5.339767402356976e-06,5.376200528955932e-06,1.0715967931312909e-05,0.13442447315761047,0.13504250093954712,0.0006180277819366475,0.01656684734480761,0.1174510891693092,0.1174510891693092,0.0,0.0,27,2,0.11745108791002003,False,2,9,27
ridge_teacher,1,7,8,moving,0.11847565359473951,0.1174510876648598,8,1,4,0,0.11745108806796764,0.11745108809487921,0.11845905111545395,0.11847548721417388,1.643609871992968e-05,0.0,0.0,0.1296926987970065,0.130125098951081,0.00043240015407447485,0.011649445356341478,0.11745108809487921,0.11745108809487921,0.0,0.0,20,2,0.11745108791002003,True,0,5,11
ridge_teacher,1,7,8,moving,0.11847565359473951,0.1174510876648598,8,2,1,3,0.1174510877343547,0.11745108881274556,0.1184690406634881,0.11848500057776717,1.5959914279078946e-05,0.0,9.346983027666567e-06,0.129155484384313,0.1296453170729277,0.0004898326886146886,0.011169663478188194,0.11745108881274556,0.11745108881274556,0.0,0.0,22,2,0.11745108791002003,True,0,6,11
ridge_teacher,1,7,16,fixed,0.11745108935533907,0.1174510876648355,8,0,2,0,0.11745108785770517,0.11745108819453272,0.11746100344177557,0.11746261436832535,1.610926549780456e-06,9.914086436496605e-06,1.1525012986277061e-05,0.12490028196443878,0.12532565716386246,0.00042537519942367763,0.007874567808523386,0.11745108819453272,0.11745108819453272,0.0,0.0,54,4,0.11745108767431357,False,7,10,59
ridge_teacher,1,7,16,fixed,0.11745108935533907,0.1174510876648355,8,1,1,4,0.11745108798849442,0.11745108769951579,0.11746045827512344,0.11746268649593623,2.2282208127916148e-06,9.368919784369378e-06,1.1597140597160993e-05,0.1280016311558899,0.12844294071945214,0.00044130956356225326,0.01099185136411307,0.11745108798849442,0.11745108798849442,0.0,0.0,57,4,0.11745108767431357,False,8,12,57
ridge_teacher,1,7,16,fixed,0.11745108935533907,0.1174510876648355,8,2,3,7,0.11745108845596573,0.11745108769099441,0.11745808849296319,0.11746094942655852,2.860933595333348e-06,6.999137624114082e-06,9.86007121944743e-06,0.12603115887091135,0.12643200368324392,0.00040084481233257363,0.008980914327904849,0.11745108845596573,0.11745108845596573,0.0,0.0,45,4,0.11745108767431357,True,0,9,49
ridge_teacher,1,7,16,moving,0.11817556562657543,0.1174510876648355,8,0,5,1,0.11745108927733984,0.11745108798849442,0.11818261454466512,0.1181860745759842,3.4600313190830123e-06,7.048918089697098e-06,1.050894940878011e-05,0.1341668503999776,0.1348873084675097,0.0007204580675320982,0.016711742840934282,0.11745108927733984,0.11745108927733984,0.0,0.0,51,2,0.11745108791002003,False,2,7,22
ridge_teacher,1,7,16,moving,0.11817556562657543,0.1174510876648355,8,1,0,6,0.11745108819453272,0.11745108770311409,0.11817126005913475,0.11818367999037623,1.2419931241472448e-05,0.0,8.114363800798552e-06,0.13169423836687164,0.1322561843162697,0.0005619459493980683,0.014080618689694277,0.11745108819453272,0.11745108819453272,0.0,0.0,51,2,0.11745108791002003,True,0,7,19
ridge_teacher,1,7,16,moving,0.11817556562657543,0.1174510876648355,8,2,2,7,0.11745108785770517,0.11745108769099441,0.11816104185176922,0.1181793755460559,1.833369428667908e-05,0.0,3.80991948047138e-06,0.12052680938452444,0.12087217219154339,0.0003453628070189535,0.0026966065649679655,0.11745108785770517,0.11745108785770517,0.0,0.0,48,4,0.11745108767431357,True,0,2,8
ridge_teacher,1,7,32,fixed,0.11745108935533907,0.1174510876648355,8,0,4,5,0.11745108774295777,0.11745108769760161,0.11746042312568353,0.11746255650273407,2.133377050544949e-06,9.33377034445515e-06,1.1467147395000099e-05,0.1343068909636301,0.1349476665126532,0.0006407755490230871,0.01749657715731412,0.11745108774295777,0.11745108774295777,0.0,0.0,72,4,0.11745108767431357,False,18,14,92
ridge_teacher,1,7,32,fixed,0.11745108935533907,0.1174510876648355,8,1,7,0,0.11745108795548058,0.11745108817254445,0.11745803628302225,0.1174607573901242,2.7211071019495048e-06,6.9469276831740645e-06,9.66803478512357e-06,0.1222448312800596,0.12266560699415541,0.0004207757140958085,0.005214517638816335,0.11745108817254445,0.11745108817254445,0.0,0.0,78,4,0.11745108767431357,True,0,8,47
ridge_teacher,1,7,32,fixed,0.11745108935533907,0.1174510876648355,8,2,6,3,0.11745108766774166,0.11745108782507291,0.11745905239802641,0.1174612977248688,2.245326842384432e-06,7.963042687339494e-06,1.0208369529723926e-05,0.1277187062557219,0.12824678558921226,0.0005280793334903611,0.010795696233873192,0.11745108782507291,0.11745108782507291,0.0,0.0,69,4,0.11745108767431357,False,4,13,61
ridge_teacher,1,7,32,moving,0.11796337142189035,0.1174510876648355,8,0,1,5,0.11745108890980666,0.11745108769760161,0.11796783317625131,0.1179723085423053,4.475366053982577e-06,4.4617543609598576e-06,8.937120414942434e-06,0.1281292149058963,0.12868245199944028,0.0005532370935439901,0.01071908057754993,0.11745108890980666,0.11745108890980666,0.0,0.0,75,2,0.11745108791002003,True,0,7,20
ridge_teacher,1,7,32,moving,0.11796337142189035,0.1174510876648355,8,1,6,2,0.11745108766774166,0.11745108776075666,0.11795921371235861,0.11796914793334981,9.93422099120067e-06,0.0,5.776511459457123e-06,0.1263166386198691,0.12682762019673027,0.0005109815768611636,0.00886424877483992,0.11745108776075666,0.11745108776075666,0.0,0.0,69,4,0.11745108767431357,True,0,7,13
ridge_teacher,1,7,32,moving,0.11796337142189035,0.1174510876648355,8,2,4,3,0.11745108774295777,0.11745108782507291,0.11796392466480835,0.11797224064221273,8.315977404388386e-06,5.532429179916365e-07,8.869220322380023e-06,0.1263984551857711,0.127002192210661,0.0006037370248898888,0.009038820788770649,0.11745108782507291,0.11745108782507291,0.0,0.0,66,4,0.11745108767431357,True,0,6,15
ridge_teacher,1,7,64,fixed,0.11745108935533907,0.11745108766483539,8,0,2,7,0.11745108767657017,0.11745108769865942,0.11745960356180113,0.11746151671509818,1.913153297047887e-06,8.514206462056917e-06,1.0427359759104804e-05,0.12323305740629503,0.12364805433285014,0.0004149969265551112,0.006196964977511071,0.11745108769865942,0.11745108769865942,0.0,0.0,105,4,0.11745108767431357,False,4,10,49
ridge_teacher,1,7,64,fixed,0.11745108935533907,0.11745108766483539,8,1,3,1,0.11745108972489403,0.1174510876719003,0.11745813468611818,0.11746096567274378,2.8309866255959992e-06,7.0453307791096265e-06,9.876317404705626e-06,0.12762216917682256,0.12812894993396806,0.0005067807571454974,0.01067786057862899,0.11745108972489403,0.11745108972489403,0.0,3.6955495608115285e-10,111,4,0.11745108767431357,True,0,10,71
ridge_teacher,1,7,64,fixed,0.11745108935533907,0.11745108766483539,8,2,5,0,0.1174510884263789,0.1174510882917785,0.1174568101054692,0.11746097436108485,4.1642556156545885e-06,5.720750130125407e-06,9.885005745779996e-06,0.13032712078610972,0.1308907702883368,0.0005636495022270649,0.013439680932997716,0.1174510884263789,0.1174510884263789,0.0,0.0,99,4,0.11745108767431357,True,0,13,63
ridge_teacher,1,7,64,moving,0.11781332743665957,0.11745108766483539,8,0,3,7,0.11745108972489403,0.11745108769865942,0.11781491864243322,0.11782247004660602,7.5514041728008685e-06,1.5912057736572338e-06,9.142609946458102e-06,0.13019055904452187,0.13078084931953138,0.0005902902750095085,0.012967521882871813,0.11745108972489403,0.11745108972489403,0.0,0.0,117,2,0.11745108791002003,True,0,8,23
ridge_teacher,1,7,64,moving,0.11781332743665957,0.11745108766483539,8,1,1,6,0.1174510876719003,0.11745108791218095,0.11781877400752457,0.11782313430752957,4.3603000050018714e-06,5.446570865000333e-06,9.806870870002204e-06,0.12861010061981698,0.12919050754834815,0.0005804069285311741,0.01137718011168859,0.11745108791218095,0.11745108791218095,0.0,0.0,114,2,0.11745108791002003,True,0,5,33
ridge_teacher,1,7,64,moving,0.11781332743665957,0.11745108766483539,8,2,0,2,0.1174510882917785,0.11745108767657017,0.11782040301655765,0.11782276774618175,2.3647296241019466e-06,7.075579898083162e-06,9.440309522185109e-06,0.1298563833893738,0.130448060196509,0.0005916768071352052,0.012634732759849443,0.1174510882917785,0.1174510882917785,0.0,0.0,93,2,0.11745108791002003,True,0,8,33
ridge_teacher,1,7,128,fixed,0.11745108935533907,0.11745108766483539,8,0,4,2,0.11745108809798786,0.11745108789899214,0.11746031231076622,0.11746296662909213,2.6543183259120084e-06,9.222955427143353e-06,1.1877273753055362e-05,0.12567241273168275,0.12619802830852253,0.0005256155768397774,0.008746938953183458,0.11745108809798788,0.11745108809798788,0.0,0.0,144,4,0.11745108767431357,False,8,10,67
ridge_teacher,1,7,128,fixed,0.11745108935533907,0.11745108766483539,8,1,0,5,0.11745108972366364,0.11745108810969784,0.11745987067882799,0.11746214901969423,2.2783408662463422e-06,8.781323488915582e-06,1.1059664355161924e-05,0.12511964161579114,0.12565551125803073,0.0005358696422395892,0.008204421902691661,0.11745108972366364,0.11745108972366364,0.0,3.6832456529189983e-10,141,4,0.11745108767431357,False,16,8,87
ridge_teacher,1,7,128,fixed,0.11745108935533907,0.11745108766483539,8,2,7,1,0.11745109161434028,0.11745108861884591,0.1174592888938854,0.11746106152752417,1.7726336387635655e-06,8.19953854633293e-06,9.972172185096495e-06,0.12749833678035402,0.1280855642663242,0.0005872274859701765,0.010634474910985126,0.11745109161434028,0.11745109161434028,0.0,2.2590012083156807e-09,147,4,0.11745108767431357,True,0,11,75
ridge_teacher,1,7,128,moving,0.11770723060755967,0.11745108766483539,8,0,6,4,0.11745108768421052,0.11745108809798786,0.11771468888698569,0.11771682541306538,2.1365260796935015e-06,7.458279426025838e-06,9.59480550571934e-06,0.12524938312557746,0.1257151135210358,0.0004657303954583303,0.008007882913476122,0.11745108809798788,0.11745108809798788,0.0,0.0,141,2,0.11745108791002003,True,0,8,24
ridge_teacher,1,7,128,moving,0.11770723060755967,0.11745108766483539,8,1,1,7,0.11745108861884591,0.11745109161434028,0.11771657896425441,0.11771823852974538,1.6595654909606905e-06,9.348356694749427e-06,1.1007922185710117e-05,0.12749833678035402,0.1280855642663242,0.0005872274859701765,0.010378333658764533,0.11745109161434028,0.11745109161434028,0.0,0.0,147,2,0.11745108791002003,False,6,8,36
ridge_teacher,1,7,128,moving,0.11770723060755967,0.11745108766483539,8,2,0,2,0.11745108972366364,0.11745108789899214,0.11771631356610981,0.11771847148675017,2.1579206403582463e-06,9.082958550149511e-06,1.1240879190507758e-05,0.12553254293217875,0.1260429405273335,0.0005103975951547546,0.008335709919773837,0.11745108972366364,0.11745108972366364,0.0,0.0,144,2,0.11745108791002003,False,4,7,40
ridge_teacher,1,8,8,fixed,0.11745108935533907,0.1174510876648598,8,0,0,5,0.1174510876691588,0.11745108884974988,0.11746014695245298,0.11746235017225502,2.2032198020438543e-06,9.057597113906746e-06,1.12608169159506e-05,0.1284445684017312,0.12891607027606372,0.00047150187433250834,0.011464980920724649,0.11745108884974988,0.11745108884974988,0.0,0.0,20,4,0.11745108767431357,False,4,12,47
ridge_teacher,1,8,8,fixed,0.11745108935533907,0.1174510876648598,8,1,6,4,0.11745108768401698,0.11745108790061984,0.1174600976521059,0.11746357367429101,3.4760221851171114e-06,9.008296766824242e-06,1.2484318951941353e-05,0.1339624759370149,0.1344040157372373,0.00044153980022237915,0.016952926381898215,0.11745108790061984,0.11745108790061984,0.0,0.0,20,4,0.11745108767431357,False,14,13,74
ridge_teacher,1,8,8,fixed,0.11745108935533907,0.1174510876648598,8,2,1,2,0.11745108825008567,0.11745108766488066,0.11746067862944141,0.1174622311351489,1.5525057074916582e-06,9.589274102342338e-06,1.1141779809833996e-05,0.13356765474565213,0.1340891626065795,0.0005215078609273616,0.01663807325124042,0.11745108825008567,0.11745108825008567,0.0,0.0,23,4,0.11745108767431357,False,6,15,59
ridge_teacher,1,8,8,moving,0.11847565359473951,0.1174510876648598,8,0,7,5,0.11745108766488549,0.11745108884974988,0.11847992072691951,0.11848435743541667,4.436708497160269e-06,4.267132180005295e-06,8.703840677165564e-06,0.12386824938510402,0.12428049982311681,0.0004122504380127956,0.005804846228377306,0.11745108884974988,0.11745108884974988,0.0,0.0,34,2,0.11745108791002003,True,0,5,12
ridge_teacher,1,8,8,moving,0.11847565359473951,0.1174510876648598,8,1,3,1,0.11745108934969128,0.11745108825008567,0.11848326404449537,0.11848532538209461,2.061337599237878e-06,7.610449755862669e-06,9.671787355100547e-06,0.12885179461656068,0.12926739886014485,0.0004156042435841667,0.010791745265405342,0.11745108934969128,0.11745108934969128,0.0,0.0,26,2,0.11745108791002003,True,0,7,19
ridge_teacher,1,8,8,moving,0.11847565359473951,0.1174510876648598,8,2,4,2,0.11745108790061984,0.11745108766488066,0.11846478945885928,0.11848255250684786,1.776304798857542e-05,0.0,6.898912108352362e-06,0.12451354461673625,0.12485560713796232,0.0003420625212260664,0.006379953543222808,0.11745108790061984,0.11745108790061984,0.0,0.0,23,4,0.11745108767431357,True,0,6,11
ridge_teacher,1,8,16,fixed,0.11745108935533907,0.1174510876648355,8,0,7,2,0.11745108861609713,0.11745108766983285,0.11745924333850677,0.11746087910784737,1.6357693406049423e-06,8.153983167696888e-06,9.78975250830183e-06,0.12167727224951437,0.12201925900215062,0.00034198675263624745,0.004568169646811546,0.11745108861609713,0.11745108861609713,0.0,0.0,54,4,0.11745108767431357,True,0,8,39
ridge_teacher,1,8,16,fixed,0.11745108935533907,0.1174510876648355,8,1,5,6,0.11745108801026079,0.11745108826511406,0.11745952403076523,0.1174628703689693,3.3463382040632705e-06,8.434675426161053e-06,1.1781013630224324e-05,0.1292628115353343,0.12984792847733506,0.0005851169420007518,0.01239683912199599,0.11745108826511406,0.11745108826511406,0.0,0.0,48,4,0.11745108767431357,False,8,14,50
ridge_teacher,1,8,16,fixed,0.11745108935533907,0.1174510876648355,8,2,0,4,0.11745108773239371,0.11745108798352437,0.11745966520030757,0.11746194657606855,2.2813757609846386e-06,8.575844968494728e-06,1.0857220729479367e-05,0.1277970171385818,0.12824441572263354,0.00044739858405173916,0.010793326367294465,0.11745108798352437,0.11745108798352437,0.0,0.0,48,4,0.11745108767431357,False,6,13,56
ridge_teacher,1,8,16,moving,0.11817556562657543,0.1174510876648355,8,0,2,3,0.11745108766983285,0.11745108766486212,0.11817571082731981,0.11818236035619051,6.649528870694699e-06,1.4520074438639785e-07,6.7947296150810965e-06,0.1245116911330129,0.124873441836633,0.00036175070362010064,0.006697876210057574,0.11745108766983285,0.11745108766983285,0.0,0.0,49,8,0.11745108766502987,True,0,4,15
ridge_teacher,1,8,16,moving,0.11817556562657543,0.1174510876648355,8,1,0,5,0.11745108773239371,0.11745108801026079,0.11817505967055489,0.11818179619110566,6.736520550776337e-06,0.0,6.230564530237959e-06,0.12586270072233655,0.12635248230336163,0.0004897815810250838,0.008176916676786203,0.11745108801026079,0.11745108801026079,0.0,0.0,54,2,0.11745108791002003,True,0,5,13
ridge_teacher,1,8,16,moving,0.11817556562657543,0.1174510876648355,8,2,6,4,0.11745108826511406,0.11745108798352437,0.11815977643682629,0.11818006062139019,2.0284184563901242e-05,0.0,4.494994814766007e-06,0.12380277821631902,0.12427176328384962,0.0004689850675305973,0.006096197657274191,0.11745108826511406,0.11745108826511406,0.0,0.0,42,2,0.11745108791002003,True,0,3,10
ridge_teacher,1,8,32,fixed,0.11745108935533907,0.1174510876648355,8,0,1,3,0.11745108802669728,0.11745108833020523,0.11745547914688896,0.11745993182384584,4.452676956881452e-06,4.389791549888611e-06,8.842468506770063e-06,0.12252692680540757,0.12294669007617341,0.00041976327076584385,0.00549560072083434,0.11745108833020523,0.11745108833020523,0.0,0.0,78,4,0.11745108767431357,True,0,9,43
ridge_teacher,1,8,32,fixed,0.11745108935533907,0.1174510876648355,8,1,4,6,0.11745108774104464,0.1174510879229412,0.11745718074242524,0.11746099049242341,3.809749998168188e-06,6.091387086168409e-06,9.901137084336598e-06,0.12735622686201983,0.12784712556239625,0.0004908987003764131,0.010396036207057174,0.1174510879229412,0.1174510879229412,0.0,0.0,72,4,0.11745108767431357,True,0,13,46
ridge_teacher,1,8,32,fixed,0.11745108935533907,0.1174510876648355,8,2,5,0,0.11745108823137324,0.11745109098364076,0.11746078920338171,0.11746342830492787,2.639101546159095e-06,9.699848042638015e-06,1.233894958879711e-05,0.12830657891465244,0.1287991222308202,0.0004925433161677706,0.01134803287548114,0.11745109098364076,0.11745109098364076,0.0,1.6283016879281575e-09,81,4,0.11745108767431357,False,16,11,67
ridge_teacher,1,8,32,moving,0.11796337142189035,0.1174510876648355,8,0,5,0,0.11745108823137324,0.11745109098364076,0.11796775598680787,0.11797320783810103,5.4518512931645e-06,4.384564917511713e-06,9.836416210676213e-06,0.12830657891465244,0.1287991222308202,0.0004925433161677706,0.010835750808929859,0.11745109098364076,0.11745109098364076,0.0,0.0,81,2,0.11745108791002003,True,0,8,22
ridge_teacher,1,8,32,moving,0.11796337142189035,0.1174510876648355,8,1,7,3,0.11745108848444222,0.11745108833020523,0.11796010259523855,0.11797308256722612,1.297997198757006e-05,0.0,9.71114533576678e-06,0.1249956277921174,0.1254964964084337,0.0005008686163162912,0.007533124986543335,0.11745108848444222,0.11745108848444222,0.0,0.0,78,2,0.11745108791002003,True,0,5,17
ridge_teacher,1,8,32,moving,0.11796337142189035,0.1174510876648355,8,2,2,4,0.11745108918595328,0.11745108774104464,0.11795798785529946,0.1179679136755462,9.925820246739492e-06,0.0,4.5422536558425985e-06,0.12466560657677686,0.12506145156040221,0.00039584498362535414,0.007098080138511861,0.11745108918595328,0.11745108918595328,0.0,0.0,66,2,0.11745108791002003,True,0,5,13
ridge_teacher,1,8,64,fixed,0.11745108935533907,0.11745108766483539,8,0,6,7,0.1174510895052412,0.11745108839136105,0.11746013426584001,0.1174622719560191,2.1376901790937097e-06,9.044910500938252e-06,1.1182600680031962e-05,0.13248504519018717,0.13300690283673355,0.0005218576465463864,0.015555813481394482,0.1174510895052412,0.1174510895052412,0.0,1.4990213237364713e-10,102,4,0.11745108767431357,False,8,12,67
ridge_teacher,1,8,64,fixed,0.11745108935533907,0.11745108766483539,8,1,2,3,0.11745108772035232,0.11745108769294835,0.11745985643025496,0.11746215122773979,2.2947974848280817e-06,8.767074915885797e-06,1.1061872400713879e-05,0.13023166243626136,0.13085846991601238,0.0006268074797510237,0.01340738056067331,0.11745108772035232,0.11745108772035232,0.0,0.0,108,4,0.11745108767431357,False,4,14,59
ridge_teacher,1,8,64,fixed,0.11745108935533907,0.11745108766483539,8,2,1,4,0.11745108766692476,0.11745108771675128,0.11746047907715391,0.11746276629932349,2.287222169577996e-06,9.389721814842544e-06,1.167694398442054e-05,0.12675216594432873,0.12729518297470593,0.0005430170303772075,0.009844093619366862,0.11745108771675128,0.11745108771675128,0.0,0.0,105,4,0.11745108767431357,False,14,9,82
ridge_teacher,1,8,64,moving,0.11781332743665957,0.11745108766483539,8,0,2,3,0.11745108772035232,0.11745108769294835,0.11781533880900913,0.11782289568686201,7.556877852879507e-06,2.0113723495640556e-06,9.568250202443562e-06,0.13023166243626136,0.13085846991601238,0.0006268074797510237,0.013045142479352817,0.11745108772035232,0.11745108772035232,0.0,0.0,108,4,0.11745108767431357,True,0,8,29
ridge_teacher,1,8,64,moving,0.11781332743665957,0.11745108766483539,8,1,7,5,0.11745108839136105,0.11745108767925763,0.11782103430633045,0.11782381114750033,2.7768411698797513e-06,7.706869670887073e-06,1.0483710840766824e-05,0.1274693766362334,0.128089853006629,0.0006204763703956118,0.010276525569969441,0.11745108839136105,0.11745108839136105,0.0,0.0,117,2,0.11745108791002003,False,3,7,31
ridge_teacher,1,8,64,moving,0.11781332743665957,0.11745108766483539,8,2,0,1,0.11745108766614343,0.11745108766692476,0.11780777918258344,0.11782273951802741,1.4960335443972572e-05,0.0,9.412081367843328e-06,0.12295405059305375,0.1234259105568611,0.0004718599638073445,0.005612583120201534,0.11745108766692477,0.11745108766692477,0.0,0.0,108,8,0.11745108766502987,True,0,4,14
ridge_teacher,1,8,128,fixed,0.11745108935533907,0.11745108766483539,8,0,7,0,0.1174510876699928,0.11745108768256822,0.11745860492610755,0.1174610834479748,2.4785218672579434e-06,7.515570768473756e-06,9.9940926357317e-06,0.12660126964076182,0.12717625857649503,0.0005749889357332116,0.00972516922115596,0.11745108768256822,0.11745108768256822,0.0,0.0,162,4,0.11745108767431357,True,0,11,70
ridge_teacher,1,8,128,fixed,0.11745108935533907,0.11745108766483539,8,1,2,6,0.1174510881194242,0.11745108855758539,0.11746055400748856,0.11746340422741443,2.8502199258678695e-06,9.464652149487884e-06,1.2314872075355754e-05,0.12948500901394233,0.13010162999652583,0.000616620982583499,0.012650540641186758,0.11745108855758539,0.11745108855758539,0.0,0.0,174,4,0.11745108767431357,False,8,11,75
ridge_teacher,1,8,128,fixed,0.11745108935533907,0.11745108766483539,8,2,5,4,0.11745108778248929,0.11745108836997557,0.11745748915814672,0.11746097397881104,3.4848206643262047e-06,6.399802807643962e-06,9.884623471970166e-06,0.126309319351333,0.12685914479763638,0.0005498254463033869,0.009408055442297308,0.11745108836997557,0.11745108836997557,0.0,0.0,150,4,0.11745108767431357,True,0,12,62
ridge_teacher,1,8,128,moving,0.11770723060755967,0.11745108766483539,8,0,0,6,0.11745108768256822,0.11745108855758539,0.1177126927608538,0.11771669618331461,4.003422460804873e-06,5.462153294139016e-06,9.465575754943889e-06,0.1282577805915682,0.1288402257764885,0.0005824451849202883,0.011132995168928822,0.11745108855758539,0.11745108855758539,0.0,0.0,165,2,0.11745108791002003,True,0,11,25
ridge_teacher,1,8,128,moving,0.11770723060755967,0.11745108766483539,8,1,3,7,0.11745108817586353,0.1174510876699928,0.11770503726480222,0.11771530018781885,1.0262923016632342e-05,0.0,8.069580259187359e-06,0.12417881693158583,0.1246468733073637,0.00046805637577786163,0.00693964269980403,0.11745108817586353,0.11745108817586353,0.0,0.0,165,2,0.11745108791002003,True,0,7,16
ridge_teacher,1,8,128,moving,0.11770723060755967,0.11745108766483539,8,2,5,4,0.11745108778248929,0.11745108836997557,0.11771496416818034,0.11771714569428139,2.1815261010554865e-06,7.733560620670765e-06,9.915086721726252e-06,0.126309319351333,0.12685914479763638,0.0005498254463033869,0.009151914190076715,0.11745108836997557,0.11745108836997557,0.0,0.0,150,2,0.11745108791002003,True,0,8,40
ridge_teacher,1,9,8,fixed,0.11745108935533907,0.1174510876648598,8,0,0,3,0.11745109288516108,0.11745108766491376,0.11745681184534716,0.11746067934081174,3.8674954645767645e-06,5.7224900080893315e-06,9.589985472666096e-06,0.12695970626776262,0.12743228964875286,0.000472583380990238,0.009981200293413789,0.16836624734057085,0.16836624734057085,0.0,0.050915157985231774,17,4,0.11745108767431357,True,0,9,39
ridge_teacher,1,9,8,fixed,0.11745108935533907,0.1174510876648598,8,1,7,5,0.1174510876648723,0.11745108803481995,0.11746092506705005,0.11746267965448286,1.7545874328034339e-06,9.83571171098152e-06,1.1590299143784955e-05,0.12439317933489699,0.12471637433359835,0.0003231949987013566,0.007265284978259276,0.16839341117646606,0.16839341117646606,0.0,0.050942321821126985,14,4,0.11745108767431357,False,8,9,42
ridge_teacher,1,9,8,fixed,0.11745108935533907,0.1174510876648598,8,2,4,1,0.11745108766736323,0.11745108819308206,0.1174600991394444,0.11746256494700986,2.465807565465994e-06,9.009784105326601e-06,1.1475591670792595e-05,0.12631958550366207,0.12669203219703676,0.0003724466933746895,0.009240942841697686,0.16839784723265735,0.16839784723265735,0.0,0.05094675787731828,17,4,0.11745108767431357,False,8,9,41
ridge_teacher,1,9,8,moving,0.11847565359473951,0.1174510876648598,8,0,0,1,0.11745109288516108,0.11745108819308206,0.11844859390914869,0.11848410544478871,3.551153564002041e-05,0.0,8.451850049204235e-06,0.123222063547829,0.12353791971118674,0.00031585616335774724,0.0050622661164472366,0.11745109288516108,0.11745109288516108,0.0,0.0,20,2,0.11745108791002003,True,0,4,6
ridge_teacher,1,9,8,moving,0.11847565359473951,0.1174510876648598,8,1,7,6,0.1174510876648723,0.11745108801502135,0.11848374971546997,0.1184849569108015,1.2071953315317963e-06,8.096120730466394e-06,9.30331606199819e-06,0.12824362265395498,0.1286419045232831,0.0003982818693281376,0.010166250928543605,0.11745108801502135,0.11745108801502135,0.0,0.0,22,2,0.11745108791002003,True,0,6,20
ridge_teacher,1,9,8,moving,0.11847565359473951,0.1174510876648598,8,2,5,3,0.11745108803481995,0.11745108766491376,0.11847449141139292,0.11848117486119439,6.683449801467289e-06,0.0,5.52126645488038e-06,0.12847053442450418,0.12893789976794673,0.00046736534344254954,0.01046224617320722,0.11745108803481995,0.11745108803481995,0.0,0.0,22,2,0.11745108791002003,True,0,9,16
ridge_teacher,1,9,16,fixed,0.11745108935533907,0.1174510876648355,8,0,4,0,0.11745109014370159,0.11745108846490417,0.11745882589378474,0.11746186265976064,3.036765975891753e-06,7.736538445671237e-06,1.077330442156299e-05,0.12695390431010467,0.1274504478459232,0.0004965435358185166,0.009999358490584115,0.11745109014370159,0.11745109014370159,0.0,7.883625141591466e-10,57,4,0.11745108767431357,False,4,13,45
ridge_teacher,1,9,16,fixed,0.11745108935533907,0.1174510876648355,8,1,5,1,0.1174510896092319,0.1174510880291667,0.11745895005142903,0.11746142632612802,2.4762746989870354e-06,7.860696089961872e-06,1.0336970788948907e-05,0.12401541481989481,0.12441833423730957,0.0004029194174147571,0.006967244881970494,0.1174510896092319,0.1174510896092319,0.0,2.5389282343191155e-10,42,4,0.11745108767431357,False,2,9,54
ridge_teacher,1,9,16,fixed,0.11745108935533907,0.1174510876648355,8,2,7,6,0.1174510882277071,0.11745108801519649,0.11745936747736814,0.11746090846015232,1.540982784181688e-06,8.278122029067858e-06,9.819104813249546e-06,0.12545699344665828,0.12593500346552824,0.0004780100188699621,0.008483914110189172,0.1174510882277071,0.1174510882277071,0.0,0.0,54,4,0.11745108767431357,True,0,10,46
ridge_teacher,1,9,16,moving,0.11817556562657543,0.1174510876648355,8,0,7,2,0.1174510882277071,0.11745108862783689,0.11818224694595326,0.11818535207549559,3.1051295423245584e-06,6.681319377838113e-06,9.786448920162671e-06,0.1257259448991036,0.12629341537251004,0.0005674704734064395,0.008117849745934616,0.11745108862783689,0.11745108862783689,0.0,0.0,42,2,0.11745108791002003,True,0,5,21
ridge_teacher,1,9,16,moving,0.11817556562657543,0.1174510876648355,8,1,5,4,0.1174510896092319,0.11745109014370159,0.11817074768670137,0.11818439711520658,1.3649428505208006e-05,0.0,8.831488631150242e-06,0.1284059918262733,0.12894509220662087,0.0005391003803475736,0.010769526580045444,0.11745109014370159,0.11745109014370159,0.0,0.0,54,2,0.11745108791002003,True,0,8,18
ridge_teacher,1,9,16,moving,0.11817556562657543,0.1174510876648355,8,2,1,6,0.1174510880291667,0.11745108801519649,0.11817537300611163,0.11818554170438153,1.0168698269905074e-05,0.0,9.976077806103656e-06,0.1392305164681011,0.13977066220995182,0.0005401457418507116,0.021595096583376397,0.1174510880291667,0.1174510880291667,0.0,0.0,54,2,0.11745108791002003,True,0,10,21
ridge_teacher,1,9,32,fixed,0.11745108935533907,0.1174510876648355,8,0,0,1,0.11745108790745634,0.11745108767930862,0.1174596318421979,0.11746092002621573,1.288184017830818e-06,8.5424868588313e-06,9.830670876662118e-06,0.12089599511341738,0.12126016469950106,0.0003641695860836791,0.0038090753441619857,0.11745108790745636,0.11745108790745636,0.0,0.0,84,4,0.11745108767431357,True,0,8,51
ridge_teacher,1,9,32,fixed,0.11745108935533907,0.1174510876648355,8,1,6,2,0.11745108767932928,0.11745108768563703,0.11745905204793027,0.11746099046568537,1.938417755101285e-06,7.962692591192977e-06,9.901110346294262e-06,0.12638414152856653,0.1268295912352495,0.00044544970668297657,0.009378501879910434,0.11745108768563703,0.11745108768563703,0.0,0.0,90,4,0.11745108767431357,True,0,9,62
ridge_teacher,1,9,32,fixed,0.11745108935533907,0.1174510876648355,8,2,3,5,0.11745108808659484,0.11745108806383134,0.11745793880048822,0.11746069205103873,2.753250550519004e-06,6.849445149142985e-06,9.60269569966199e-06,0.13290406109201944,0.13356232839435775,0.0006582673023383112,0.016111239039018677,0.11745108808659484,0.11745108808659484,0.0,0.0,72,4,0.11745108767431357,True,0,16,65
ridge_teacher,1,9,32,moving,0.11796337142189035,0.1174510876648355,8,0,0,3,0.11745108790745634,0.11745108808659484,0.11794505644523479,0.11796875204841874,2.3695603183951364e-05,0.0,5.380626528384003e-06,0.12424016763749904,0.1246805313951113,0.00044036375761226376,0.006717159973220949,0.11745108808659484,0.11745108808659484,0.0,0.0,72,2,0.11745108791002003,True,0,5,9
ridge_teacher,1,9,32,moving,0.11796337142189035,0.1174510876648355,8,1,4,5,0.11745108770904514,0.11745108806383134,0.11796889872484284,0.1179729602784459,4.061553603065815e-06,5.5273029524877115e-06,9.588856555553527e-06,0.12300765660730612,0.12341526765871384,0.00040761105140772746,0.005451896236823489,0.11745108806383134,0.11745108806383134,0.0,0.0,75,2,0.11745108791002003,True,0,5,20
ridge_teacher,1,9,32,moving,0.11796337142189035,0.1174510876648355,8,2,6,2,0.11745108767932928,0.11745108768563703,0.11795520137677865,0.11797319309320274,1.7991716424095583e-05,0.0,9.821671312387759e-06,0.12638414152856653,0.1268295912352495,0.00044544970668297657,0.008866219813359152,0.11745108768563703,0.11745108768563703,0.0,0.0,90,4,0.11745108767431357,True,0,6,15
ridge_teacher,1,9,64,fixed,0.11745108935533907,0.11745108766483539,8,0,1,6,0.11745108766505079,0.11745108947931197,0.11745902863769375,0.11746148126657559,2.4526288818355058e-06,7.939282354679777e-06,1.0391911236515283e-05,0.12557102269547823,0.1260318256010868,0.0004608029056085705,0.008580736245747733,0.117451089479312,0.117451089479312,0.0,1.2397292914467783e-10,90,4,0.11745108767431357,False,4,11,57
ridge_teacher,1,9,64,fixed,0.11745108935533907,0.11745108766483539,8,1,5,7,0.11745108766483539,0.11745108821983945,0.1174592034036966,0.11746185223417961,2.6488304830096787e-06,8.114048357529824e-06,1.0762878840539503e-05,0.12314599575565903,0.12363201457017525,0.0004860188145162231,0.00618092521483618,0.11745108821983945,0.11745108821983945,0.0,0.0,111,4,0.11745108767431357,False,6,8,71
ridge_teacher,1,9,64,fixed,0.11745108935533907,0.11745108766483539,8,2,3,2,0.11745108812704683,0.1174510877678668,0.11746100205195598,0.1174626467932492,1.644741293230223e-06,9.91269661690386e-06,1.1557437910134083e-05,0.12706941713729014,0.12756127872011216,0.000491861582822023,0.010110189364773092,0.11745108812704683,0.11745108812704683,0.0,0.0,105,4,0.11745108767431357,False,20,10,88
ridge_teacher,1,9,64,moving,0.11781332743665957,0.11745108766483539,8,0,3,7,0.11745108812704683,0.11745108821983945,0.11782176001210698,0.1178247086850949,2.9486729879180107e-06,8.432575447414603e-06,1.1381248435332614e-05,0.13388871089628315,0.13448413300410691,0.000595422107823762,0.01667080556744735,0.11745108821983945,0.11745108821983945,0.0,0.0,105,2,0.11745108791002003,False,4,7,29
ridge_teacher,1,9,64,moving,0.11781332743665957,0.11745108766483539,8,1,4,6,0.11745108766587992,0.11745108947931197,0.11782168041358593,0.11782394132716914,2.260913583213009e-06,8.352976926362388e-06,1.0613890509575397e-05,0.12454964841865312,0.1249509219851383,0.0004012735664851719,0.007137594548478732,0.117451089479312,0.117451089479312,0.0,0.0,96,2,0.11745108791002003,False,3,6,25
ridge_teacher,1,9,64,moving,0.11781332743665957,0.11745108766483539,8,2,2,0,0.1174510877678668,0.11745108766865875,0.11782152998590265,0.11782405240389004,2.5224179873994945e-06,8.202549243080393e-06,1.0724967230479887e-05,0.12482518102794897,0.125294458095575,0.00046927706762601995,0.007481130658915425,0.11745108776786681,0.11745108776786681,0.0,0.0,108,4,0.11745108767431357,False,3,5,23
ridge_teacher,1,9,128,fixed,0.11745108935533907,0.11745108766483539,8,0,5,3,0.11745108887237231,0.11745108790456722,0.1174605663875998,0.11746270410655965,2.1377189598492663e-06,9.477032260729601e-06,1.1614751220578867e-05,0.12649803382332164,0.12707838035672442,0.0005803465334027758,0.009627291001385346,0.11745108887237235,0.11745108887237235,0.0,0.0,141,4,0.11745108767431357,False,8,11,71
ridge_teacher,1,9,128,fixed,0.11745108935533907,0.11745108766483539,8,1,1,4,0.11745108769036139,0.11745108802232646,0.11745399565091479,0.1174610851051708,7.0894542560095974e-06,2.9062955757136466e-06,9.995749831723244e-06,0.12670284530767578,0.12728795862153064,0.000585113313854857,0.009836869266191567,0.11745108802232646,0.11745108802232646,0.0,0.0,141,4,0.11745108767431357,True,0,13,54
ridge_teacher,1,9,128,fixed,0.11745108935533907,0.11745108766483539,8,2,2,6,0.11745108898499092,0.11745108773723047,0.11746045784314715,0.11746229240866926,1.8345655221074786e-06,9.368487808081305e-06,1.1203053330188784e-05,0.1258196638933615,0.12637027497800796,0.0005506110846464629,0.008919185622668885,0.11745108898499092,0.11745108898499092,0.0,0.0,174,4,0.11745108767431357,False,6,8,81
ridge_teacher,1,9,128,moving,0.11770723060755967,0.11745108766483539,8,0,0,4,0.11745108768290653,0.11745108802232646,0.11771099340287662,0.11771655838005288,5.564977176256147e-06,3.7627953169555584e-06,9.327772493211706e-06,0.12661036636039996,0.12717868066618215,0.0005683143057821916,0.009471450058622488,0.11745108802232646,0.11745108802232646,0.0,0.0,141,2,0.11745108791002003,True,0,9,30
ridge_teacher,1,9,128,moving,0.11770723060755967,0.11745108766483539,8,1,2,1,0.11745108898499092,0.11745108769036139,0.11771687363559108,0.11771909672013955,2.223084548474974e-06,9.643028031414147e-06,1.1866112579889121e-05,0.12912633040038865,0.12978543742422663,0.0006591070238379793,0.012078206816666964,0.11745108898499092,0.11745108898499092,0.0,0.0,159,2,0.11745108791002003,False,5,10,39
ridge_teacher,1,9,128,moving,0.11770723060755967,0.11745108766483539,8,2,3,6,0.11745108790456722,0.11745108773723047,0.11770052935635451,0.11771653353837784,1.6004182023326985e-05,0.0,9.302930818175237e-06,0.12327025241791964,0.12369118248157882,0.00042093006365917507,0.00598395187401915,0.11745108790456722,0.11745108790456722,0.0,0.0,159,4,0.11745108767431357,True,0,8,15
