dataset,input_dim,replicate,width,level_type,threshold,optimization_proxy,eligible_models,pair_index,model_left,model_right,endpoint_left,endpoint_right,sampled_path_max,certified_path_upper,certificate_width,sampled_gap,certified_gap_upper,direct_sampled_max,direct_certified_upper,direct_certificate_width,direct_certified_gap_upper,proof_node_max,proof_certified_upper,proof_certificate_width,proof_certified_gap_upper,proof_path_nodes,proof_bridge_width,proof_reference_objective,certified_below_level,unresolved_segments,trained_midpoints,path_nodes
ridge_teacher_binary,4,0,8,fixed,0.13106322484514552,0.1259064225021738,8,0,0,7,0.12924092804084833,0.1291529703534679,0.13396493245790445,0.13702368923406777,0.003058756776163324,0.0029017076127589303,0.005960464388922254,0.40961083866319425,0.44489728752784563,0.035286448864651376,0.3138340626827001,0.5952658636681969,0.5952658636681969,0.0,0.46420263882305135,11,4,0.13563541550396305,False,63,22,95
ridge_teacher_binary,4,0,8,fixed,0.13106322484514552,0.1259064225021738,8,1,3,6,0.13106728585227895,0.12898905650538026,0.13447092924174642,0.13835503654652379,0.0038841073047773678,0.0034077043966009024,0.00729181170137827,0.22572377359295612,0.25262999093152366,0.026906217338567545,0.12156676608637815,0.6328063934742814,0.6328063934742814,0.0,0.5017431686291358,11,4,0.13563541550396305,False,76,34,109
ridge_teacher_binary,4,0,8,fixed,0.13106322484514552,0.1259064225021738,8,2,4,1,0.12903931399886237,0.12693251420911675,0.15851903156724984,0.17297364049088426,0.014454608923634427,0.02745580672210432,0.04191041564573875,0.45307598182693165,0.49357111337327625,0.0404951315463446,0.36250788852813076,0.6293750846162177,0.6293750846162177,0.0,0.4983118597710722,11,4,0.13563541550396305,False,42,29,54
ridge_teacher_binary,4,0,8,moving,0.13596451556248826,0.1259064225021738,8,0,7,4,0.1291529703534679,0.12903931399886237,0.13604277435179146,0.13670804446582555,0.0006652701140340833,7.825878930320385e-05,0.0007435289033372872,0.34614464934544015,0.3832119858662056,0.03706733652076544,0.24724747030371733,0.5952658636681969,0.5952658636681969,0.0,0.45930134810570866,11,2,0.229225054334309,False,106,40,120
ridge_teacher_binary,4,0,8,moving,0.13596451556248826,0.1259064225021738,8,1,6,5,0.12898905650538026,0.12890835895716626,0.13609267781155854,0.13685096145572753,0.0007582836441689944,0.0001281622490702794,0.0008864458932392738,0.24021695612689492,0.27076101878537673,0.030544062658481808,0.13479650322288847,0.9497938280494493,0.9497938280494493,0.0,0.8138293124869611,11,2,0.229225054334309,False,73,35,101
ridge_teacher_binary,4,0,8,moving,0.13596451556248826,0.1259064225021738,8,2,1,0,0.12693251420911675,0.12924092804084833,0.13632300400085967,0.1374588981325911,0.0011358941317314297,0.00035848843837141264,0.0014943825701028424,0.4675270660977418,0.5086221152656606,0.041095049167918785,0.37265759970317236,0.6293750846162177,0.6293750846162177,0.0,0.4934105690537295,11,2,0.229225054334309,False,82,36,111
ridge_teacher_binary,4,0,16,fixed,0.13106322484514552,0.12524694245432882,8,0,5,3,0.1283172187757588,0.1289754278038096,0.13106831686267556,0.13154913059753665,0.00048081373486108525,5.092017530045068e-06,0.0004859057523911303,0.19802169130694416,0.2244190581494648,0.026397366842520642,0.09335583330431929,0.8982232955281869,0.8982232955281869,0.0,0.7671600706830414,11,4,0.13563541550396305,False,106,36,122
ridge_teacher_binary,4,0,16,fixed,0.13106322484514552,0.12524694245432882,8,1,0,4,0.1259572422966195,0.1274932166985718,0.1317670779375676,0.1341857446041319,0.0024186666665643175,0.0007038530924220743,0.0031225197589863918,0.2754555462187189,0.3107984580777854,0.03534291185906646,0.17973523323263987,1.1412943178070025,1.1412943178070025,0.0,1.010231092961857,11,4,0.13563541550396305,False,114,65,126
ridge_teacher_binary,4,0,16,fixed,0.13106322484514552,0.12524694245432882,8,2,1,2,0.12924716591119162,0.12800771586299406,0.13107324607107307,0.13139716493547765,0.00032391886440458206,1.002122592755339e-05,0.00033394009033213545,0.20123436144321294,0.22709553447231406,0.025861173029101125,0.09603230962716855,0.6198742694185646,0.6198742694185646,0.0,0.48881104457341906,11,4,0.13563541550396305,False,79,30,116
ridge_teacher_binary,4,0,16,moving,0.1325581412664826,0.12524694245432882,8,0,0,3,0.1259572422966195,0.1289754278038096,0.13257902149494777,0.13354786030042906,0.0009688388054812924,2.0880228465164352e-05,0.0009897190339464568,0.22819805917896754,0.25439837965292056,0.026200320473953015,0.12184023838643795,0.8982232955281869,0.8982232955281869,0.0,0.7656651542617043,11,2,0.229225054334309,False,92,32,109
ridge_teacher_binary,4,0,16,moving,0.1325581412664826,0.12524694245432882,8,1,4,6,0.1274932166985718,0.12874266524841987,0.1333714243826178,0.134398262295233,0.0010268379126152083,0.0008132831161351828,0.001840121028750391,0.3209423741299291,0.35676701610900274,0.035824641979073646,0.22420887484252014,1.1412943178070025,1.1412943178070025,0.0,1.0087361765405198,11,2,0.229225054334309,False,93,51,117
ridge_teacher_binary,4,0,16,moving,0.1325581412664826,0.12524694245432882,8,2,5,1,0.1283172187757588,0.12924716591119162,0.13256371241835552,0.13277553190227914,0.00021181948392362537,5.571151872912905e-06,0.00021739063579653828,0.17027668307199265,0.19137390070912907,0.02109721763713643,0.05881575944264647,0.5913787590758194,0.5913787590758194,0.0,0.4588206178093368,11,2,0.229225054334309,False,35,19,100
ridge_teacher_binary,4,0,32,fixed,0.13106322484514552,0.12524694245432882,8,0,5,0,0.12734535509804246,0.12654639970467885,0.1310643709294497,0.13120757470268765,0.0001432037732379543,1.1460843041821711e-06,0.00014434985754213647,0.20281196169912247,0.23350657667216324,0.030694614973040768,0.10244335182701772,0.9828463080104428,0.9828463080104428,0.0,0.8517830831652973,11,4,0.13563541550396305,False,84,24,118
ridge_teacher_binary,4,0,32,fixed,0.13106322484514552,0.12524694245432882,8,1,3,1,0.12706973068161093,0.12676676858558666,0.13107146765519284,0.13124526710337803,0.00017379944818518567,8.24281004732641e-06,0.00018204225823251208,0.19001776887614458,0.21634365678401235,0.026325887907867773,0.08528043193886684,1.0887000982661053,1.0887000982661053,0.0,0.9576368734209597,11,4,0.13563541550396305,False,77,23,110
ridge_teacher_binary,4,0,32,fixed,0.13106322484514552,0.12524694245432882,8,2,6,4,0.1264754091420973,0.12743711113885417,0.1310703951939433,0.13175361005218036,0.0006832148582370523,7.170348797796988e-06,0.0006903852070348493,0.18333602435885257,0.2103580158031163,0.027021991444263732,0.07929479095797079,0.6649176862360295,0.6649176862360295,0.0,0.533854461390884,11,4,0.13563541550396305,False,52,22,107
ridge_teacher_binary,4,0,32,moving,0.12963558951731669,0.12524694245432882,8,0,4,6,0.12743711113885417,0.1264754091420973,0.12964098596454404,0.12999304767664835,0.0003520617121043068,5.396447227357104e-06,0.0003574581593316639,0.18333602435885257,0.2103580158031163,0.027021991444263732,0.08072242628579962,0.6649176862360295,0.6649176862360295,0.0,0.5352820967187129,11,2,0.229225054334309,False,75,23,118
ridge_teacher_binary,4,0,32,moving,0.12963558951731669,0.12524694245432882,8,1,5,1,0.12734535509804246,0.12676676858558666,0.12993615515467477,0.13200068972181273,0.0020645345671379545,0.0003005656373580856,0.00236510020449604,0.25086308007541874,0.28636124742072616,0.03549816734530742,0.15672565790340948,0.9828463080104428,0.9828463080104428,0.0,0.8532107184931261,11,2,0.229225054334309,False,106,47,116
ridge_teacher_binary,4,0,32,moving,0.12963558951731669,0.12524694245432882,8,2,2,3,0.12660225169076852,0.12706973068161093,0.1312698926873636,0.13495947309110892,0.003689580403745313,0.0016343031700469246,0.005323883573792237,0.22286596322251082,0.25187540016127913,0.029009436938768313,0.12223981064396244,1.0887000982661053,1.0887000982661053,0.0,0.9590645087487886,11,2,0.229225054334309,False,80,30,96
ridge_teacher_binary,4,0,64,fixed,0.13106322484514552,0.1248112398604126,8,0,1,3,0.1255247596397264,0.12529109528271418,0.13107041499373812,0.13120528291315334,0.00013486791941522136,7.190148592600698e-06,0.00014205806800782206,0.19127177214893176,0.21887863461270674,0.027606862463774973,0.08781540976756122,0.5964105804121331,0.5964105804121331,0.0,0.4653473555669876,119,4,0.13563541550396305,False,63,18,105
ridge_teacher_binary,4,0,64,fixed,0.13106322484514552,0.1248112398604126,8,1,5,4,0.1256578114206601,0.1255891050697714,0.13106909846288506,0.13120522942606774,0.00013613096318268458,5.873617739543535e-06,0.00014200458092222812,0.18009744268512878,0.20669474388561246,0.026597301200483675,0.07563151904046694,0.5774722768804128,0.5774722768804128,0.0,0.44640905203526726,140,4,0.13563541550396305,False,58,16,108
ridge_teacher_binary,4,0,64,fixed,0.13106322484514552,0.1248112398604126,8,2,0,6,0.12490564320737732,0.12555393983106786,0.1310613731812271,0.13122396110180232,0.00016258792057521898,0.0,0.00016073625665680158,0.20825594716023135,0.23972626552830367,0.03147031836807232,0.10866304068315816,0.6343266548448251,0.6343266548448251,0.0,0.5032634299996795,11,4,0.13563541550396305,False,61,21,105
ridge_teacher_binary,4,0,64,moving,0.12765763307029077,0.1248112398604126,8,0,0,7,0.12490564320737732,0.12549893272239127,0.13126070294068526,0.13979195667893146,0.008531253738246203,0.003603069870394493,0.012134323608640696,0.24003729232458693,0.274970457662021,0.03493316533743407,0.14731282459173023,0.229225054334309,0.229225054334309,0.0,0.10156742126401824,230,2,0.229225054334309,False,46,23,52
ridge_teacher_binary,4,0,64,moving,0.12765763307029077,0.1248112398604126,8,1,5,1,0.1256578114206601,0.1255247596397264,0.13216641767128467,0.13768905854466115,0.005522640873376478,0.004508784600993909,0.010031425474370387,0.21146069606843526,0.24284543774610295,0.031384741677667694,0.11518780467581219,0.229225054334309,0.229225054334309,0.0,0.10156742126401824,240,2,0.229225054334309,False,54,18,62
ridge_teacher_binary,4,0,64,moving,0.12765763307029077,0.1248112398604126,8,2,4,6,0.1255891050697714,0.12555393983106786,0.13249695304674353,0.13825949961194423,0.005762546565200699,0.004839319976452761,0.01060186654165346,0.19132785064043528,0.2197094599978579,0.02838160935742262,0.09205182692756714,0.229225054334309,0.229225054334309,0.0,0.10156742126401824,303,2,0.229225054334309,False,51,21,65
ridge_teacher_binary,4,0,128,fixed,0.13106322484514552,0.12453848857412644,8,0,5,3,0.12514494867731493,0.1251704433076549,0.13106790870375634,0.13116647578536667,9.856708161032346e-05,4.683858610826652e-06,0.00010325094022115011,0.21307412405474577,0.24781730678840755,0.03474318273366178,0.11675408194326203,0.13563541550396305,0.13563541550396305,0.0,0.004572190658817532,702,4,0.13563541550396305,False,50,18,113
ridge_teacher_binary,4,0,128,fixed,0.13106322484514552,0.12453848857412644,8,1,0,1,0.12477488002940595,0.12469907112592601,0.13106795808190214,0.13120508307716677,0.00013712499526463695,4.733236756621073e-06,0.00014185823202125802,0.2168248456518442,0.2517489488715278,0.034924103219683617,0.12068572402638231,0.13563541550396305,0.13563541550396305,0.0,0.004572190658817532,683,4,0.13563541550396305,False,58,16,105
ridge_teacher_binary,4,0,128,fixed,0.13106322484514552,0.12453848857412644,8,2,6,2,0.12509079415268948,0.12502948559077193,0.13105724379479605,0.13134575750634864,0.00028851371155258487,0.0,0.00028253266120312204,0.23159282336064643,0.26955014590816845,0.037957322547522016,0.13848692106302293,0.13563541550396305,0.13563541550396305,0.0,0.004572190658817532,620,4,0.13563541550396305,False,62,21,111
ridge_teacher_binary,4,0,128,moving,0.1264866786351228,0.12453848857412644,8,0,0,3,0.12477488002940595,0.1251704433076549,0.22626294198387964,0.2613902415840218,0.03512729960014216,0.09977626334875683,0.134903562948899,0.22626294198387964,0.2613902415840218,0.03512729960014216,0.134903562948899,0.12710523870887275,0.12710523870887275,0.0,0.0006185600737499408,677,8,0.12710523870887275,False,1,0,2
ridge_teacher_binary,4,0,128,moving,0.1264866786351228,0.12453848857412644,8,1,6,5,0.12509079415268948,0.12514494867731493,0.2056662207230247,0.24028555001760304,0.03461932929457834,0.0791795420879019,0.11379887138248024,0.2056662207230247,0.24028555001760304,0.03461932929457834,0.11379887138248024,0.12689476659358903,0.12689476659358903,0.0,0.0004080879584662245,431,16,0.12576389202350707,False,1,0,2
ridge_teacher_binary,4,0,128,moving,0.1264866786351228,0.12453848857412644,8,2,4,7,0.12517432114880833,0.12551332544423469,0.21028303230917514,0.2459188433101862,0.03563581100101107,0.08379635367405233,0.1194321646750634,0.21028303230917514,0.2459188433101862,0.03563581100101107,0.1194321646750634,0.12616322619430811,0.12616322619430811,0.0,0.0,517,16,0.12576389202350707,False,1,0,2
ridge_teacher_binary,4,1,8,fixed,0.13106322484514552,0.1259064225021738,6,0,6,1,0.12809020502720375,0.1272088772616769,0.13514272407721858,0.13857594684107724,0.0034332227638586565,0.004079499232073069,0.007512721995931726,0.26812149540864993,0.3015594280963748,0.03343793268772488,0.1704962032512293,1.0637740175807406,1.0637740175807406,0.0,0.9327107927355951,11,4,0.13563541550396305,False,48,30,69
ridge_teacher_binary,4,1,8,fixed,0.13106322484514552,0.1259064225021738,6,1,0,4,0.12741489495877115,0.12942054199346137,0.13241408699619092,0.13474343996659377,0.002329352970402848,0.0013508621510454066,0.003680215121448255,0.18499317437511442,0.20073720686923507,0.015744032494120652,0.06967398202408956,0.545283672693456,0.545283672693456,0.0,0.41422044784831047,11,4,0.13563541550396305,False,98,43,111
ridge_teacher_binary,4,1,8,fixed,0.13106322484514552,0.1259064225021738,6,2,7,3,0.12748253347567817,0.13015152090120996,0.3932181428951815,0.43088001702778245,0.03766187413260097,0.262154918050036,0.2998167921826369,0.3932181428951815,0.43088001702778245,0.03766187413260097,0.2998167921826369,0.8803827866563312,0.8803827866563312,0.0,0.7493195618111856,11,4,0.13563541550396305,False,1,0,2
ridge_teacher_binary,4,1,8,moving,0.13596451556248826,0.1259064225021738,7,0,6,0,0.12809020502720375,0.12741489495877115,0.13607022666967297,0.13652039929314866,0.00045017262347568643,0.00010571110718471388,0.0005558837306604003,0.28111585817761287,0.31525032172177286,0.03413446354416,0.1792858061592846,1.009221688631473,1.009221688631473,0.0,0.8732571730689849,11,2,0.229225054334309,False,62,41,86
ridge_teacher_binary,4,1,8,moving,0.13596451556248826,0.1259064225021738,7,1,4,1,0.12942054199346137,0.1272088772616769,0.1359701024818179,0.13637844393845688,0.00040834145663898314,5.586919329642059e-06,0.0004139283759686252,0.20987045510473992,0.23451637554546856,0.024645920440728636,0.0985518599829803,1.0637740175807406,1.0637740175807406,0.0,0.9278095020182524,11,2,0.229225054334309,False,51,23,76
ridge_teacher_binary,4,1,8,moving,0.13596451556248826,0.1259064225021738,7,2,7,2,0.12748253347567817,0.13404633631560914,0.13602011364425007,0.1372414566381975,0.0012213429939474385,5.559808176180958e-05,0.001276941075709248,0.39896566264727135,0.43536886320103896,0.03640320055376761,0.2994043476385507,0.5546246752126178,0.5546246752126178,0.0,0.4186601596501296,11,2,0.229225054334309,False,110,45,122
ridge_teacher_binary,4,1,16,fixed,0.13106322484514552,0.12524694245432882,8,0,3,5,0.12809739224648922,0.12781378181790132,0.1313026694782211,0.13245490840472118,0.001152238926500071,0.00023944463307559727,0.0013916835595756682,0.23658849557481407,0.26892126671271643,0.032332771137902366,0.13785804186757092,0.9897315234998092,0.9897315234998092,0.0,0.8586682986546637,11,4,0.13563541550396305,False,97,44,117
ridge_teacher_binary,4,1,16,fixed,0.13106322484514552,0.12524694245432882,8,1,1,6,0.12609503931089885,0.12739386476289044,0.13125689677492347,0.13309886837511062,0.0018419716001871478,0.00019367192977795544,0.0020356435299651032,0.20908796196271684,0.23314879493750768,0.024060832974790836,0.10208557009236216,0.6311966966825585,0.6311966966825585,0.0,0.500133471837413,11,4,0.13563541550396305,False,93,31,124
ridge_teacher_binary,4,1,16,fixed,0.13106322484514552,0.12524694245432882,8,2,4,7,0.1265006929375978,0.12524694245432882,0.1312110267882537,0.13216358696650166,0.0009525601782479631,0.00014780194310817785,0.001100362121356141,0.25557058492453866,0.2888787973472129,0.03330821242267423,0.15781557250206737,1.2231740343477666,1.2231740343477666,0.0,1.092110809502621,11,4,0.13563541550396305,False,105,48,115
ridge_teacher_binary,4,1,16,moving,0.1325581412664826,0.12524694245432882,8,0,5,4,0.12781378181790132,0.1265006929375978,0.13255668082578864,0.13276045008304477,0.0002037692572561256,0.0,0.00020230881656216337,0.19133877708153654,0.22066919178628217,0.029330414704745622,0.08811105051979956,1.2231740343477666,1.2231740343477666,0.0,1.090615893081284,11,2,0.229225054334309,False,84,27,112
ridge_teacher_binary,4,1,16,moving,0.1325581412664826,0.12524694245432882,8,1,2,1,0.12664330093865517,0.12609503931089885,0.13288283015638136,0.13392344070765377,0.001040610551272414,0.00032468888989875544,0.0013652994411711694,0.3484484123053757,0.3883122939913228,0.03986388168594707,0.25575415272484014,0.976510177714647,0.976510177714647,0.0,0.8439520364481644,11,2,0.229225054334309,False,87,46,100
ridge_teacher_binary,4,1,16,moving,0.1325581412664826,0.12524694245432882,8,2,7,6,0.12524694245432882,0.12739386476289044,0.13256247175573566,0.1327964382631894,0.0002339665074537478,4.330489253051573e-06,0.00023829699670679938,0.23210470246212317,0.260163366601881,0.028058664139757827,0.1276052253353984,1.1318229561981954,1.1318229561981954,0.0,0.9992648149317128,11,2,0.229225054334309,False,80,19,111
ridge_teacher_binary,4,1,32,fixed,0.13106322484514552,0.12524694245432882,8,0,5,0,0.12648233917027682,0.12646609039054024,0.1310670880429245,0.1314224369501577,0.00035534890723321055,3.863197778980476e-06,0.00035921210501219103,0.18404608619616827,0.2113894698861793,0.02734338369001102,0.08032624504103378,1.0067768322831594,1.0067768322831594,0.0,0.8757136074380139,11,4,0.13563541550396305,False,82,24,108
ridge_teacher_binary,4,1,32,fixed,0.13106322484514552,0.12524694245432882,8,1,6,4,0.1261742765605646,0.125996134969784,0.1310698115176081,0.1313206673372712,0.00025085581966310944,6.586672462588483e-06,0.0002574424921256979,0.18628097169056337,0.21520783417963593,0.028926862489072558,0.08414460933449042,0.6157664248940453,0.6157664248940453,0.0,0.4847032000488998,11,4,0.13563541550396305,False,84,24,114
ridge_teacher_binary,4,1,32,fixed,0.13106322484514552,0.12524694245432882,8,2,2,7,0.12625816332984155,0.12713763737347133,0.1310715840043563,0.13122218570704708,0.0001506017026907669,8.359159210796774e-06,0.00015896086190156367,0.1965437161514487,0.22405611480155505,0.02751239865010635,0.09299288995640953,0.6318375204018613,0.6318375204018613,0.0,0.5007742955567157,11,4,0.13563541550396305,False,64,23,114
ridge_teacher_binary,4,1,32,moving,0.12963558951731669,0.12524694245432882,8,0,3,4,0.1254621153257559,0.125996134969784,0.12983733568307546,0.13091170111478959,0.0010743654317141305,0.00020174616575877047,0.001276111597472901,0.22141561938528387,0.25339418032606015,0.03197856094077628,0.12375859080874346,0.5944553162895755,0.5944553162895755,0.0,0.4648197267722588,11,2,0.229225054334309,False,104,32,120
ridge_teacher_binary,4,1,32,moving,0.12963558951731669,0.12524694245432882,8,1,0,1,0.12646609039054024,0.1266798646411747,0.12968442093011276,0.13022506309855167,0.0005406421684389096,4.883141279607428e-05,0.0005894735812349838,0.2381263415958835,0.27250023551906544,0.034373893923181936,0.14286464600174875,0.9694953684225525,0.9694953684225525,0.0,0.8398597789052358,11,2,0.229225054334309,False,117,46,126
ridge_teacher_binary,4,1,32,moving,0.12963558951731669,0.12524694245432882,8,2,2,7,0.12625816332984155,0.12713763737347133,0.1296375840210558,0.13001561092300037,0.0003780269019445781,1.994503739111142e-06,0.00038002140568368925,0.1965437161514487,0.22405611480155505,0.02751239865010635,0.09442052528423836,0.6318375204018613,0.6318375204018613,0.0,0.5022019308845446,11,2,0.229225054334309,False,98,30,121
ridge_teacher_binary,4,1,64,fixed,0.13106322484514552,0.1248112398604126,8,0,6,2,0.12534129747519837,0.12507856014226512,0.13105210517574495,0.13115695931182378,0.00010485413607883021,0.0,9.373446667826357e-05,0.22894339120285928,0.263235132437968,0.0342917412351087,0.13217190759282246,0.6147868268505454,0.6147868268505454,0.0,0.4837236020053999,122,4,0.13563541550396305,False,31,18,107
ridge_teacher_binary,4,1,64,fixed,0.13106322484514552,0.1248112398604126,8,1,4,1,0.12582136774930247,0.12528696950998147,0.13107284958177626,0.13123102148777785,0.0001581719060015918,9.624736630742259e-06,0.00016779664263233407,0.1962516018420311,0.22716526843098547,0.030913666588954364,0.09610204358583996,1.0841418800111962,1.0841418800111962,0.0,0.9530786551660506,174,4,0.13563541550396305,False,55,20,110
ridge_teacher_binary,4,1,64,fixed,0.13106322484514552,0.1248112398604126,8,2,7,0,0.12587612751055502,0.1254831691296239,0.13105688624940776,0.13123833034549118,0.00018144409608342182,0.0,0.00017510550034566252,0.24300552655290886,0.2789206282997434,0.035915101746834543,0.14785740345459789,1.1065757734546817,1.1065757734546817,0.0,0.9755125486095362,104,4,0.13563541550396305,False,71,29,120
ridge_teacher_binary,4,1,64,moving,0.12765763307029077,0.1248112398604126,8,0,3,5,0.1261547277219055,0.1254369666157849,0.12839829714501388,0.1318666253133122,0.0034683281682983125,0.0007406640747231186,0.004208992243021431,0.20214794297996663,0.23213392173119957,0.029985978751232933,0.1044762886609088,0.229225054334309,0.229225054334309,0.0,0.10156742126401824,249,2,0.229225054334309,False,90,35,97
ridge_teacher_binary,4,1,64,moving,0.12765763307029077,0.1248112398604126,8,1,6,0,0.12534129747519837,0.1254831691296239,0.12876234429048342,0.1317573413509807,0.002994997060497273,0.0011047112201926501,0.004099708280689923,0.2025671221723366,0.23260479093351333,0.030037668761176722,0.10494715786322256,0.229225054334309,0.229225054334309,0.0,0.10156742126401824,236,2,0.229225054334309,False,92,32,103
ridge_teacher_binary,4,1,64,moving,0.12765763307029077,0.1248112398604126,8,2,4,7,0.12582136774930247,0.12587612751055502,0.12800647179330868,0.1299926571327567,0.0019861853394480267,0.0003488387230179135,0.00233502406246594,0.18622066198991352,0.21356895582049923,0.027348293830585707,0.08591132275020846,0.229225054334309,0.229225054334309,0.0,0.10156742126401824,177,2,0.229225054334309,False,103,29,122
ridge_teacher_binary,4,1,128,fixed,0.13106322484514552,0.12453848857412644,8,0,2,0,0.12511718024693808,0.12465618422806053,0.13107156757990665,0.13119736918654232,0.00012580160663566708,8.34273476113534e-06,0.00013414434139680242,0.20165199173078457,0.23517218399363954,0.033520192262854964,0.10410895914849402,0.13563541550396305,0.13563541550396305,0.0,0.004572190658817532,602,4,0.13563541550396305,False,54,16,108
ridge_teacher_binary,4,1,128,fixed,0.13106322484514552,0.12453848857412644,8,1,5,7,0.12453848857412644,0.12531419537654515,0.13106233430898934,0.13122123617711848,0.00015890186812914098,0.0,0.00015801133197296258,0.22181118339745104,0.2588821668414552,0.03707098344400417,0.1278189419963097,0.13563541550396305,0.13563541550396305,0.0,0.004572190658817532,680,4,0.13563541550396305,False,45,19,114
ridge_teacher_binary,4,1,128,fixed,0.13106322484514552,0.12453848857412644,8,2,1,4,0.1251615441076808,0.1249248371008299,0.1310626070563683,0.13132017009961278,0.00025756304324447976,0.0,0.00025694525446726124,0.21734832172100826,0.25367723441333634,0.036328912692328075,0.12261400956819082,0.13563541550396305,0.13563541550396305,0.0,0.004572190658817532,668,4,0.13563541550396305,False,41,15,103
ridge_teacher_binary,4,1,128,moving,0.1264866786351228,0.12453848857412644,8,0,6,4,0.1251758925184952,0.1249248371008299,0.13005692409970998,0.1351972667685236,0.005140342668813608,0.003570245464587174,0.008710588133400782,0.18674482320777103,0.21850383377535643,0.0317590105675854,0.09201715514023362,0.12710523870887275,0.12710523870887275,0.0,0.0006185600737499408,677,8,0.12710523870887275,False,29,8,35
ridge_teacher_binary,4,1,128,moving,0.1264866786351228,0.12453848857412644,8,1,1,3,0.1251615441076808,0.12488214980809478,0.140559503693389,0.15642439944524678,0.015864895751857788,0.01407282505826618,0.02993772081012397,0.19402897695521992,0.22627136617225221,0.03224238921703229,0.09978468753712941,0.12710523870887275,0.12710523870887275,0.0,0.0006185600737499408,703,8,0.12710523870887275,False,15,4,19
ridge_teacher_binary,4,1,128,moving,0.1264866786351228,0.12453848857412644,8,2,0,2,0.12465618422806053,0.12511718024693808,0.14056732654985707,0.15619245615163646,0.01562512960177939,0.014080647914734262,0.029705777516513654,0.20165199173078457,0.23517218399363954,0.033520192262854964,0.10868550535851673,0.12576389202350707,0.12576389202350707,0.0,0.0,422,16,0.12576389202350707,False,2,1,3
ridge_teacher_binary,4,2,8,fixed,0.13106322484514552,0.1259064225021738,7,0,0,2,0.129791197218774,0.1288346127919739,0.42949366537800626,0.4694110049813579,0.03991733960335164,0.2984304405328607,0.33834778013621236,0.42949366537800626,0.4694110049813579,0.03991733960335164,0.33834778013621236,1.018029484948768,1.018029484948768,0.0,0.8869662601036226,11,4,0.13563541550396305,False,1,0,2
ridge_teacher_binary,4,2,8,fixed,0.13106322484514552,0.1259064225021738,7,1,6,1,0.1287917798333793,0.12929204730345817,0.13158733801687486,0.1329377733243142,0.001350435307439335,0.0005241131717293457,0.0018745484791686806,0.22243610511315032,0.24807012163557896,0.025634016522428638,0.11700689679043344,0.6260445294476182,0.6260445294476182,0.0,0.4949813046024727,11,4,0.13563541550396305,False,87,47,120
ridge_teacher_binary,4,2,8,fixed,0.13106322484514552,0.1259064225021738,7,2,7,3,0.12972020399712264,0.13004104018629722,0.1317954426429908,0.13352102611354474,0.001725583470553932,0.0007322177978452971,0.002457801268399229,0.17919479885297449,0.19708408874829225,0.017889289895317767,0.06602086390314674,1.0565860718886446,1.0565860718886446,0.0,0.9255228470434991,11,4,0.13563541550396305,False,58,19,79
ridge_teacher_binary,4,2,8,moving,0.13596451556248826,0.1259064225021738,8,0,4,0,0.13112586426260991,0.129791197218774,0.13598831475504583,0.13660318464520177,0.0006148698901559391,2.3799192557572013e-05,0.0006386690827135111,0.20302618696147307,0.22609698943981302,0.023070802478339952,0.09013247387732476,0.5445452558163018,0.5445452558163018,0.0,0.4085807402538135,11,2,0.229225054334309,False,87,30,116
ridge_teacher_binary,4,2,8,moving,0.13596451556248826,0.1259064225021738,8,1,1,3,0.12929204730345817,0.13004104018629722,0.1370183420267988,0.13923219090543132,0.0022138488786325183,0.0010538264643105422,0.0032676753429430605,0.23680630147569354,0.26083753249457065,0.02403123101887711,0.12487301693208239,0.9018641836649555,0.9018641836649555,0.0,0.7658996681024672,11,2,0.229225054334309,False,56,27,84
ridge_teacher_binary,4,2,8,moving,0.13596451556248826,0.1259064225021738,8,2,6,7,0.1287917798333793,0.12972020399712264,0.1360647191414905,0.13709349486275255,0.0010287757212620596,0.0001002035790022282,0.0011289793002642878,0.3401223616610783,0.3753975881509933,0.03527522648991499,0.23943307258850502,1.0565860718886446,1.0565860718886446,0.0,0.9206215563261564,11,2,0.229225054334309,False,70,35,86
ridge_teacher_binary,4,2,16,fixed,0.13106322484514552,0.12524694245432882,8,0,3,0,0.1273908845017047,0.1265887588154617,0.13182470815774974,0.13341026406555667,0.0015855559078069292,0.0007614833126042275,0.0023470392204111568,0.24724109665492228,0.283742638469726,0.03650154181480375,0.1526794136245805,0.5686270173359045,0.5686270173359045,0.0,0.43756379249075894,11,4,0.13563541550396305,False,106,48,120
ridge_teacher_binary,4,2,16,fixed,0.13106322484514552,0.12524694245432882,8,1,6,1,0.127963405066271,0.12828604055735762,0.13107255022628655,0.13131758086769713,0.00024503064141057074,9.325381141039868e-06,0.0002543560225516106,0.2066702418011914,0.23228843822449274,0.025618196423301348,0.10122521337934723,0.5912379078283527,0.5912379078283527,0.0,0.4601746829832072,11,4,0.13563541550396305,False,85,28,119
ridge_teacher_binary,4,2,16,fixed,0.13106322484514552,0.12524694245432882,8,2,2,5,0.12781357009521013,0.1286576521145678,0.13110235903444603,0.1321605908489006,0.00105823181445458,3.913418930051593e-05,0.0010973660037550959,0.18511937244283427,0.21014460812084151,0.02502523567800724,0.079081383275696,1.0248385481221327,1.0248385481221327,0.0,0.8937753232769872,11,4,0.13563541550396305,False,85,38,118
ridge_teacher_binary,4,2,16,moving,0.1325581412664826,0.12524694245432882,8,0,2,4,0.12781357009521013,0.12734399950179914,0.13275917957751293,0.13337685744804026,0.0006176778705273278,0.0002010383110303271,0.0008187161815576549,0.231144281102189,0.2622087746853935,0.03106449358320451,0.1296506334189109,0.5993492373858745,0.5993492373858745,0.0,0.46679109611939196,11,2,0.229225054334309,False,85,36,119
ridge_teacher_binary,4,2,16,moving,0.1325581412664826,0.12524694245432882,8,1,6,3,0.127963405066271,0.1273908845017047,0.13255845259260846,0.13310868374838042,0.000550231155771963,3.1132612585138553e-07,0.0005505424818978144,0.2564847465230064,0.2882901339890197,0.0318053874660133,0.1557319927225371,0.5477293277983304,0.5477293277983304,0.0,0.4151711865318478,11,2,0.229225054334309,False,92,33,111
ridge_teacher_binary,4,2,16,moving,0.1325581412664826,0.12524694245432882,8,2,7,0,0.1270732352853501,0.1265887588154617,0.13264418319689378,0.13395537192096754,0.001311188724073764,8.60419304111737e-05,0.0013972306544849378,0.25221908617672567,0.28715003151646545,0.03493094533973978,0.15459189024998285,0.6125733353165472,0.6125733353165472,0.0,0.48001519405006465,11,2,0.229225054334309,False,96,38,114
ridge_teacher_binary,4,2,32,fixed,0.13106322484514552,0.12524694245432882,8,0,0,3,0.12719125374641016,0.12598159315401725,0.1310621367043075,0.13131144990792135,0.000249313203613849,0.0,0.0002482250627758309,0.18544324620344477,0.20979322817497992,0.02434998197153515,0.0787300033298344,1.2354546074808568,1.2354546074808568,0.0,1.1043913826357112,11,4,0.13563541550396305,False,59,22,111
ridge_teacher_binary,4,2,32,fixed,0.13106322484514552,0.12524694245432882,8,1,6,2,0.12607751763742656,0.12613728169138583,0.13106673101023858,0.1313795649387209,0.00031283392848233116,3.5061650930645616e-06,0.0003163400935753957,0.19105904051255895,0.21952500928421503,0.02846596877165608,0.08846178443906952,0.5803482434323869,0.5803482434323869,0.0,0.44928501858724135,11,4,0.13563541550396305,False,49,23,102
ridge_teacher_binary,4,2,32,fixed,0.13106322484514552,0.12524694245432882,8,2,4,1,0.12621075073694962,0.12550124405090882,0.13107107763672393,0.13129825660697925,0.00022717897025531508,7.852791578416563e-06,0.00023503176183373164,0.21638835982542173,0.2520886002054136,0.03570024037999189,0.12102537536026811,0.939197037732697,0.939197037732697,0.0,0.8081338128875515,87,4,0.13563541550396305,False,82,25,112
ridge_teacher_binary,4,2,32,moving,0.12963558951731669,0.12524694245432882,8,0,2,0,0.12613728169138583,0.12719125374641016,0.13160891867330984,0.13467073193937654,0.003061813266066693,0.0019733291559931587,0.005035142422059852,0.26985624591691976,0.3043425584683583,0.034486312551438525,0.1747069689510416,1.2354546074808568,1.2354546074808568,0.0,1.10581901796354,11,2,0.229225054334309,False,92,45,110
ridge_teacher_binary,4,2,32,moving,0.12963558951731669,0.12524694245432882,8,1,4,3,0.12621075073694962,0.12598159315401725,0.1296436331879849,0.13027449209817785,0.0006308589101929329,8.04367066822853e-06,0.0006389025808611615,0.23028952716638063,0.2638746466073868,0.03358511944100617,0.1342390570900701,0.939197037732697,0.939197037732697,0.0,0.8095614482153803,11,2,0.229225054334309,False,107,37,122
ridge_teacher_binary,4,2,32,moving,0.12963558951731669,0.12524694245432882,8,2,7,1,0.1273007510697582,0.12550124405090882,0.1297686238879785,0.13086062082649194,0.0010919969385134454,0.0001330343706618109,0.0012250313091752563,0.20531093342542714,0.23772493349261292,0.03241400006718578,0.10808934397529624,0.6102192898876803,0.6102192898876803,0.0,0.4805837003703636,87,2,0.229225054334309,False,97,31,119
ridge_teacher_binary,4,2,64,fixed,0.13106322484514552,0.1248112398604126,8,0,7,4,0.12580123345803745,0.1251556181653717,0.13106399399841745,0.13117634399494152,0.0001123499965240693,7.691532719344973e-07,0.00011311914979600379,0.19117853447885533,0.21988240123770408,0.028703866758848756,0.08881917639255857,0.608627222614622,0.608627222614622,0.0,0.47756399776947644,119,4,0.13563541550396305,False,50,20,104
ridge_teacher_binary,4,2,64,fixed,0.13106322484514552,0.1248112398604126,8,1,2,6,0.12538725125173383,0.1259169939796084,0.1310716759126066,0.13127871459127013,0.00020703867866353476,8.451067461084927e-06,0.00021548974612461969,0.2868475004298987,0.32385257042021665,0.03700506999031794,0.19278934557507113,0.6159138263643864,0.6159138263643864,0.0,0.48485060151924086,92,4,0.13563541550396305,False,91,29,115
ridge_teacher_binary,4,2,64,fixed,0.13106322484514552,0.1248112398604126,8,2,5,3,0.12608601639614314,0.12538042913618672,0.13105171642227392,0.1312526803591807,0.00020096393690677283,0.0,0.00018945551403518057,0.23366438030194076,0.26762219963101563,0.03395781932907488,0.13655897478587012,0.9438901136661542,0.9438901136661542,0.0,0.8128268888210086,11,4,0.13563541550396305,False,68,24,117
ridge_teacher_binary,4,2,64,moving,0.12765763307029077,0.1248112398604126,8,0,1,5,0.12554831063429667,0.12608601639614314,0.19180480876609105,0.22320540021832289,0.03140059145223184,0.06414717569580028,0.09554776714803212,0.19180480876609105,0.22320540021832289,0.03140059145223184,0.09554776714803212,0.229225054334309,0.229225054334309,0.0,0.10156742126401824,282,2,0.229225054334309,False,1,0,2
ridge_teacher_binary,4,2,64,moving,0.12765763307029077,0.1248112398604126,8,1,0,6,0.12514694146976676,0.1259169939796084,0.18918835718166038,0.21745087099490434,0.02826251381324396,0.06153072411136962,0.08979323792461358,0.18918835718166038,0.21745087099490434,0.02826251381324396,0.08979323792461358,0.229225054334309,0.229225054334309,0.0,0.10156742126401824,261,2,0.229225054334309,False,1,0,2
ridge_teacher_binary,4,2,64,moving,0.12765763307029077,0.1248112398604126,8,2,7,2,0.12580123345803745,0.12538725125173383,0.1311928204005341,0.13639204376523936,0.005199223364705269,0.003535187330243328,0.008734410694948597,0.25732255450120467,0.2932381375375128,0.03591558303630815,0.16558050446722206,0.229225054334309,0.229225054334309,0.0,0.10156742126401824,153,2,0.229225054334309,False,97,55,107
ridge_teacher_binary,4,2,128,fixed,0.13106322484514552,0.12453848857412644,8,0,3,5,0.1246493775769046,0.12526135595578713,0.13106093769331384,0.13114809058667506,8.715289336122534e-05,0.0,8.486574152954951e-05,0.19198603744174894,0.22351524157040653,0.03152920412865759,0.09245201672526102,0.13563541550396305,0.13563541550396305,0.0,0.004572190658817532,665,4,0.13563541550396305,False,33,14,102
ridge_teacher_binary,4,2,128,fixed,0.13106322484514552,0.12453848857412644,8,1,7,2,0.12518364804135104,0.1252053013553413,0.1310381728799082,0.13119393264014212,0.00015575976023390892,0.0,0.000130707794996604,0.22918896430567798,0.26707672135635907,0.03788775705068109,0.13601349651121356,0.13563541550396305,0.13563541550396305,0.0,0.004572190658817532,576,4,0.13563541550396305,False,39,21,107
ridge_teacher_binary,4,2,128,fixed,0.13106322484514552,0.12453848857412644,8,2,6,0,0.12462130189067601,0.12549531101004827,0.1310385278531952,0.13129372815473303,0.00025520030153783346,0.0,0.0002305033095875153,0.23138394173676635,0.2680688018634014,0.03668486012663502,0.13700557701825586,0.13563541550396305,0.13563541550396305,0.0,0.004572190658817532,659,4,0.13563541550396305,False,37,16,106
ridge_teacher_binary,4,2,128,moving,0.1264866786351228,0.12453848857412644,8,0,7,0,0.12518364804135104,0.12549531101004827,0.20172747705973615,0.2361921488239342,0.03446467176419804,0.07524079842461334,0.10970547018881138,0.20172747705973615,0.2361921488239342,0.03446467176419804,0.10970547018881138,0.12710523870887275,0.12710523870887275,0.0,0.0006185600737499408,499,8,0.12710523870887275,False,1,0,2
ridge_teacher_binary,4,2,128,moving,0.1264866786351228,0.12453848857412644,8,1,1,5,0.12529520576592332,0.12526135595578713,0.20078251324006968,0.23324428908533684,0.03246177584526716,0.07429583460494688,0.10675761045021404,0.20078251324006968,0.23324428908533684,0.03246177584526716,0.10675761045021404,0.12710523870887275,0.12710523870887275,0.0,0.0006185600737499408,626,8,0.12710523870887275,False,1,0,2
ridge_teacher_binary,4,2,128,moving,0.1264866786351228,0.12453848857412644,8,2,4,6,0.12465689134817409,0.12462130189067601,0.13234094628086965,0.14063912555732774,0.008298179276458095,0.005854267645746841,0.014152446922204936,0.21130412582169175,0.24677644521303813,0.035472319391346374,0.12028976657791532,0.12710523870887275,0.12710523870887275,0.0,0.0006185600737499408,612,8,0.12710523870887275,False,14,7,18
ridge_teacher_binary,4,3,8,fixed,0.13106322484514552,0.1259064225021738,6,0,1,2,0.13106322484514552,0.1293092859934021,0.13190720490174185,0.13428217658991073,0.0023749716881688865,0.0008439800565963329,0.0032189517447652194,0.22952230661751724,0.2616662197814786,0.03214391316396134,0.13060299493633307,1.0664673889831306,1.0664673889831306,0.0,0.9354041641379851,11,4,0.13563541550396305,False,77,34,110
ridge_teacher_binary,4,3,8,fixed,0.13106322484514552,0.1259064225021738,6,1,0,3,0.13023536593656376,0.12807395696943177,0.2422495619039498,0.2728451579207579,0.030595596016808113,0.11118633705880429,0.1417819330756124,0.2422495619039498,0.2728451579207579,0.030595596016808113,0.1417819330756124,1.0393173298895049,1.0393173298895049,0.0,0.9082541050443593,11,4,0.13563541550396305,False,1,0,2
ridge_teacher_binary,4,3,8,fixed,0.13106322484514552,0.1259064225021738,6,2,7,4,0.13021235085765023,0.13067923379956412,0.2241764240560027,0.2531046970717823,0.028928273015779604,0.09311319921085717,0.12204147222663678,0.2241764240560027,0.2531046970717823,0.028928273015779604,0.12204147222663678,1.1471486185163164,1.1471486185163164,0.0,1.016085393671171,11,4,0.13563541550396305,False,1,0,2
ridge_teacher_binary,4,3,8,moving,0.13596451556248826,0.1259064225021738,8,0,5,4,0.1314493041044431,0.13067923379956412,0.13611532663764458,0.13663191574778957,0.0005165891101449882,0.0001508110751563263,0.0006674001853013145,0.4319068181056593,0.4695080981952914,0.037601280089632094,0.33354358263280315,1.1471486185163164,1.1471486185163164,0.0,1.0111841029538282,11,2,0.229225054334309,False,67,28,106
ridge_teacher_binary,4,3,8,moving,0.13596451556248826,0.1259064225021738,8,1,3,6,0.12807395696943177,0.13113627122940671,0.13594837449077948,0.13604619831436982,9.78238235903317e-05,0.0,8.16827518815566e-05,0.15378908066846897,0.16866436204458948,0.014875281376120514,0.032699846482101225,1.3449779047598636,1.3449779047598636,0.0,1.2090133891973753,11,2,0.229225054334309,False,22,8,66
ridge_teacher_binary,4,3,8,moving,0.13596451556248826,0.1259064225021738,8,2,2,7,0.1293092859934021,0.13021235085765023,0.5594814491301335,0.6021109599738942,0.042629510843760654,0.4235169335676453,0.46614644441140596,0.5594814491301335,0.6021109599738942,0.042629510843760654,0.46614644441140596,1.0664673889831306,1.0664673889831306,0.0,0.9305028734206424,11,2,0.229225054334309,False,1,0,2
ridge_teacher_binary,4,3,16,fixed,0.13106322484514552,0.12524694245432882,8,0,2,3,0.12909240536368288,0.12617132869292255,0.13144338804721686,0.1324271547418086,0.0009837666945917423,0.00038016320207134857,0.0013639298966630908,0.25438252980708553,0.28967888124526964,0.035296351438184104,0.15861565640012412,1.0034796937659283,1.0034796937659283,0.0,0.8724164689207827,11,4,0.13563541550396305,False,96,42,116
ridge_teacher_binary,4,3,16,fixed,0.13106322484514552,0.12524694245432882,8,1,6,1,0.12686477291122722,0.12764497945085182,0.1322011279670249,0.13446317009140127,0.002262042124376362,0.0011379031218793911,0.0033999452462557533,0.21614279514610288,0.24711388395735306,0.030971088811250186,0.11605065911220755,1.1456215279042354,1.1456215279042354,0.0,1.01455830305909,11,4,0.13563541550396305,False,85,30,103
ridge_teacher_binary,4,3,16,fixed,0.13106322484514552,0.12524694245432882,8,2,0,4,0.12946450829958409,0.1287438661959623,0.13333130360409773,0.13765806425831756,0.00432676065421983,0.0022680787589522133,0.006594839413172043,0.21463752728223617,0.24699856826074454,0.032361040978508365,0.11593534341559902,0.6685654067553153,0.6685654067553153,0.0,0.5375021819101697,11,4,0.13563541550396305,False,95,42,119
ridge_teacher_binary,4,3,16,moving,0.1325581412664826,0.12524694245432882,8,0,3,2,0.12617132869292255,0.12909240536368288,0.1326115448763734,0.13315784417090892,0.0005462992945355349,5.340360989078419e-05,0.0005997029044263191,0.25438252980708553,0.28967888124526964,0.035296351438184104,0.15712073997878703,1.0034796937659283,1.0034796937659283,0.0,0.8709215524994457,11,2,0.229225054334309,False,101,40,114
ridge_teacher_binary,4,3,16,moving,0.1325581412664826,0.12524694245432882,8,1,5,4,0.1293459877502193,0.1287438661959623,0.13256785934538157,0.13341736112670996,0.0008495017813283934,9.71807889896259e-06,0.000859219860227356,0.23712814243738903,0.26905164509277957,0.03192350265539054,0.13649350382629696,1.1557374222255936,1.1557374222255936,0.0,1.023179280959111,11,2,0.229225054334309,False,91,33,117
ridge_teacher_binary,4,3,16,moving,0.1325581412664826,0.12524694245432882,8,2,7,0,0.12757399277182432,0.12946450829958409,0.13269716892805278,0.13363906755709923,0.0009418986290464504,0.00013902766157017354,0.001080926290616624,0.29680909469987665,0.33409466824573086,0.03728557354585421,0.20153652697924826,0.6685654067553153,0.6685654067553153,0.0,0.5360072654888327,11,2,0.229225054334309,False,98,43,121
ridge_teacher_binary,4,3,32,fixed,0.13106322484514552,0.12524694245432882,8,0,4,0,0.12759204848663952,0.1253808020286925,0.13105509084768982,0.1312237935929245,0.00016870274523467232,0.0,0.00016056874777897745,0.1975032834230346,0.2273769714418135,0.029873688018778904,0.096313746596668,1.0373483899122777,1.0373483899122777,0.0,0.9062851650671322,11,4,0.13563541550396305,False,88,21,116
ridge_teacher_binary,4,3,32,fixed,0.13106322484514552,0.12524694245432882,8,1,2,3,0.12590941747925558,0.1270604535440267,0.13106811474484598,0.13144279848861376,0.00037468374376778413,4.889899700460942e-06,0.00037957364346824507,0.21243803962616442,0.24301307838555183,0.030575038759387413,0.11194985354040632,0.6079462923008049,0.6079462923008049,0.0,0.47688306745565934,11,4,0.13563541550396305,False,82,36,113
ridge_teacher_binary,4,3,32,fixed,0.13106322484514552,0.12524694245432882,8,2,7,6,0.12608675439399789,0.12658045471152535,0.13107296698951376,0.13127060425894407,0.0001976372694303119,9.742144368246608e-06,0.0002073794137985585,0.2283143118643228,0.25993462866370093,0.03162031679937813,0.1288714038185554,1.1677966520620635,1.1677966520620635,0.0,1.036733427216918,11,4,0.13563541550396305,False,97,33,115
ridge_teacher_binary,4,3,32,moving,0.12963558951731669,0.12524694245432882,8,0,4,5,0.12759204848663952,0.12598048964992403,0.12964122428356517,0.1299952222208703,0.0003539979373051172,5.63476624848569e-06,0.0003596327035536029,0.19079739946341887,0.21884970093022124,0.028052301466802376,0.08921411141290456,0.6162601011240708,0.6162601011240708,0.0,0.48662451160675413,11,2,0.229225054334309,False,99,32,119
ridge_teacher_binary,4,3,32,moving,0.12963558951731669,0.12524694245432882,8,1,6,2,0.12658045471152535,0.12590941747925558,0.13005258140253412,0.132218305610273,0.0021657242077388894,0.0004169918852174326,0.002582716092956322,0.19620583641228806,0.22213000569983554,0.025924169287547483,0.09249441618251886,1.016397789286243,1.016397789286243,0.0,0.8867621997689263,11,2,0.229225054334309,False,68,23,109
ridge_teacher_binary,4,3,32,moving,0.12963558951731669,0.12524694245432882,8,2,0,3,0.1253808020286925,0.1270604535440267,0.13017808177771426,0.13248193691997245,0.0023038551422581988,0.0005424922603975701,0.002846347402655769,0.23786178864964097,0.2712895167902049,0.03342772814056394,0.14165392727288822,1.0373483899122777,1.0373483899122777,0.0,0.907712800394961,11,2,0.229225054334309,False,97,64,119
ridge_teacher_binary,4,3,64,fixed,0.13106322484514552,0.1248112398604126,8,0,0,6,0.12523543268504497,0.12619083143441986,0.13106781997354555,0.1312449315993776,0.00017711162583206042,4.59512840003673e-06,0.00018170675423209715,0.1905330823159277,0.21958756531749246,0.029054483001564768,0.08852434047234695,0.6114911177452069,0.6114911177452069,0.0,0.4804278929000614,107,4,0.13563541550396305,False,80,20,115
ridge_teacher_binary,4,3,64,fixed,0.13106322484514552,0.1248112398604126,8,1,7,4,0.1254949373425795,0.12551880640705135,0.13107251084672877,0.13135023436455756,0.00027772351782878735,9.28600158325854e-06,0.0002870095194120459,0.18929979852416784,0.2196583828192337,0.030358584295065855,0.08859515797408818,0.13563541550396305,0.13563541550396305,0.0,0.004572190658817532,292,4,0.13563541550396305,False,72,20,115
ridge_teacher_binary,4,3,64,fixed,0.13106322484514552,0.1248112398604126,8,2,2,5,0.12540139780571663,0.12525313399149446,0.13106086650909798,0.13122112658808965,0.00016026007899166972,0.0,0.00015790174294413872,0.21154668866142376,0.24577764170437383,0.03423095304295007,0.11471441685922831,0.13563541550396305,0.13563541550396305,0.0,0.004572190658817532,230,4,0.13563541550396305,False,66,19,111
ridge_teacher_binary,4,3,64,moving,0.12765763307029077,0.1248112398604126,8,0,3,6,0.12485848949190481,0.12619083143441986,0.13603088957802734,0.14968411156280637,0.01365322198477903,0.00837325650773657,0.0220264784925156,0.20181802629418352,0.23227228431724944,0.030454258023065922,0.10461465124695868,0.229225054334309,0.229225054334309,0.0,0.10156742126401824,171,2,0.229225054334309,False,29,7,33
ridge_teacher_binary,4,3,64,moving,0.12765763307029077,0.1248112398604126,8,1,7,1,0.1254949373425795,0.12528672141728187,0.12896682789066538,0.13206413334731962,0.003097305456654237,0.001309194820374615,0.004406500277028852,0.1790543696972311,0.20679743627851402,0.02774306658128292,0.07913980320822325,0.13563541550396305,0.13563541550396305,0.0,0.007977782433672281,277,4,0.13563541550396305,False,89,25,100
ridge_teacher_binary,4,3,64,moving,0.12765763307029077,0.1248112398604126,8,2,0,5,0.12523543268504497,0.12525313399149446,0.14349779109314498,0.16051491967505288,0.017017128581907903,0.01584015802285421,0.032857286604762115,0.20164576378532345,0.235311256471814,0.03366549268649055,0.10765362340152324,0.13563541550396305,0.13563541550396305,0.0,0.007977782433672281,224,4,0.13563541550396305,False,29,7,33
ridge_teacher_binary,4,3,128,fixed,0.13106322484514552,0.12453848857412644,8,0,7,1,0.12503418327554405,0.12495135583255763,0.13106057004065785,0.13120224076943898,0.00014167072878112918,0.0,0.00013901592429346743,0.2044474942168813,0.24008362141110517,0.03563612719422388,0.10902039656595966,0.13563541550396305,0.13563541550396305,0.0,0.004572190658817532,663,4,0.13563541550396305,False,25,15,106
ridge_teacher_binary,4,3,128,fixed,0.13106322484514552,0.12453848857412644,8,1,0,3,0.12505783388584255,0.1251702734425447,0.131068724147605,0.1313441844503659,0.0002754603027608771,5.499302459494038e-06,0.0002809596052203711,0.22039438299793035,0.25754801153140927,0.03715362853347892,0.12648478668626376,0.13563541550396305,0.13563541550396305,0.0,0.004572190658817532,672,4,0.13563541550396305,False,68,18,115
ridge_teacher_binary,4,3,128,fixed,0.13106322484514552,0.12453848857412644,8,2,5,4,0.12482122561787937,0.12488736796930008,0.1310446125111779,0.13118457300133343,0.0001399604901555218,0.0,0.00012134815618791706,0.2015882138567625,0.23558932794253268,0.03400111408577017,0.10452610309738716,0.13563541550396305,0.13563541550396305,0.0,0.004572190658817532,686,4,0.13563541550396305,False,54,17,107
ridge_teacher_binary,4,3,128,moving,0.1264866786351228,0.12453848857412644,8,0,3,7,0.1251702734425447,0.12503418327554405,0.2354165506168926,0.2735581274907532,0.038141576873860605,0.10892987198176979,0.1470714488556304,0.2354165506168926,0.2735581274907532,0.038141576873860605,0.1470714488556304,0.12576389202350707,0.12576389202350707,0.0,0.0,535,16,0.12576389202350707,False,1,0,2
ridge_teacher_binary,4,3,128,moving,0.1264866786351228,0.12453848857412644,8,1,4,0,0.12488736796930008,0.12505783388584255,0.13003434519258353,0.13698714133397463,0.006952796141391104,0.0035476665574607213,0.010500462698851826,0.19915970141926176,0.23210883025192047,0.032949128832658714,0.10562215161679767,0.12710523870887275,0.12710523870887275,0.0,0.0006185600737499408,689,8,0.12710523870887275,False,14,7,15
ridge_teacher_binary,4,3,128,moving,0.1264866786351228,0.12453848857412644,8,2,1,2,0.12495135583255763,0.12535973082048013,0.22801145599113207,0.26679423604775887,0.0387827800566268,0.10152477735600926,0.14030755741263606,0.22801145599113207,0.26679423604775887,0.0387827800566268,0.14030755741263606,0.1263433871404055,0.1263433871404055,0.0,0.0,523,16,0.12576389202350707,False,1,0,2
ridge_teacher_binary,4,4,8,fixed,0.13106322484514552,0.1259064225021738,7,0,4,6,0.12862152017847844,0.1286331024909007,0.1409637048348671,0.15243207008611565,0.011468365251248558,0.009900479989721572,0.02136884524097013,0.2661468551802194,0.29503052263501645,0.028883667454797035,0.16396729778987093,0.6279968583392601,0.6279968583392601,0.0,0.49693363349411457,11,4,0.13563541550396305,False,46,12,57
ridge_teacher_binary,4,4,8,fixed,0.13106322484514552,0.1259064225021738,7,1,0,7,0.1259064225021738,0.12897653284923183,0.13341906142946827,0.13682433117158532,0.003405269742117051,0.002355836584322757,0.005761106326439808,0.18695811765633114,0.20798330775983448,0.021025190103503344,0.07692008291468896,1.542147344074539,1.542147344074539,0.0,1.4110841192293935,11,4,0.13563541550396305,False,37,16,51
ridge_teacher_binary,4,4,8,fixed,0.13106322484514552,0.1259064225021738,7,2,3,2,0.12864970578972104,0.12774950237495694,0.13724920089033132,0.14338437988253547,0.006135178992204143,0.006185976045185809,0.012321155037389953,0.2785505647784883,0.30893307979758744,0.030382515019099166,0.17786985495244192,0.6021061842741197,0.6021061842741197,0.0,0.4710429594289741,11,4,0.13563541550396305,False,55,13,74
ridge_teacher_binary,4,4,8,moving,0.13596451556248826,0.1259064225021738,8,0,2,7,0.12774950237495694,0.12897653284923183,0.1361409671663322,0.13672868275456668,0.0005877155882344776,0.0001764516038439412,0.0007641671920784188,0.4586996931388915,0.4963520833101138,0.03765239017122235,0.3603875677476256,1.542147344074539,1.542147344074539,0.0,1.4061828285120508,11,2,0.229225054334309,False,65,34,101
ridge_teacher_binary,4,4,8,moving,0.13596451556248826,0.1259064225021738,8,1,6,3,0.1286331024909007,0.12864970578972104,0.1360158972079154,0.13669295256347797,0.0006770553555625614,5.1381645427145406e-05,0.0007284370009897068,0.18544806172349945,0.2078295472847291,0.022381485561229653,0.07186503172224085,0.6279968583392601,0.6279968583392601,0.0,0.4920323427767719,11,2,0.229225054334309,False,50,22,83
ridge_teacher_binary,4,4,8,moving,0.13596451556248826,0.1259064225021738,8,2,0,1,0.1259064225021738,0.13036844988411272,0.13596277128466713,0.1362417120773657,0.00027894079269857874,0.0,0.00027719651487745356,0.1623894926706149,0.18092946388945189,0.018539971218836993,0.04496494832696363,1.3060204295638216,1.3060204295638216,0.0,1.1700559140013334,11,2,0.229225054334309,False,36,13,62
ridge_teacher_binary,4,4,16,fixed,0.13106322484514552,0.12524694245432882,8,0,1,4,0.12735493775094026,0.12731085104106715,0.13135630445585578,0.13271125669799594,0.0013549522421401616,0.0002930796107102618,0.0016480318528504234,0.26419936663783417,0.29423336679792733,0.030034000160093166,0.16317014195278182,1.383400101634319,1.383400101634319,0.0,1.2523368767891734,11,4,0.13563541550396305,False,95,36,119
ridge_teacher_binary,4,4,16,fixed,0.13106322484514552,0.12524694245432882,8,1,7,6,0.12761940702911884,0.12646673225444174,0.1311388796234098,0.13333531518142247,0.0021964355580126604,7.565477826429468e-05,0.002272090336276955,0.21529963349268738,0.2445304132365347,0.02923077974384733,0.1134671883913892,0.6275546261056069,0.6275546261056069,0.0,0.4964914012604613,11,4,0.13563541550396305,False,75,36,108
ridge_teacher_binary,4,4,16,fixed,0.13106322484514552,0.12524694245432882,8,2,0,3,0.1264829311725612,0.12899972885657,0.13161028299984828,0.13296689923904007,0.0013566162391917824,0.0005470581547027675,0.00190367439389455,0.21159662249484315,0.24227940359742534,0.030682781102582185,0.11121617875227982,1.3775222909819824,1.3775222909819824,0.0,1.2464590661368369,11,4,0.13563541550396305,False,106,43,125
ridge_teacher_binary,4,4,16,moving,0.1325581412664826,0.12524694245432882,8,0,0,2,0.1264829311725612,0.127621971398596,0.132562558505266,0.13295112150076585,0.0003885629954998582,4.417238783388511e-06,0.0003929802342832467,0.17721584559038572,0.20190554581188908,0.024689700221503352,0.06934740454540647,1.0373135936273863,1.0373135936273863,0.0,0.9047554523609037,11,2,0.229225054334309,False,67,20,108
ridge_teacher_binary,4,4,16,moving,0.1325581412664826,0.12524694245432882,8,1,5,7,0.1282140209135534,0.12761940702911884,0.1325595846278131,0.13289758437977645,0.0003379997519633582,1.4433613304831727e-06,0.00033944311329384136,0.23390330064035017,0.26491172816697456,0.031008427526624388,0.13235358690049195,1.1867792621150055,1.1867792621150055,0.0,1.0542211208485228,11,2,0.229225054334309,False,102,37,125
ridge_teacher_binary,4,4,16,moving,0.1325581412664826,0.12524694245432882,8,2,3,4,0.12899972885657,0.12731085104106715,0.13255781360115862,0.13309602816778354,0.0005382145666249227,0.0,0.000537886901300938,0.18778317273657988,0.20944953304327713,0.021666360306697247,0.07689139177679452,1.383400101634319,1.383400101634319,0.0,1.2508419603678362,11,2,0.229225054334309,False,49,19,89
ridge_teacher_binary,4,4,32,fixed,0.13106322484514552,0.12524694245432882,8,0,3,1,0.12705546150769872,0.1261581272753868,0.13106882454720034,0.1316872625338525,0.0006184379866521483,5.599702054825961e-06,0.0006240376887069743,0.26745529693798986,0.30337670383230847,0.03592140689431861,0.17231347898716295,1.2420057036818422,1.2420057036818422,0.0,1.1109424788366966,11,4,0.13563541550396305,False,94,39,123
ridge_teacher_binary,4,4,32,fixed,0.13106322484514552,0.12524694245432882,8,1,5,2,0.12674878868921816,0.12655362785755184,0.13106808065096376,0.13128395985516841,0.00021587920420465534,4.855805818243519e-06,0.00022073501002289886,0.19180841022320302,0.2193848453635902,0.027576435140387184,0.0883216205184447,1.1112074117281567,1.1112074117281567,0.0,0.9801441868830112,11,4,0.13563541550396305,False,90,27,114
ridge_teacher_binary,4,4,32,fixed,0.13106322484514552,0.12524694245432882,8,2,4,0,0.1264875851727526,0.12699012230871623,0.1310681783494715,0.13133741907994093,0.00026924073046943886,4.953504325971858e-06,0.0002741942347954107,0.18980855454349704,0.2157563364969556,0.025947781953458565,0.0846931116518101,0.6163847884126955,0.6163847884126955,0.0,0.48532156356754996,11,4,0.13563541550396305,False,65,27,101
ridge_teacher_binary,4,4,32,moving,0.12963558951731669,0.12524694245432882,8,0,4,0,0.1264875851727526,0.12699012230871623,0.12964435778901653,0.13028595965993578,0.000641601870919245,8.768271699849395e-06,0.0006503701426190944,0.18980855454349704,0.2157563364969556,0.025947781953458565,0.08612074697963892,0.6163847884126955,0.6163847884126955,0.0,0.4867491988953788,11,2,0.229225054334309,False,92,34,119
ridge_teacher_binary,4,4,32,moving,0.12963558951731669,0.12524694245432882,8,1,3,2,0.12705546150769872,0.12655362785755184,0.12969163630330965,0.13084296317361765,0.0011513268703080004,5.6046785992969195e-05,0.0012073736563009696,0.1889139026471366,0.21586323457137713,0.026949331924240538,0.08622764505406044,1.2420057036818422,1.2420057036818422,0.0,1.1123701141645255,11,2,0.229225054334309,False,95,31,122
ridge_teacher_binary,4,4,32,moving,0.12963558951731669,0.12524694245432882,8,2,6,7,0.12628788447088193,0.12599875235039004,0.1296376728106992,0.1300784949865084,0.00044082217580918015,2.083293382526552e-06,0.0004429054691917067,0.17731353263194868,0.20049123635547947,0.023177703723530785,0.07085564683816278,0.6205428504202746,0.6205428504202746,0.0,0.4909072609029579,11,2,0.229225054334309,False,87,24,115
ridge_teacher_binary,4,4,64,fixed,0.13106322484514552,0.1248112398604126,8,0,2,1,0.1259247651188909,0.12548796002636264,0.13107164683552547,0.13121621768734967,0.00014457085182420504,8.42199037995317e-06,0.0001529928422041582,0.2130126667223357,0.24482941121282664,0.031816744490490934,0.11376618636768113,1.0552746660195396,1.0552746660195396,0.0,0.924211441174394,11,4,0.13563541550396305,False,60,20,112
ridge_teacher_binary,4,4,64,fixed,0.13106322484514552,0.1248112398604126,8,1,4,0,0.12537321974355484,0.1255501949117154,0.13106933936182316,0.131202201695589,0.0001328623337658319,6.11451667764662e-06,0.00013897685044347852,0.20974251771880195,0.2428512610072221,0.033108743288420145,0.11178803616207658,0.571469509744505,0.571469509744505,0.0,0.4404062848993595,171,4,0.13563541550396305,False,68,20,105
ridge_teacher_binary,4,4,64,fixed,0.13106322484514552,0.1248112398604126,8,2,6,3,0.12553010109736742,0.12611766357031962,0.1310711844041304,0.13116511547863,9.393107449959248e-05,7.959558984887982e-06,0.00010189063348448046,0.1731044863355099,0.1980790263809279,0.024974540045417992,0.06701580153578238,1.0425565377438066,1.0425565377438066,0.0,0.9114933128986611,11,4,0.13563541550396305,False,65,17,112
ridge_teacher_binary,4,4,64,moving,0.12765763307029077,0.1248112398604126,8,0,3,7,0.12611766357031962,0.12572356400184348,0.13004197708183746,0.13593866013625855,0.005896683054421092,0.0023843440115466907,0.008281027065967783,0.20063570563345395,0.23147157255363923,0.03083586692018528,0.10381393948334847,0.229225054334309,0.229225054334309,0.0,0.10156742126401824,279,2,0.229225054334309,False,64,44,68
ridge_teacher_binary,4,4,64,moving,0.12765763307029077,0.1248112398604126,8,1,5,0,0.12623059517416632,0.1255501949117154,0.1306986226118788,0.13580220590552108,0.005103583293642272,0.003040989541588046,0.008144572835230318,0.2198096607780129,0.2514955971759125,0.03168593639789963,0.12383796410562176,0.229225054334309,0.229225054334309,0.0,0.10156742126401824,230,2,0.229225054334309,False,90,36,99
ridge_teacher_binary,4,4,64,moving,0.12765763307029077,0.1248112398604126,8,2,4,2,0.12537321974355484,0.1259247651188909,0.13101541938366545,0.13605437577182788,0.00503895638816243,0.003357786313374689,0.008396742701537119,0.18616158258081375,0.2136086405740931,0.027447057993279345,0.08595100750380233,0.229225054334309,0.229225054334309,0.0,0.10156742126401824,273,2,0.229225054334309,False,73,41,78
ridge_teacher_binary,4,4,128,fixed,0.13106322484514552,0.12453848857412644,8,0,0,2,0.12503706475210408,0.12478338087420474,0.13107177261321376,0.13133440751582504,0.0002626349026112751,8.547768068245531e-06,0.0002711826706795206,0.20983830425136377,0.24597381456540252,0.03613551031403875,0.114910589720257,0.13563541550396305,0.13563541550396305,0.0,0.004572190658817532,606,4,0.13563541550396305,False,31,16,111
ridge_teacher_binary,4,4,128,fixed,0.13106322484514552,0.12453848857412644,8,1,5,7,0.12510757637264222,0.1248437329294084,0.13106680604724497,0.1312161806943146,0.00014937464706962778,3.5812020994507865e-06,0.00015295584916907856,0.20331933317063236,0.23484085240761338,0.031521519236981016,0.10377762756246786,0.13563541550396305,0.13563541550396305,0.0,0.004572190658817532,674,4,0.13563541550396305,False,53,18,105
ridge_teacher_binary,4,4,128,fixed,0.13106322484514552,0.12453848857412644,8,2,4,1,0.12509632027942286,0.12513577459751887,0.13105798766038826,0.13117009744746008,0.00011210978707182351,0.0,0.00010687260231456719,0.21791642723633786,0.25523834755944175,0.037321920323103885,0.12417512271429623,0.13563541550396305,0.13563541550396305,0.0,0.004572190658817532,573,4,0.13563541550396305,False,20,20,110
ridge_teacher_binary,4,4,128,moving,0.1264866786351228,0.12453848857412644,8,0,4,5,0.12509632027942286,0.12510757637264222,0.14236409700304492,0.16077389975932546,0.01840980275628054,0.015877418367922114,0.034287221124202655,0.21359554595928645,0.2495683480182747,0.03597280205898826,0.1230816693831519,0.12710523870887275,0.12710523870887275,0.0,0.0006185600737499408,624,8,0.12710523870887275,False,11,6,14
ridge_teacher_binary,4,4,128,moving,0.1264866786351228,0.12453848857412644,8,1,7,1,0.1248437329294084,0.12513577459751887,0.14281647832366445,0.16060395020582854,0.01778747188216409,0.016329799688541646,0.03411727157070574,0.20363500109357072,0.23834074450051407,0.03470574340694335,0.11185406586539126,0.12710523870887275,0.12710523870887275,0.0,0.0006185600737499408,623,8,0.12710523870887275,False,3,2,4
ridge_teacher_binary,4,4,128,moving,0.1264866786351228,0.12453848857412644,8,2,2,3,0.12478338087420474,0.1250020644465988,0.14526374814023807,0.16447251651562045,0.01920876837538238,0.018777069505115263,0.03798583788049764,0.23679089678451276,0.2745266190522617,0.03773572226774896,0.14803994041713892,0.12710523870887275,0.12710523870887275,0.0,0.0006185600737499408,592,8,0.12710523870887275,False,3,2,4
ridge_teacher_binary,4,5,8,fixed,0.13106322484514552,0.1259064225021738,8,0,4,0,0.13055294308376747,0.12955422904028543,0.14928114014907184,0.1606221057126412,0.011340965563569366,0.01821791530392633,0.029558880867495696,0.5463011919977405,0.5885874788484152,0.042286286850674704,0.4575242540032697,1.0174976231609856,1.0174976231609856,0.0,0.88643439831584,11,4,0.13563541550396305,False,56,28,77
ridge_teacher_binary,4,5,8,fixed,0.13106322484514552,0.1259064225021738,8,1,7,5,0.13048094174924735,0.12689028350351528,0.14086492025682404,0.1493784533335093,0.008513533076685259,0.009801695411678524,0.018315228488363783,0.24989085874775716,0.27892925059327256,0.029038391845515404,0.14786602574812704,0.6323975438929461,0.6323975438929461,0.0,0.5013343190478006,11,4,0.13563541550396305,False,68,26,93
ridge_teacher_binary,4,5,8,fixed,0.13106322484514552,0.1259064225021738,8,2,2,6,0.12813787268203108,0.12987385814528682,0.14535620377169017,0.15070456418087913,0.005348360409188957,0.014292978926544658,0.019641339335733615,0.22943475949811074,0.2542397797583492,0.02480502026023848,0.1231765549132037,0.9471173889760541,0.9471173889760541,0.0,0.8160541641309086,11,4,0.13563541550396305,False,71,29,90
ridge_teacher_binary,4,5,8,moving,0.13596451556248826,0.1259064225021738,8,0,2,6,0.12813787268203108,0.12987385814528682,0.1360629646855267,0.1366410375812769,0.000578072895750209,9.8449123038441e-05,0.00067652201878865,0.22943475949811074,0.2542397797583492,0.02480502026023848,0.11827526419586096,0.9471173889760541,0.9471173889760541,0.0,0.8111528734135659,11,2,0.229225054334309,False,76,34,110
ridge_teacher_binary,4,5,8,moving,0.13596451556248826,0.1259064225021738,8,1,5,3,0.12689028350351528,0.1296855201593214,0.13595682048452873,0.13639194536988952,0.00043512488536079363,0.0,0.0004274298074012639,0.19815601082469653,0.22489165432029157,0.02673564349559504,0.08892713875780331,0.5677778521821899,0.5677778521821899,0.0,0.43181333661970167,11,2,0.229225054334309,False,48,20,103
ridge_teacher_binary,4,5,8,moving,0.13596451556248826,0.1259064225021738,8,2,0,1,0.12955422904028543,0.13060277429721726,0.1361372839603549,0.1373355028310225,0.0011982188706675945,0.0001727683978666461,0.0013709872685342406,0.2878590367626256,0.3204936264419994,0.03263458967937383,0.18452911087951115,0.9691050698273176,0.9691050698273176,0.0,0.8331405542648294,11,2,0.229225054334309,False,76,42,96
ridge_teacher_binary,4,5,16,fixed,0.13106322484514552,0.12524694245432882,8,0,6,2,0.12772046565614276,0.12801297937873185,0.13107209719331478,0.13183726916006097,0.000765171966746192,8.872348169264299e-06,0.0007740443149154563,0.18122122761951032,0.2041794002208293,0.022958172601318994,0.0731161753756838,1.0713129229385248,1.0713129229385248,0.0,0.9402496980933792,11,4,0.13563541550396305,False,72,27,108
ridge_teacher_binary,4,5,16,fixed,0.13106322484514552,0.12524694245432882,8,1,5,1,0.1270126336023524,0.12681743664978679,0.1310990225668081,0.13202756848937933,0.0009285459225712167,3.579772166259487e-05,0.0009643436442338116,0.40104598133271435,0.44286868726093304,0.041822705928218684,0.31180546241578755,0.9944972427428873,0.9944972427428873,0.0,0.8634340178977418,11,4,0.13563541550396305,False,120,56,127
ridge_teacher_binary,4,5,16,fixed,0.13106322484514552,0.12524694245432882,8,2,4,3,0.12709637955675593,0.1292531014558979,0.13128687161440056,0.1318993653120222,0.0006124936976216466,0.00022364676925504257,0.0008361404668766892,0.304975852916446,0.3404255943708528,0.03544974145440677,0.20936236952570728,0.6540565384032163,0.6540565384032163,0.0,0.5229933135580708,11,4,0.13563541550396305,False,114,43,123
ridge_teacher_binary,4,5,16,moving,0.1325581412664826,0.12524694245432882,8,0,7,0,0.12788935118240527,0.12653560572929784,0.13256712050636668,0.1329246187094273,0.00035749820306060776,8.979239884077117e-06,0.00036647744294468487,0.1838404346396046,0.20741810472704914,0.023577670087444547,0.07485996346056653,1.0337336847970777,1.0337336847970777,0.0,0.9011755435305951,11,2,0.229225054334309,False,47,21,99
ridge_teacher_binary,4,5,16,moving,0.1325581412664826,0.12524694245432882,8,1,3,2,0.1292531014558979,0.12801297937873185,0.13254560256109743,0.1327173062436546,0.00017170368255717272,0.0,0.0001591649771719994,0.17345105978177017,0.1958226570155621,0.022371597233791923,0.06326451574907949,0.6540565384032163,0.6540565384032163,0.0,0.5214983971367337,11,2,0.229225054334309,False,48,18,105
ridge_teacher_binary,4,5,16,moving,0.1325581412664826,0.12524694245432882,8,2,4,5,0.12709637955675593,0.1270126336023524,0.1325603656213803,0.1328467009071471,0.0002863352857667978,2.2243548976896843e-06,0.00028855964066448747,0.22327868540613002,0.25438979865083455,0.03111111324470453,0.12183165738435195,0.9944972427428873,0.9944972427428873,0.0,0.8619391014764047,11,2,0.229225054334309,False,66,27,121
ridge_teacher_binary,4,5,32,fixed,0.13106322484514552,0.12524694245432882,8,0,7,6,0.1271849441586453,0.12600359566445263,0.13106220883483288,0.13138548237597333,0.0003232735411404508,0.0,0.0003222575308278186,0.22066148705173755,0.25432418332538614,0.033662696273648596,0.12326095848024063,0.568935715786859,0.568935715786859,0.0,0.43787249094171343,11,4,0.13563541550396305,False,99,28,125
ridge_teacher_binary,4,5,32,fixed,0.13106322484514552,0.12524694245432882,8,1,2,1,0.1269016972647663,0.12576660274163998,0.13107138688938236,0.1314474584779048,0.00037607158852243083,8.162044236842414e-06,0.00038423363275927325,0.24829832026455595,0.2837584429750551,0.03546012271049914,0.15269521812990958,0.587401436090568,0.587401436090568,0.0,0.4563382112454225,11,4,0.13563541550396305,False,104,34,120
ridge_teacher_binary,4,5,32,fixed,0.13106322484514552,0.12524694245432882,8,2,3,5,0.1264811466514973,0.12751524055293248,0.13107318559385167,0.13129966553595399,0.00022647994210231448,9.96074870615593e-06,0.0002364406908084704,0.21019957855704258,0.2391385607886305,0.028938982231587917,0.10807533594348498,0.642661482604964,0.642661482604964,0.0,0.5115982577598185,11,4,0.13563541550396305,False,100,28,117
ridge_teacher_binary,4,5,32,moving,0.12963558951731669,0.12524694245432882,8,0,7,3,0.1271849441586453,0.1264811466514973,0.13294329647009406,0.13736638893636668,0.004423092466272621,0.0033077069527773784,0.0077307994190499996,0.19531907817413396,0.22282331122823018,0.027504233054096217,0.0931877217109135,0.642661482604964,0.642661482604964,0.0,0.5130258930876473,11,2,0.229225054334309,False,58,18,85
ridge_teacher_binary,4,5,32,moving,0.12963558951731669,0.12524694245432882,8,1,6,2,0.12600359566445263,0.1269016972647663,0.12964251543625038,0.12986030998833795,0.0002177945520875635,6.925918933697872e-06,0.00022472047102126136,0.18041124658360835,0.20648803810283256,0.026076791519224207,0.07685244858551588,0.5762105387549384,0.5762105387549384,0.0,0.44657494923762175,11,2,0.229225054334309,False,95,25,116
ridge_teacher_binary,4,5,32,moving,0.12963558951731669,0.12524694245432882,8,2,0,5,0.1281364747737912,0.12751524055293248,0.13229971169919685,0.1362275832252419,0.00392787152604504,0.0026641221818801686,0.006591993707925209,0.24867153753009513,0.28218746085925245,0.033515923329157316,0.15255187134193576,0.9516971172113248,0.9516971172113248,0.0,0.8220615276940081,11,2,0.229225054334309,False,75,37,95
ridge_teacher_binary,4,5,64,fixed,0.13106322484514552,0.1248112398604126,8,0,0,7,0.12555966763071502,0.12553745760782015,0.13107028957492772,0.13130668429919742,0.00023639472426970065,7.064729782207957e-06,0.0002434594540519086,0.1919675461434277,0.22184223713061763,0.029874690987189922,0.09077901228547211,0.5949234871748745,0.5949234871748745,0.0,0.463860262329729,72,4,0.13563541550396305,False,48,19,112
ridge_teacher_binary,4,5,64,fixed,0.13106322484514552,0.1248112398604126,8,1,3,2,0.12536860219167056,0.12519906189033608,0.1310515173113181,0.1312098016026718,0.0001582842913536997,0.0,0.0001465767575262733,0.23633250669541053,0.27126087448929864,0.03492836779388811,0.14019764964415313,0.5872312229954733,0.5872312229954733,0.0,0.4561679981503277,11,4,0.13563541550396305,False,49,23,114
ridge_teacher_binary,4,5,64,fixed,0.13106322484514552,0.1248112398604126,8,2,6,5,0.12528726784705227,0.12566347182507226,0.13106930628888758,0.13129928109265096,0.00022997480376338308,6.081443742061987e-06,0.00023605624750544507,0.2024819757374217,0.2358350221135958,0.03335304637617412,0.10477179726845029,0.13563541550396305,0.13563541550396305,0.0,0.004572190658817532,174,4,0.13563541550396305,False,77,21,112
ridge_teacher_binary,4,5,64,moving,0.12765763307029077,0.1248112398604126,8,0,4,3,0.1252279252137639,0.12536860219167056,0.13949346273905933,0.15477861008778718,0.015285147348727851,0.01183582966876856,0.02712097701749641,0.22478786914881044,0.2586485171590334,0.03386064801022298,0.13099088408874265,0.229225054334309,0.229225054334309,0.0,0.10156742126401824,315,2,0.229225054334309,False,28,6,33
ridge_teacher_binary,4,5,64,moving,0.12765763307029077,0.1248112398604126,8,1,0,2,0.12555966763071502,0.12519906189033608,0.13245160078877127,0.1379556238874424,0.005504023098671124,0.004793967718480507,0.010297990817151631,0.20117492690280692,0.23210376975795916,0.03092884285515224,0.10444613668766839,0.229225054334309,0.229225054334309,0.0,0.10156742126401824,227,2,0.229225054334309,False,56,19,65
ridge_teacher_binary,4,5,64,moving,0.12765763307029077,0.1248112398604126,8,2,7,1,0.12553745760782015,0.1248112398604126,0.13213484331684555,0.1388237938656658,0.006688950548820238,0.004477210246554786,0.011166160795375024,0.21701916479008954,0.25090176392184727,0.03388259913175773,0.1232441308515565,0.229225054334309,0.229225054334309,0.0,0.10156742126401824,189,2,0.229225054334309,False,55,21,64
ridge_teacher_binary,4,5,128,fixed,0.13106322484514552,0.12453848857412644,8,0,1,0,0.12505266223434014,0.12467844001535794,0.13107006803637733,0.13128080344242282,0.00021073540604549246,6.843191231814538e-06,0.000217578597277307,0.1987087444858197,0.2328081889118913,0.0340994444260716,0.1017449640667458,0.13563541550396305,0.13563541550396305,0.0,0.004572190658817532,599,4,0.13563541550396305,False,59,15,104
ridge_teacher_binary,4,5,128,fixed,0.13106322484514552,0.12453848857412644,8,1,7,2,0.1251861626939771,0.12492753882004204,0.1310730783856368,0.13133792094425087,0.00026484255861405903,9.853540491294721e-06,0.00027469609910535375,0.19888478547606342,0.2325476287257815,0.03366284324971808,0.10148440388063598,0.13563541550396305,0.13563541550396305,0.0,0.004572190658817532,660,4,0.13563541550396305,False,48,18,108
ridge_teacher_binary,4,5,128,fixed,0.13106322484514552,0.12453848857412644,8,2,6,3,0.1251089979105016,0.12496945039303411,0.13106320221782358,0.13133884667178766,0.0002756444539640801,0.0,0.0002756218266421473,0.2553441738787599,0.2954337147595859,0.040089540880826,0.1643704899144404,0.13563541550396305,0.13563541550396305,0.0,0.004572190658817532,678,4,0.13563541550396305,False,70,13,115
ridge_teacher_binary,4,5,128,moving,0.1264866786351228,0.12453848857412644,8,0,4,6,0.12522489039994977,0.1251089979105016,0.2187466514779451,0.2541936178341927,0.03544696635624761,0.09225997284282228,0.1277069391990699,0.2187466514779451,0.2541936178341927,0.03544696635624761,0.1277069391990699,0.12710523870887275,0.12710523870887275,0.0,0.0006185600737499408,645,8,0.12710523870887275,False,1,0,2
ridge_teacher_binary,4,5,128,moving,0.1264866786351228,0.12453848857412644,8,1,1,5,0.12505266223434014,0.12507139085438568,0.14019412909828288,0.15637934969843942,0.016185220600156536,0.013707450463160076,0.02989267106331661,0.20319664209988314,0.23834001078580364,0.035143368685920495,0.11185333215068083,0.12699003090040292,0.12699003090040292,0.0,0.0005033522652801159,431,16,0.12576389202350707,False,3,2,4
ridge_teacher_binary,4,5,128,moving,0.1264866786351228,0.12453848857412644,8,2,0,3,0.12467844001535794,0.12496945039303411,0.1395696587651711,0.15474300227984414,0.015173343514673032,0.0130829801300483,0.02825632364472133,0.18714561699096632,0.22010617251896544,0.03296055552799912,0.09361949388384264,0.12576389202350707,0.12576389202350707,0.0,0.0,638,16,0.12576389202350707,False,24,7,33
ridge_teacher_binary,4,6,8,fixed,0.13106322484514552,0.1259064225021738,7,0,2,1,0.12906117676274506,0.1284543179426397,0.1351819747249019,0.13764673666968055,0.002464761944778654,0.004118749879756384,0.006583511824535038,0.23829347061720946,0.2648922856567901,0.02659881503958067,0.1338290608116446,1.0198819386941893,1.0198819386941893,0.0,0.8888187138490438,11,4,0.13563541550396305,False,102,41,116
ridge_teacher_binary,4,6,8,fixed,0.13106322484514552,0.1259064225021738,7,1,7,4,0.12737894347751974,0.12843477980906937,0.13463985837152587,0.13909131066203087,0.004451452290505004,0.0035766335263803517,0.008028085816885355,0.2805990852001936,0.31171322892101394,0.03111414372082033,0.18065000407586843,0.6087549427122888,0.6087549427122888,0.0,0.47769171786714326,11,4,0.13563541550396305,False,84,40,103
ridge_teacher_binary,4,6,8,fixed,0.13106322484514552,0.1259064225021738,7,2,3,0,0.12912538937837867,0.13023977677214027,0.13482281613243496,0.13808142401355375,0.0032586078811187857,0.003759591287289449,0.0070181991684082345,0.16492851542338688,0.17439061979096707,0.009462104367580187,0.04332739494582155,0.643713296460819,0.643713296460819,0.0,0.5126500716156734,11,4,0.13563541550396305,False,44,34,98
ridge_teacher_binary,4,6,8,moving,0.13596451556248826,0.1259064225021738,8,0,0,7,0.13023977677214027,0.12737894347751974,0.13789020573021118,0.1396515638367833,0.001761358106572103,0.0019256901677229266,0.0036870482742950295,0.280412523732344,0.3094353560322081,0.029022832299864132,0.17347084046971986,0.643713296460819,0.643713296460819,0.0,0.5077487808983308,11,2,0.229225054334309,False,62,30,93
ridge_teacher_binary,4,6,8,moving,0.13596451556248826,0.1259064225021738,8,1,6,2,0.12915915347505594,0.12906117676274506,0.13607550524003975,0.13668858446581852,0.0006130792257787732,0.00011098967755149292,0.0007240689033302661,0.23624866556505247,0.26805798319158874,0.03180931762653627,0.13209346762910049,0.6636443034052557,0.6636443034052557,0.0,0.5276797878427675,11,2,0.229225054334309,False,77,32,103
ridge_teacher_binary,4,6,8,moving,0.13596451556248826,0.1259064225021738,8,2,3,5,0.12912538937837867,0.13366967517597528,0.13697226091954257,0.13931022529323675,0.0023379643736941846,0.0010077453570543071,0.0033457097307484918,0.3528062933034268,0.38682670445422385,0.03402041115079707,0.2508621888917356,0.5466138541566139,0.5466138541566139,0.0,0.41064933859412567,11,2,0.229225054334309,False,46,28,101
ridge_teacher_binary,4,6,16,fixed,0.13106322484514552,0.12524694245432882,8,0,1,5,0.1262708556936637,0.1279917993963352,0.1311531040213046,0.13211069526605151,0.0009575912447469248,8.987917615907448e-05,0.0010474704209059993,0.276376916377023,0.3106344070471666,0.03425749067014361,0.1795711822020211,0.6454218943594764,0.6454218943594764,0.0,0.5143586695143308,11,4,0.13563541550396305,False,108,46,125
ridge_teacher_binary,4,6,16,fixed,0.13106322484514552,0.12524694245432882,8,1,3,2,0.12611800971907144,0.1301721370312468,0.13139510109837532,0.13289125327747842,0.001496152179103094,0.00033187625322980696,0.001828028432332901,0.22731386822401634,0.2558523357638591,0.028538467539842738,0.12478911091871356,1.2025518514874702,1.2025518514874702,0.0,1.0714886266423247,11,4,0.13563541550396305,False,108,43,123
ridge_teacher_binary,4,6,16,fixed,0.13106322484514552,0.12524694245432882,8,2,7,4,0.12814950917876544,0.12702636111731705,0.13115749653778544,0.13213697239475097,0.0009794758569655337,9.427169263992452e-05,0.0010737475496054583,0.18222128339388538,0.2090389660424303,0.02681768264854492,0.07797574119728479,0.5918881665054665,0.5918881665054665,0.0,0.46082494166032095,11,4,0.13563541550396305,False,98,36,123
ridge_teacher_binary,4,6,16,moving,0.1325581412664826,0.12524694245432882,8,0,1,7,0.1262708556936637,0.12814950917876544,0.1325603039607186,0.13284669944488034,0.0002863954841617333,2.1626942360020163e-06,0.00028855817839773534,0.20383249073654836,0.2350296195899498,0.03119712885340145,0.1024714783234672,0.5918881665054665,0.5918881665054665,0.0,0.4593300252389839,11,2,0.229225054334309,False,81,27,120
ridge_teacher_binary,4,6,16,moving,0.1325581412664826,0.12524694245432882,8,1,0,5,0.12911096745031014,0.1279917993963352,0.13260572202146084,0.13334618370858622,0.0007404616871253822,4.7580754978238105e-05,0.0007880424421036203,0.29845735061902096,0.3359495466768168,0.03749219605779586,0.2033914054103342,0.6454218943594764,0.6454218943594764,0.0,0.5128637530929938,11,2,0.229225054334309,False,101,34,121
ridge_teacher_binary,4,6,16,moving,0.1325581412664826,0.12524694245432882,8,2,2,6,0.1301721370312468,0.12688349862610587,0.13259720333352792,0.13323215997841023,0.0006349566448823063,3.9062067045320115e-05,0.0006740187119276264,0.3623035954751223,0.39852331009189756,0.036219714616775256,0.265965168825415,0.6405159303147829,0.6405159303147829,0.0,0.5079577890483004,11,2,0.229225054334309,False,92,48,116
ridge_teacher_binary,4,6,32,fixed,0.13106322484514552,0.12524694245432882,8,0,5,3,0.1268900508070328,0.1264200264472483,0.13106940663725558,0.13144995004402382,0.00038054340676824117,6.181792110065976e-06,0.00038672519887830714,0.38568022612527175,0.42788871225626707,0.042208486130995315,0.2968254874111216,0.9122709280435213,0.9122709280435213,0.0,0.7812077031983757,11,4,0.13563541550396305,False,109,32,125
ridge_teacher_binary,4,6,32,fixed,0.13106322484514552,0.12524694245432882,8,1,1,7,0.12714836517876626,0.12603658326277525,0.13107315191377847,0.13132976611264527,0.00025661419886680026,9.92706863295334e-06,0.0002665412674997536,0.21702404181243984,0.24896243692689385,0.03193839511445401,0.11789921208174833,0.9949959011338843,0.9949959011338843,0.0,0.8639326762887387,11,4,0.13563541550396305,False,81,33,120
ridge_teacher_binary,4,6,32,fixed,0.13106322484514552,0.12524694245432882,8,2,2,4,0.12624313477280036,0.12689698179301795,0.13107245125398498,0.13124957710006954,0.00017712584608456372,9.226408839463351e-06,0.00018635225492402707,0.24430616676953165,0.277172839608053,0.03286667283852135,0.14610961476290749,1.232678262916918,1.232678262916918,0.0,1.1016150380717724,11,4,0.13563541550396305,False,90,27,123
ridge_teacher_binary,4,6,32,moving,0.12963558951731669,0.12524694245432882,8,0,6,1,0.1259128923392158,0.12714836517876626,0.1296373227347091,0.1302011760292242,0.0005638532945151098,1.7332173924133887e-06,0.0005655865119075232,0.2640977234795236,0.29970189095243616,0.03560416747291256,0.17006630143511947,0.965702415265228,0.965702415265228,0.0,0.8360668257479114,11,2,0.229225054334309,False,112,44,124
ridge_teacher_binary,4,6,32,moving,0.12963558951731669,0.12524694245432882,8,1,4,2,0.12689698179301795,0.12624313477280036,0.12964458166625825,0.12986231228220554,0.00021773061594729248,8.992148941566747e-06,0.00022672276488885923,0.24430616676953165,0.277172839608053,0.03286667283852135,0.14753725009073632,1.232678262916918,1.232678262916918,0.0,1.1030426733996013,11,2,0.229225054334309,False,94,30,125
ridge_teacher_binary,4,6,32,moving,0.12963558951731669,0.12524694245432882,8,2,0,3,0.1265461596231804,0.1264200264472483,0.12973489942208882,0.13076736592833665,0.001032466506247831,9.930990477213797e-05,0.001131776411019969,0.21066378305977396,0.2431213685936338,0.032457585533859856,0.11348577907631713,0.9872697633853932,0.9872697633853932,0.0,0.8576341738680765,11,2,0.229225054334309,False,104,38,125
ridge_teacher_binary,4,6,64,fixed,0.13106322484514552,0.1248112398604126,8,0,4,3,0.12532702997573436,0.12586678196127002,0.13105548437255393,0.13120811036832483,0.00015262599577089975,0.0,0.0001448855231793167,0.2038613677040867,0.23383520831143306,0.02997384060734637,0.10277198346628755,1.1190361600650405,1.1190361600650405,0.0,0.9879729352198949,11,4,0.13563541550396305,False,59,19,111
ridge_teacher_binary,4,6,64,fixed,0.13106322484514552,0.1248112398604126,8,1,1,5,0.12556054560207447,0.12573722454835873,0.13106539603444914,0.1313542095944838,0.0002888135600346564,2.1711893036235885e-06,0.00029098474933828,0.23668867536097782,0.2697276377923082,0.033038962431330365,0.13866441294716267,0.6193997029252121,0.6193997029252121,0.0,0.4883364780800665,11,4,0.13563541550396305,False,80,26,117
ridge_teacher_binary,4,6,64,fixed,0.13106322484514552,0.1248112398604126,8,2,6,0,0.12535596710138233,0.1254745413878183,0.1310624888593348,0.1311583731999411,9.58843406062837e-05,0.0,9.514835479557116e-05,0.18440747565417098,0.21298894945083602,0.028581473796665036,0.0819257246056905,1.022571960795611,1.022571960795611,0.0,0.8915087359504654,122,4,0.13563541550396305,False,44,20,105
ridge_teacher_binary,4,6,64,moving,0.12765763307029077,0.1248112398604126,8,0,7,6,0.12591639516243588,0.12535596710138233,0.13158735972359414,0.13773338455878315,0.006146024835189001,0.003929726653303378,0.01007575148849238,0.23151707998116658,0.2635835142177184,0.03206643423655184,0.13592588114742765,0.229225054334309,0.229225054334309,0.0,0.10156742126401824,233,2,0.229225054334309,False,68,32,77
ridge_teacher_binary,4,6,64,moving,0.12765763307029077,0.1248112398604126,8,1,4,0,0.12532702997573436,0.1254745413878183,0.13818682261106874,0.15260820575741402,0.014421383146345279,0.010529189540777972,0.02495057268712325,0.21189910082611824,0.24481352042892185,0.03291441960280361,0.11715588735863108,0.229225054334309,0.229225054334309,0.0,0.10156742126401824,298,2,0.229225054334309,False,60,18,64
ridge_teacher_binary,4,6,64,moving,0.12765763307029077,0.1248112398604126,8,2,3,2,0.12586678196127002,0.12526157463353244,0.2193108670485475,0.25215960401601223,0.03284873696746474,0.09165323397825673,0.12450197094572146,0.2193108670485475,0.25215960401601223,0.03284873696746474,0.12450197094572146,0.229225054334309,0.229225054334309,0.0,0.10156742126401824,218,2,0.229225054334309,False,1,0,2
ridge_teacher_binary,4,6,128,fixed,0.13106322484514552,0.12453848857412644,8,0,7,5,0.12515054949719706,0.12513528373881885,0.13106389391129383,0.13117753883249747,0.00011364492120363723,6.690661483177429e-07,0.00011431398735195497,0.2023673485437669,0.23683739151260663,0.03447004296883974,0.10577416666746112,0.13563541550396305,0.13563541550396305,0.0,0.004572190658817532,630,4,0.13563541550396305,False,47,16,105
ridge_teacher_binary,4,6,128,fixed,0.13106322484514552,0.12453848857412644,8,1,0,6,0.12490196233346915,0.12479835792133043,0.13107110090246038,0.13121618900089105,0.00014508809843066794,7.87605731486507e-06,0.00015296415574553301,0.244162893837713,0.28142086384098786,0.037257970003274854,0.15035763899584234,0.13563541550396305,0.13563541550396305,0.0,0.004572190658817532,689,4,0.13563541550396305,False,36,20,102
ridge_teacher_binary,4,6,128,fixed,0.13106322484514552,0.12453848857412644,8,2,4,3,0.12496852684771334,0.12489664153984015,0.13107094225957916,0.13121579681507986,0.0001448545555007008,7.717414433644487e-06,0.0001525719699343453,0.20269743181464595,0.2368293033458456,0.03413187153119965,0.10576607850070008,0.13563541550396305,0.13563541550396305,0.0,0.004572190658817532,669,4,0.13563541550396305,False,46,21,99
ridge_teacher_binary,4,6,128,moving,0.1264866786351228,0.12453848857412644,8,0,1,6,0.12512264395985132,0.12479835792133043,0.1388788801387889,0.15435490644544142,0.015476026306652513,0.0123922015036661,0.027868227810318613,0.1863074533899573,0.21782995850501571,0.03152250511505841,0.09134327986989291,0.12576389202350707,0.12576389202350707,0.0,0.0,443,16,0.12576389202350707,False,2,1,3
ridge_teacher_binary,4,6,128,moving,0.1264866786351228,0.12453848857412644,8,1,2,5,0.1255775355945304,0.12513528373881885,0.22388512073652317,0.25995868903857544,0.03607356830205227,0.09739844210140036,0.13347201040345263,0.22388512073652317,0.25995868903857544,0.03607356830205227,0.13347201040345263,0.12710523870887275,0.12710523870887275,0.0,0.0006185600737499408,669,8,0.12710523870887275,False,1,0,2
ridge_teacher_binary,4,6,128,moving,0.1264866786351228,0.12453848857412644,8,2,7,0,0.12515054949719706,0.12490196233346915,0.1311093916116561,0.13940298832013753,0.008293596708481427,0.0046227129765333,0.012916309685014726,0.2103514934429577,0.244600262004093,0.03424876856113529,0.11811358336897018,0.12710523870887275,0.12710523870887275,0.0,0.0006185600737499408,653,8,0.12710523870887275,False,31,17,33
ridge_teacher_binary,4,7,8,fixed,0.13106322484514552,0.1259064225021738,7,0,2,4,0.12877543857806262,0.1304993803882559,0.13904015024432317,0.14664357537696732,0.007603425132644143,0.007976925399177659,0.015580350531821802,0.2812769928005787,0.3166856662565757,0.035408673455996964,0.18562244141143017,1.0028438992199034,1.0028438992199034,0.0,0.8717806743747578,11,4,0.13563541550396305,False,45,29,65
ridge_teacher_binary,4,7,8,fixed,0.13106322484514552,0.1259064225021738,7,1,5,0,0.12917588320365456,0.12665829092154537,0.13106823726688094,0.1317443323458374,0.0006760950789564679,5.012421735423045e-06,0.000681107500691891,0.17702602975829676,0.18683081471349955,0.009804784955202789,0.055767589868354034,0.6176315824788927,0.6176315824788927,0.0,0.4865683576337472,11,4,0.13563541550396305,False,48,16,88
ridge_teacher_binary,4,7,8,fixed,0.13106322484514552,0.1259064225021738,7,2,7,1,0.12940565495045728,0.13023884575176953,0.13228270624035815,0.13496390936588762,0.002681203125529469,0.0012194813952126349,0.0039006845207421037,0.2351469764158014,0.2666821680760648,0.03153519166026342,0.1356189432309193,0.8597167297696157,0.8597167297696157,0.0,0.7286535049244701,11,4,0.13563541550396305,False,91,36,116
ridge_teacher_binary,4,7,8,moving,0.13596451556248826,0.1259064225021738,8,0,2,6,0.12877543857806262,0.12802222191581422,0.37054844040926904,0.4097107194445469,0.03916227903527786,0.23458392484678078,0.2737462038820586,0.37054844040926904,0.4097107194445469,0.03916227903527786,0.2737462038820586,1.008732332969278,1.008732332969278,0.0,0.8727678174067897,11,2,0.229225054334309,False,1,0,2
ridge_teacher_binary,4,7,8,moving,0.13596451556248826,0.1259064225021738,8,1,4,3,0.1304993803882559,0.13387651922039223,0.13642033332274386,0.13769110390897155,0.001270770586227682,0.0004558177602556057,0.0017265883464832876,0.420376886062358,0.4601548689241004,0.03977798286174239,0.32419035336161217,1.0028438992199034,1.0028438992199034,0.0,0.8668793836574151,11,2,0.229225054334309,False,98,53,123
ridge_teacher_binary,4,7,8,moving,0.13596451556248826,0.1259064225021738,8,2,1,7,0.13023884575176953,0.12940565495045728,0.13606018735391645,0.13677553691526917,0.0007153495613527183,9.567179142819238e-05,0.0008110213527809107,0.2351469764158014,0.2666821680760648,0.03153519166026342,0.13071765251357656,0.8597167297696157,0.8597167297696157,0.0,0.7237522142071274,11,2,0.229225054334309,False,72,30,105
ridge_teacher_binary,4,7,16,fixed,0.13106322484514552,0.12524694245432882,8,0,3,4,0.12797209264942125,0.1281349371411717,0.13132426696371502,0.1328238314560503,0.0014995644923352924,0.00026104211856950443,0.0017606066109047969,0.3559678868911978,0.3951095158646383,0.039141628973440534,0.26404629101949284,0.6423866283072445,0.6423866283072445,0.0,0.5113234034620989,11,4,0.13563541550396305,False,105,48,125
ridge_teacher_binary,4,7,16,fixed,0.13106322484514552,0.12524694245432882,8,1,5,1,0.12766182691127864,0.1286435629271801,0.1320158435677894,0.13328722153614145,0.0012713779683520554,0.0009526187226438776,0.002223996690995933,0.30765839800971573,0.34545308308633416,0.03779468507661843,0.21438985824118864,0.9587286602740553,0.9587286602740553,0.0,0.8276654354289098,11,4,0.13563541550396305,False,107,56,123
ridge_teacher_binary,4,7,16,fixed,0.13106322484514552,0.12524694245432882,8,2,0,2,0.12635170551101538,0.12849290285950196,0.13148552568761396,0.13331279528582557,0.0018272695982116116,0.0004223008424684427,0.0022495704406800543,0.2637672565183574,0.29859880168114106,0.03483154516278364,0.16753557683599554,1.2055346105234568,1.2055346105234568,0.0,1.0744713856783112,11,4,0.13563541550396305,False,113,53,125
ridge_teacher_binary,4,7,16,moving,0.1325581412664826,0.12524694245432882,8,0,2,7,0.12849290285950196,0.12698050327887206,0.1325625850987206,0.13277972632706952,0.00021714122834892713,4.443832237993606e-06,0.00022158506058692073,0.1700701704152504,0.19238537391573474,0.022315203500484326,0.05982723264925213,1.2055346105234568,1.2055346105234568,0.0,1.072976469256974,11,2,0.229225054334309,False,61,23,110
ridge_teacher_binary,4,7,16,moving,0.1325581412664826,0.12524694245432882,8,1,0,1,0.12635170551101538,0.1286435629271801,0.13256304464216068,0.13289645882095236,0.00033341417879168,4.90337567807253e-06,0.00033831755446975253,0.1731520560954219,0.19548090160123016,0.02232884550580827,0.06292276033474756,0.5936107867235427,0.5936107867235427,0.0,0.46105264545706015,11,2,0.229225054334309,False,66,24,96
ridge_teacher_binary,4,7,16,moving,0.1325581412664826,0.12524694245432882,8,2,6,4,0.12770149751128956,0.1281349371411717,0.13263880173797357,0.13353389501468874,0.0008950932767151643,8.066047149096756e-05,0.0009757537482061318,0.36967311549060317,0.4080500155407174,0.03837690005011424,0.2754918742742348,0.5986295078024271,0.5986295078024271,0.0,0.4660713665359445,11,2,0.229225054334309,False,96,40,118
ridge_teacher_binary,4,7,32,fixed,0.13106322484514552,0.12524694245432882,8,0,7,6,0.12603361438156074,0.12597065230751944,0.1310590053412206,0.13132891277811215,0.0002699074368915366,0.0,0.00026568793296663507,0.1746274308873379,0.20067753956190937,0.02605010867457147,0.06961431471676385,0.6104750835380258,0.6104750835380258,0.0,0.4794118586928803,11,4,0.13563541550396305,False,95,19,115
ridge_teacher_binary,4,7,32,fixed,0.13106322484514552,0.12524694245432882,8,1,5,2,0.125368472421664,0.12733414614373337,0.13107277733519934,0.13144222469265388,0.00036944735745453317,9.552490053826856e-06,0.00037899984750836,0.24848649918922944,0.2829878089920428,0.03450130980281335,0.15192458414689727,1.2239150619810322,1.2239150619810322,0.0,1.0928518371358866,11,4,0.13563541550396305,False,113,34,125
ridge_teacher_binary,4,7,32,fixed,0.13106322484514552,0.12524694245432882,8,2,3,0,0.12726753845424316,0.12676293407032865,0.13107028794028744,0.1314101111867961,0.0003398232465086637,7.063095141923714e-06,0.0003468863416505874,0.2220287424136652,0.25377936185299776,0.03175061943933258,0.12271613700785225,1.0638569887631337,1.0638569887631337,0.0,0.9327937639179882,11,4,0.13563541550396305,False,92,30,115
ridge_teacher_binary,4,7,32,moving,0.12963558951731669,0.12524694245432882,8,0,6,0,0.12597065230751944,0.12676293407032865,0.12972976499924588,0.13114702585688315,0.0014172608576372703,9.41754819291929e-05,0.0015114363395664632,0.2511588314637766,0.28333332349521334,0.03217449203143674,0.15369773397789666,0.9719381994188391,0.9719381994188391,0.0,0.8423026099015224,11,2,0.229225054334309,False,99,41,123
ridge_teacher_binary,4,7,32,moving,0.12963558951731669,0.12524694245432882,8,1,1,3,0.12641261923159103,0.12726753845424316,0.1296435400439756,0.12983410740735435,0.00019056736337874636,7.95052665891749e-06,0.00019851789003766385,0.17292824921865413,0.1966756994749356,0.02374745025628147,0.06704010995761892,1.0638569887631337,1.0638569887631337,0.0,0.934221399245817,11,2,0.229225054334309,False,103,25,119
ridge_teacher_binary,4,7,32,moving,0.12963558951731669,0.12524694245432882,8,2,4,2,0.1257265987558209,0.12733414614373337,0.12964423260177654,0.12996138013936948,0.00031714753759293224,8.643084459858397e-06,0.00032579062205279063,0.2602460084213703,0.2942064243817828,0.03396041596041249,0.1645708348644661,1.2239150619810322,1.2239150619810322,0.0,1.0942794724637155,11,2,0.229225054334309,False,118,38,126
ridge_teacher_binary,4,7,64,fixed,0.13106322484514552,0.1248112398604126,8,0,2,5,0.12575509667459203,0.12546506882173036,0.1310706336906728,0.13121852358036679,0.0001478898896939973,7.408845527273611e-06,0.0001552987352212709,0.1998595687566454,0.23151639335896618,0.03165682460232078,0.10045316851382066,0.5885025196273801,0.5885025196273801,0.0,0.45743929478223455,101,4,0.13563541550396305,False,62,22,113
ridge_teacher_binary,4,7,64,fixed,0.13106322484514552,0.1248112398604126,8,1,0,7,0.12608307182966172,0.1261593341746839,0.13107036497941668,0.13134697881491608,0.0002766138354994008,7.140134271166332e-06,0.0002837539697705671,0.21764123895306145,0.2506432139921416,0.03300197503908017,0.11957998914699611,0.581166445222176,0.581166445222176,0.0,0.45010322037703043,180,4,0.13563541550396305,False,60,24,108
ridge_teacher_binary,4,7,64,fixed,0.13106322484514552,0.1248112398604126,8,2,1,3,0.12515314659186702,0.1253400342507349,0.13107115180086956,0.13123892980821225,0.00016777800734268933,7.926955724046891e-06,0.00017570496306673622,0.19750296838676207,0.22922545155170912,0.03172248316494705,0.0981622267065636,1.0227943915812574,1.0227943915812574,0.0,0.8917311667361119,130,4,0.13563541550396305,False,62,20,107
ridge_teacher_binary,4,7,64,moving,0.12765763307029077,0.1248112398604126,8,0,0,1,0.12608307182966172,0.12515314659186702,0.1422001306467772,0.15928983419071477,0.017089703543937573,0.01454249757648643,0.031632201120424,0.1993664141703282,0.23292612085024456,0.03355970667991637,0.10526848777995379,0.13563541550396305,0.13563541550396305,0.0,0.007977782433672281,299,4,0.13563541550396305,False,23,11,29
ridge_teacher_binary,4,7,64,moving,0.12765763307029077,0.1248112398604126,8,1,3,2,0.1253400342507349,0.12575509667459203,0.13198371503257156,0.14096929456739757,0.00898557953482601,0.004326081962280792,0.013311661497106803,0.21665362959592002,0.24905777732866927,0.032404147732749244,0.1214001442583785,0.229225054334309,0.229225054334309,0.0,0.10156742126401824,245,2,0.229225054334309,False,27,13,39
ridge_teacher_binary,4,7,64,moving,0.12765763307029077,0.1248112398604126,8,2,5,7,0.12546506882173036,0.1261593341746839,0.1279925452070348,0.12944767829363918,0.0014551330866043877,0.00033491213674402553,0.0017900452233484132,0.20263182561708373,0.2351212684478412,0.03248944283075747,0.10746363537755044,0.229225054334309,0.229225054334309,0.0,0.10156742126401824,297,2,0.229225054334309,False,102,38,116
ridge_teacher_binary,4,7,128,fixed,0.13106322484514552,0.12453848857412644,8,0,7,3,0.12501159152668803,0.1257375509950032,0.13107159336858076,0.13119201305785771,0.00012041968927695157,8.368523435248187e-06,0.00012878821271219976,0.2054428866895051,0.23963850915949836,0.03419562246999325,0.10857528431435284,0.13563541550396305,0.13563541550396305,0.0,0.004572190658817532,599,4,0.13563541550396305,False,31,17,96
ridge_teacher_binary,4,7,128,fixed,0.13106322484514552,0.12453848857412644,8,1,6,2,0.12504034516637133,0.1250096356481723,0.13106474719734684,0.1311675358264055,0.00010278862905865882,1.5223522013274593e-06,0.00010431098125998628,0.20672567622390828,0.24127051478831446,0.03454483856440618,0.11020728994316895,0.13563541550396305,0.13563541550396305,0.0,0.004572190658817532,643,4,0.13563541550396305,False,50,18,112
ridge_teacher_binary,4,7,128,fixed,0.13106322484514552,0.12453848857412644,8,2,4,1,0.12556129348204997,0.12500905091601355,0.13106095255831074,0.13132830209759688,0.0002673495392861436,0.0,0.0002650772524513678,0.21384929425524218,0.2495224519918274,0.03567315773658522,0.11845922714668189,0.13563541550396305,0.13563541550396305,0.0,0.004572190658817532,584,4,0.13563541550396305,False,60,16,114
ridge_teacher_binary,4,7,128,moving,0.1264866786351228,0.12453848857412644,8,0,2,1,0.1250096356481723,0.12500905091601355,0.13155101832477048,0.13889690656756287,0.007345888242792392,0.005064339689647673,0.012410227932440066,0.20486654494889772,0.23920880507289594,0.034342260123998214,0.11272212643777313,0.12862565311166188,0.12862565311166188,0.0,0.002138974476539074,555,8,0.12710523870887275,False,6,5,7
ridge_teacher_binary,4,7,128,moving,0.1264866786351228,0.12453848857412644,8,1,6,3,0.12504034516637133,0.1257375509950032,0.21958300427992838,0.25469676246020356,0.03511375818027518,0.09309632564480558,0.12821008382508076,0.21958300427992838,0.25469676246020356,0.03511375818027518,0.12821008382508076,0.12710523870887275,0.12710523870887275,0.0,0.0006185600737499408,595,8,0.12710523870887275,False,1,0,2
ridge_teacher_binary,4,7,128,moving,0.1264866786351228,0.12453848857412644,8,2,5,7,0.12498040256998609,0.12501159152668803,0.21264286049700087,0.24711584907461748,0.0344729885776166,0.08615618186187807,0.12062917043949467,0.21264286049700087,0.24711584907461748,0.0344729885776166,0.12062917043949467,0.12653552539456525,0.12653552539456525,0.0,4.8846759442444654e-05,547,16,0.12576389202350707,False,1,0,2
ridge_teacher_binary,4,8,8,fixed,0.13106322484514552,0.1259064225021738,7,0,5,0,0.1290575133050381,0.13008624555347292,0.14496843966117642,0.15725390967540184,0.01228547001422542,0.013905214816030909,0.026190684830256328,0.37202498308028287,0.4101355449151947,0.03811056183491185,0.27907232007004923,1.181147448315999,1.181147448315999,0.0,1.0500842234708534,11,4,0.13563541550396305,False,66,30,79
ridge_teacher_binary,4,8,8,fixed,0.13106322484514552,0.1259064225021738,7,1,1,7,0.12983754074082518,0.13045964952846723,0.13481701598678625,0.14051684877473075,0.005699832787944503,0.0037537911416407332,0.009453623929585236,0.20333168117760397,0.2294711944840104,0.02613951330640643,0.09840796963886489,0.9705061137991936,0.9705061137991936,0.0,0.8394428889540481,11,4,0.13563541550396305,False,64,23,88
ridge_teacher_binary,4,8,8,fixed,0.13106322484514552,0.1259064225021738,7,2,4,3,0.12762505887650127,0.13035543302450153,0.1401082611807563,0.1471013917576981,0.006993130576941786,0.009045036335610795,0.01603816691255258,0.24296414034886202,0.26780249689828917,0.02483835654942715,0.13673927205314365,1.0987010423479084,1.0987010423479084,0.0,0.9676378175027629,11,4,0.13563541550396305,False,68,36,78
ridge_teacher_binary,4,8,8,moving,0.13596451556248826,0.1259064225021738,8,0,7,1,0.13045964952846723,0.12983754074082518,0.13597382408487116,0.13643719846884023,0.0004633743839690674,9.308522382900364e-06,0.00047268290635196775,0.20333168117760397,0.2294711944840104,0.02613951330640643,0.09350667892152215,0.9705061137991936,0.9705061137991936,0.0,0.8345415982367054,11,2,0.229225054334309,False,61,22,105
ridge_teacher_binary,4,8,8,moving,0.13596451556248826,0.1259064225021738,8,1,6,5,0.1338417863535683,0.1290575133050381,0.13623171210918195,0.1378803712213534,0.0016486591121714633,0.00026719654669368764,0.001915855658865151,0.33441188211066475,0.3667031869315389,0.03229130482087417,0.23073867136905066,0.5465394262682081,0.5465394262682081,0.0,0.41057491070571983,11,2,0.229225054334309,False,86,36,123
ridge_teacher_binary,4,8,8,moving,0.13596451556248826,0.1259064225021738,8,2,3,2,0.13035543302450153,0.12857521098829025,0.1359731285468188,0.1363259287951162,0.00035280024829739687,8.612984330552687e-06,0.00036141323262794955,0.17554421143491558,0.19953882019304914,0.023994608758133557,0.06357430463056088,0.824747562416512,0.824747562416512,0.0,0.6887830468540238,11,2,0.229225054334309,False,29,15,86
ridge_teacher_binary,4,8,16,fixed,0.13106322484514552,0.12524694245432882,8,0,4,0,0.12723099141691874,0.12759937852930225,0.13130867133445184,0.13214765415455984,0.0008389828201079974,0.00024544648930632795,0.0010844293094143254,0.2225980308764647,0.25424355633322065,0.031645525456755946,0.12318033148807514,0.5912711188052384,0.5912711188052384,0.0,0.4602078939600929,11,4,0.13563541550396305,False,94,26,119
ridge_teacher_binary,4,8,16,fixed,0.13106322484514552,0.12524694245432882,8,1,1,2,0.1289470175414547,0.12844066424646447,0.1326106086572294,0.13625471418219418,0.0036441055249647747,0.0015473838120838856,0.00519148933704866,0.20042505142287848,0.22509271512703063,0.02466766370415216,0.09402949028188512,0.6048360269384926,0.6048360269384926,0.0,0.47377280209334705,11,4,0.13563541550396305,False,74,30,113
ridge_teacher_binary,4,8,16,fixed,0.13106322484514552,0.12524694245432882,8,2,7,6,0.1287587952628624,0.12715180013752023,0.13109302498963804,0.13250555808104053,0.0014125330914024903,2.980014449252555e-05,0.0014423332358950158,0.26833560177998894,0.2995172816816124,0.03118167990162346,0.1684540568364669,0.5497181879764845,0.5497181879764845,0.0,0.418654963131339,11,4,0.13563541550396305,False,118,46,124
ridge_teacher_binary,4,8,16,moving,0.1325581412664826,0.12524694245432882,8,0,3,6,0.12825086462651747,0.12715180013752023,0.13256762893481575,0.13302984123081305,0.0004622122959972996,9.487668333141297e-06,0.0004716999643304409,0.19246049524727407,0.22046531369610975,0.028004818448835678,0.08790717242962715,0.5944105575151254,0.5944105575151254,0.0,0.4618524162486428,11,2,0.229225054334309,False,85,28,111
ridge_teacher_binary,4,8,16,moving,0.1325581412664826,0.12524694245432882,8,1,0,5,0.12759937852930225,0.1271785932181502,0.13273323232677975,0.13375571812398285,0.0010224857972030987,0.0001750910602971445,0.0011975768575002432,0.348292760929683,0.38839334095432865,0.04010058002464567,0.25583519968784607,0.6498015864128983,0.6498015864128983,0.0,0.5172434451464157,11,2,0.229225054334309,False,95,35,121
ridge_teacher_binary,4,8,16,moving,0.1325581412664826,0.12524694245432882,8,2,2,1,0.12844066424646447,0.1289470175414547,0.13256059021030178,0.13351841196652567,0.0009578217562238867,2.448943819177707e-06,0.0009602707000430644,0.20042505142287848,0.22509271512703063,0.02466766370415216,0.09253457386054803,0.6048360269384926,0.6048360269384926,0.0,0.47227788567201,11,2,0.229225054334309,False,65,24,103
ridge_teacher_binary,4,8,32,fixed,0.13106322484514552,0.12524694245432882,8,0,2,6,0.12651287569740371,0.12570408644025896,0.13106258604714283,0.1312827313207206,0.00022014527357777647,0.0,0.0002195064755750875,0.18335007522524277,0.20715928472654854,0.023809209501305773,0.07609605988140303,0.9340463242867871,0.9340463242867871,0.0,0.8029830994416416,11,4,0.13563541550396305,False,78,21,114
ridge_teacher_binary,4,8,32,fixed,0.13106322484514552,0.12524694245432882,8,1,7,0,0.1259493897606724,0.12589873562161935,0.13106534408888115,0.13124407564719065,0.00017873155830949727,2.1192437356376548e-06,0.00018085080204513493,0.22080737102357362,0.2530803331231363,0.03227296209956271,0.12201710827799081,0.9409208982752786,0.9409208982752786,0.0,0.809857673430133,11,4,0.13563541550396305,False,71,28,110
ridge_teacher_binary,4,8,32,fixed,0.13106322484514552,0.12524694245432882,8,2,1,4,0.1269232871701223,0.12632345393226274,0.13106933397383908,0.13131812961012906,0.000248795636289989,6.109128693559951e-06,0.00025490476498354897,0.19532611532279343,0.22389814811468942,0.02857203279189599,0.0928349232695439,0.9633243623677579,0.9633243623677579,0.0,0.8322611375226123,11,4,0.13563541550396305,False,83,21,115
ridge_teacher_binary,4,8,32,moving,0.12963558951731669,0.12524694245432882,8,0,4,0,0.12632345393226274,0.12589873562161935,0.1297714508003845,0.1311892618675621,0.0014178110671776156,0.00013586128306780632,0.001553672350245422,0.18058254926661368,0.20411822232901056,0.023535673062396872,0.07448263281169387,0.9633243623677579,0.9633243623677579,0.0,0.8336887728504412,11,2,0.229225054334309,False,93,30,117
ridge_teacher_binary,4,8,32,moving,0.12963558951731669,0.12524694245432882,8,1,5,6,0.12759584500973092,0.12570408644025896,0.12964058157542652,0.1307713586692403,0.0011307770938137895,4.992058109831721e-06,0.0011357691519236213,0.17694244784822744,0.20154194590626526,0.024599498058037822,0.07190635638894857,0.9655456451838017,0.9655456451838017,0.0,0.835910055666485,11,2,0.229225054334309,False,79,22,115
ridge_teacher_binary,4,8,32,moving,0.12963558951731669,0.12524694245432882,8,2,2,1,0.12651287569740371,0.1269232871701223,0.1299632853536355,0.13095797194013561,0.0009946865865001209,0.0003276958363188087,0.0013223824228189296,0.14911233907803162,0.16806347839245514,0.01895113931442352,0.038427888875138455,0.6105442611457091,0.6105442611457091,0.0,0.48090867162839246,11,2,0.229225054334309,False,68,14,100
ridge_teacher_binary,4,8,64,fixed,0.13106322484514552,0.1248112398604126,8,0,7,3,0.12538726913794634,0.12543929234024762,0.13107122559288326,0.13133757434771387,0.00026634875483061426,8.000747737740843e-06,0.0002743495025683551,0.24589399477008222,0.28339755711101955,0.037503562340937324,0.15233433226587403,0.9719552910645746,0.9719552910645746,0.0,0.840892066219429,104,4,0.13563541550396305,False,84,26,114
ridge_teacher_binary,4,8,64,fixed,0.13106322484514552,0.1248112398604126,8,1,1,2,0.12550922036518541,0.12556228360780095,0.13106247184990982,0.13129539277389515,0.00023292092398533026,0.0,0.0002321679287496381,0.225089357186551,0.26047437675800955,0.035385019571458565,0.12941115191286404,1.0307002170053055,1.0307002170053055,0.0,0.8996369921601599,125,4,0.13563541550396305,False,61,24,113
ridge_teacher_binary,4,8,64,fixed,0.13106322484514552,0.1248112398604126,8,2,6,4,0.12532380619582603,0.12568342487153225,0.13106763752959977,0.1312801298587642,0.0002124923291644265,4.412684454252469e-06,0.00021690501361867898,0.1967749522578437,0.22733871650164336,0.030563764243799668,0.09627549165649785,1.0785915036116933,1.0785915036116933,0.0,0.9475282787665478,169,4,0.13563541550396305,False,55,20,101
ridge_teacher_binary,4,8,64,moving,0.12765763307029077,0.1248112398604126,8,0,0,3,0.12530776247086609,0.12543929234024762,0.1325338413530015,0.13953551202807588,0.007001670675074373,0.004876208282710737,0.01187787895778511,0.19917081499955264,0.23088405169088436,0.03171323669133172,0.10322641862059359,0.229225054334309,0.229225054334309,0.0,0.10156742126401824,249,2,0.229225054334309,False,66,22,74
ridge_teacher_binary,4,8,64,moving,0.12765763307029077,0.1248112398604126,8,1,2,5,0.12556228360780095,0.1255392498882715,0.1295311578012023,0.13367246060046317,0.004141302799260865,0.001873524730911541,0.006014827530172406,0.17394462599250138,0.2014080764746713,0.027463450482169915,0.07375044340438053,0.13563541550396305,0.13563541550396305,0.0,0.007977782433672281,218,4,0.13563541550396305,False,78,31,102
ridge_teacher_binary,4,8,64,moving,0.12765763307029077,0.1248112398604126,8,2,7,1,0.12538726913794634,0.12550922036518541,0.1928446566091603,0.22296022009166094,0.030115563482500635,0.06518702353886954,0.09530258702137018,0.1928446566091603,0.22296022009166094,0.030115563482500635,0.09530258702137018,0.229225054334309,0.229225054334309,0.0,0.10156742126401824,239,2,0.229225054334309,False,1,0,2
ridge_teacher_binary,4,8,128,fixed,0.13106322484514552,0.12453848857412644,8,0,1,0,0.12492831173303752,0.12506066021877943,0.13102088058539574,0.13123626353784892,0.00021538295245318584,0.0,0.00017303869270340888,0.22978510510269973,0.26684869630528735,0.03706359120258762,0.13578547146014183,0.13563541550396305,0.13563541550396305,0.0,0.004572190658817532,476,4,0.13563541550396305,False,28,20,108
ridge_teacher_binary,4,8,128,fixed,0.13106322484514552,0.12453848857412644,8,1,7,3,0.12502939175933844,0.12507187847666074,0.1310705875232629,0.13131748643891406,0.0002468989156511614,7.362678117378563e-06,0.00025426159376853996,0.1918840308557823,0.22321093312740223,0.03132690227161994,0.09214770828225671,0.13563541550396305,0.13563541550396305,0.0,0.004572190658817532,705,4,0.13563541550396305,False,36,17,102
ridge_teacher_binary,4,8,128,fixed,0.13106322484514552,0.12453848857412644,8,2,4,6,0.12526646503590874,0.12473273884423286,0.1310605356060262,0.13135529410776653,0.00029475850174032203,0.0,0.0002920692626210142,0.21043296252367577,0.24464984830171116,0.03421688577803539,0.11358662345656564,0.13563541550396305,0.13563541550396305,0.0,0.004572190658817532,677,4,0.13563541550396305,False,82,21,109
ridge_teacher_binary,4,8,128,moving,0.1264866786351228,0.12453848857412644,8,0,6,7,0.12473273884423286,0.12502939175933844,0.1396054569831658,0.15486438536094382,0.015258928377778036,0.013118778348042981,0.028377706725821017,0.18499502428564188,0.21489820035972587,0.029903176074083992,0.08841152172460306,0.12710523870887275,0.12710523870887275,0.0,0.0006185600737499408,699,8,0.12710523870887275,False,2,1,3
ridge_teacher_binary,4,8,128,moving,0.1264866786351228,0.12453848857412644,8,1,1,3,0.12492831173303752,0.12507187847666074,0.14011505213326383,0.15528437573089454,0.015169323597630707,0.013628373498141028,0.028797697095771735,0.21181193384005237,0.2449703903750153,0.03315845653496294,0.1184837117398925,0.12710523870887275,0.12710523870887275,0.0,0.0006185600737499408,586,8,0.12710523870887275,False,4,3,5
ridge_teacher_binary,4,8,128,moving,0.1264866786351228,0.12453848857412644,8,2,2,4,0.125013234746024,0.12526646503590874,0.14271204921509947,0.1605176022334487,0.017805553018349213,0.016225370579976667,0.03403092359832588,0.1956191296519282,0.22850306818669047,0.032883938534762264,0.10201638955156767,0.12710523870887275,0.12710523870887275,0.0,0.0006185600737499408,677,8,0.12710523870887275,False,5,4,6
ridge_teacher_binary,4,9,8,fixed,0.13106322484514552,0.1259064225021738,6,0,3,4,0.1297774813645216,0.12650802187291357,0.13525599813951172,0.1386195005163642,0.003363502376852484,0.004192773294366209,0.007556275671218693,0.2680430395133237,0.29905095063452275,0.03100791112119905,0.16798772578937723,0.5838325869846058,0.5838325869846058,0.0,0.4527693621394603,11,4,0.13563541550396305,False,78,47,105
ridge_teacher_binary,4,9,8,fixed,0.13106322484514552,0.1259064225021738,6,1,7,2,0.12908561331533852,0.1291146589210792,0.13621515630887854,0.140159013292663,0.003943856983784466,0.005151931463733023,0.009095788447517489,0.312588970729885,0.34416965093264534,0.031580680202760336,0.21310642608749983,0.6311084292525765,0.6311084292525765,0.0,0.5000452044074309,11,4,0.13563541550396305,False,56,26,70
ridge_teacher_binary,4,9,8,fixed,0.13106322484514552,0.1259064225021738,6,2,5,0,0.12881048661604527,0.128976391530675,0.1322390264749587,0.13428672472376066,0.0020476982488019657,0.001175801629813178,0.0032234998786151436,0.2115474109878823,0.23737201654297235,0.025824605555090058,0.10630879169782684,1.1810827418858503,1.1810827418858503,0.0,1.0500195170407047,11,4,0.13563541550396305,False,55,23,93
ridge_teacher_binary,4,9,8,moving,0.13596451556248826,0.1259064225021738,7,0,2,0,0.1291146589210792,0.128976391530675,0.43887421682702193,0.47726530306245296,0.03839108623543103,0.30290970126453365,0.34130078749996473,0.43887421682702193,0.47726530306245296,0.03839108623543103,0.34130078749996473,1.1810827418858503,1.1810827418858503,0.0,1.045118226323362,11,2,0.229225054334309,False,1,0,2
ridge_teacher_binary,4,9,8,moving,0.13596451556248826,0.1259064225021738,7,1,3,1,0.1297774813645216,0.13299293860331987,0.13626577907437015,0.13675898340929651,0.0004932043349263615,0.00030126351188189404,0.0007944678468082556,0.3430259371217115,0.37712601704681303,0.034100079925101556,0.24116150148432478,0.5838325869846058,0.5838325869846058,0.0,0.4478680714221176,11,2,0.229225054334309,False,59,33,109
ridge_teacher_binary,4,9,8,moving,0.13596451556248826,0.1259064225021738,7,2,4,7,0.12650802187291357,0.12908561331533852,0.13604126117936782,0.13653606452850314,0.0004948033491353199,7.674561687956438e-05,0.0005715489660148843,0.21338379638147198,0.2384836897815661,0.02509989340009411,0.10251917421907783,0.6311084292525765,0.6311084292525765,0.0,0.49514391369008826,11,2,0.229225054334309,False,35,23,86
ridge_teacher_binary,4,9,16,fixed,0.13106322484514552,0.12524694245432882,8,0,6,7,0.1285684169175641,0.12637382813204787,0.13110810186191774,0.13165497014675354,0.0005468682848357997,4.487701677222122e-05,0.000591745301608021,0.2695435169214239,0.30244312971201315,0.03289961279058923,0.17137990486686763,0.6121246034874522,0.6121246034874522,0.0,0.4810613786423067,11,4,0.13563541550396305,False,103,42,126
ridge_teacher_binary,4,9,16,fixed,0.13106322484514552,0.12524694245432882,8,1,1,5,0.12857897310538502,0.12781459420090174,0.13121347174943987,0.13199119404227613,0.0007777222928362637,0.0001502469042943544,0.0009279691971306181,0.24003249570769417,0.2727704991662025,0.03273800345850833,0.14170727432105698,0.5405581582947495,0.5405581582947495,0.0,0.40949493344960397,11,4,0.13563541550396305,False,111,49,124
ridge_teacher_binary,4,9,16,fixed,0.13106322484514552,0.12524694245432882,8,2,4,2,0.12923958784113526,0.12777365637802793,0.1314574947316237,0.13346756362984735,0.002010068898223666,0.0003942698864781713,0.002404338784701837,0.32960113990745565,0.36882182640400174,0.03922068649654609,0.23775860155885623,0.6549451203394463,0.6549451203394463,0.0,0.5238818954943008,11,4,0.13563541550396305,False,106,48,119
ridge_teacher_binary,4,9,16,moving,0.1325581412664826,0.12524694245432882,8,0,6,4,0.1285684169175641,0.12923958784113526,0.13296258480475004,0.1342733910055677,0.0013108062008176657,0.00040444353826743495,0.0017152497390851007,0.3564583515129748,0.3937390625017544,0.03728071098877961,0.2611809212352718,0.6121246034874522,0.6121246034874522,0.0,0.47956646222096966,11,2,0.229225054334309,False,104,36,125
ridge_teacher_binary,4,9,16,moving,0.1325581412664826,0.12524694245432882,8,1,3,0,0.1261740592273204,0.12844946508344243,0.13255219665095727,0.13266012144179729,0.00010792479084001383,0.0,0.00010198017531468095,0.1465891060392489,0.16358655570802177,0.016997449668772868,0.03102841444153917,1.055053183302227,1.055053183302227,0.0,0.9224950420357444,11,2,0.229225054334309,False,35,11,90
ridge_teacher_binary,4,9,16,moving,0.1325581412664826,0.12524694245432882,8,2,7,2,0.12637382813204787,0.12777365637802793,0.13256392318270976,0.13306663542224964,0.0005027122395398764,5.7819162271599556e-06,0.0005084941557670364,0.3633146486014431,0.40083786491603723,0.037523216314594154,0.26827972364955466,0.6549451203394463,0.6549451203394463,0.0,0.5223869790729637,11,2,0.229225054334309,False,71,27,114
ridge_teacher_binary,4,9,32,fixed,0.13106322484514552,0.12524694245432882,8,0,2,5,0.12673461587039228,0.1264929131030705,0.1311841951575468,0.13190778875868364,0.0007235936011368294,0.0001209703124012973,0.0008445639135381267,0.287220991415914,0.32521719336220073,0.03799620194628672,0.19415396851705521,1.172372668027475,1.172372668027475,0.0,1.0413094431823295,11,4,0.13563541550396305,False,108,39,120
ridge_teacher_binary,4,9,32,fixed,0.13106322484514552,0.12524694245432882,8,1,6,0,0.12581346901593765,0.1264174055092651,0.1310706447603511,0.13128143371701034,0.00021078895665924136,7.4199152055864914e-06,0.00021820887186482785,0.20232116169740033,0.2322418747289992,0.029920713031598878,0.1011786498838537,0.9915047347853577,0.9915047347853577,0.0,0.8604415099402122,11,4,0.13563541550396305,False,78,28,118
ridge_teacher_binary,4,9,32,fixed,0.13106322484514552,0.12524694245432882,8,2,7,3,0.1273837062856902,0.1274041888880863,0.131083728311094,0.13179064057953732,0.0007069122684433271,2.0503465948479294e-05,0.0007274157343918064,0.22177429082350358,0.252385405075906,0.030611114252402427,0.1213221802307605,0.9845481838279424,0.9845481838279424,0.0,0.8534849589827969,11,4,0.13563541550396305,False,79,29,107
ridge_teacher_binary,4,9,32,moving,0.12963558951731669,0.12524694245432882,8,0,6,7,0.12581346901593765,0.1273837062856902,0.13157533644961422,0.13481634161439388,0.0032410051647796534,0.001939746932297537,0.00518075209707719,0.24810057634580063,0.281255915413471,0.033155339067670375,0.15162032589615432,0.9573331570538387,0.9573331570538387,0.0,0.827697567536522,11,2,0.229225054334309,False,92,43,118
ridge_teacher_binary,4,9,32,moving,0.12963558951731669,0.12524694245432882,8,1,5,3,0.1264929131030705,0.1274041888880863,0.12964077435255983,0.12986826587125178,0.00022749151869194684,5.184835243143837e-06,0.00023267635393509067,0.23395160750449612,0.26759674719950627,0.03364513969501015,0.13796115768218958,0.9845481838279424,0.9845481838279424,0.0,0.8549125943106257,11,2,0.229225054334309,False,106,35,120
ridge_teacher_binary,4,9,32,moving,0.12963558951731669,0.12524694245432882,8,2,1,2,0.12620002457016893,0.12673461587039228,0.1296475010124263,0.1300689751100576,0.00042147409763129695,1.1911495109623305e-05,0.00043338559274092026,0.22985268209311888,0.2629612891707256,0.03310860707760671,0.1333256996534089,1.172372668027475,1.172372668027475,0.0,1.0427370785101584,11,2,0.229225054334309,False,111,38,124
ridge_teacher_binary,4,9,64,fixed,0.13106322484514552,0.1248112398604126,8,0,1,0,0.12566771901459003,0.12542845758920404,0.1310642836054129,0.1312165672635617,0.00015228365814881628,1.0587602673750585e-06,0.00015334241841619134,0.17655541439289557,0.20462177942627008,0.028066365033374507,0.07355855458112456,0.5903731612368286,0.5903731612368286,0.0,0.45930993639168305,156,4,0.13563541550396305,False,42,17,97
ridge_teacher_binary,4,9,64,fixed,0.13106322484514552,0.1248112398604126,8,1,5,7,0.12497460488513681,0.12530573500638628,0.13104367956499177,0.13127357021519515,0.00022989065020337374,0.0,0.0002103453700496305,0.23281464088109688,0.2676269460834153,0.03481230520231843,0.1365637212382698,1.118993746150036,1.118993746150036,0.0,0.9879305213048906,119,4,0.13563541550396305,False,50,18,114
ridge_teacher_binary,4,9,64,fixed,0.13106322484514552,0.1248112398604126,8,2,2,3,0.12509539691922295,0.1259203206561843,0.13106039871156833,0.1311594590802071,9.906036863877032e-05,0.0,9.623423506158191e-05,0.19673980748429842,0.22731672494925573,0.030576917464957304,0.09625350010411021,0.13563541550396305,0.13563541550396305,0.0,0.004572190658817532,221,4,0.13563541550396305,False,62,16,108
ridge_teacher_binary,4,9,64,moving,0.12765763307029077,0.1248112398604126,8,0,2,3,0.12509539691922295,0.1259203206561843,0.1307171919974025,0.1355183429671328,0.0048011509697303,0.0030595589271117385,0.007860709896842039,0.19673980748429842,0.22731672494925573,0.030576917464957304,0.09965909187896496,0.13563541550396305,0.13563541550396305,0.0,0.007977782433672281,221,4,0.13563541550396305,False,70,20,80
ridge_teacher_binary,4,9,64,moving,0.12765763307029077,0.1248112398604126,8,1,5,0,0.12497460488513681,0.12542845758920404,0.12872099936326603,0.13195765085136943,0.003236651488103398,0.0010633662929752652,0.004300017781078663,0.1995883492449466,0.2308416136006702,0.03125326435572362,0.10318398053037944,0.229225054334309,0.229225054334309,0.0,0.10156742126401824,210,2,0.229225054334309,False,112,36,120
ridge_teacher_binary,4,9,64,moving,0.12765763307029077,0.1248112398604126,8,2,6,4,0.12562419069811276,0.1254563736342918,0.1303139648474502,0.13524497701944121,0.004931012171991017,0.002656331777159432,0.007587343949150449,0.20723844359276652,0.23967520730770392,0.032436763714937394,0.11201757423741315,0.229225054334309,0.229225054334309,0.0,0.10156742126401824,174,2,0.229225054334309,False,65,31,72
ridge_teacher_binary,4,9,128,fixed,0.13106322484514552,0.12453848857412644,8,0,0,5,0.12508101922487094,0.12560748279252637,0.1310606695084024,0.13131407660845654,0.0002534071000541427,0.0,0.0002508517633110219,0.19436715262389112,0.2283902901949647,0.034023137571073586,0.09732706534981919,0.13563541550396305,0.13563541550396305,0.0,0.004572190658817532,651,4,0.13563541550396305,False,43,15,109
ridge_teacher_binary,4,9,128,fixed,0.13106322484514552,0.12453848857412644,8,1,4,7,0.12495294798622357,0.12545062911191476,0.13106501434611417,0.13119696542998663,0.0001319510838724558,1.789500968657487e-06,0.00013374058484111329,0.20105110258129308,0.23401895268088124,0.032967850099588164,0.10295572783573573,0.13563541550396305,0.13563541550396305,0.0,0.004572190658817532,629,4,0.13563541550396305,False,47,20,107
ridge_teacher_binary,4,9,128,fixed,0.13106322484514552,0.12453848857412644,8,2,1,6,0.12497298424622763,0.12488753440280206,0.13106046582649644,0.1312144316654931,0.00015396583899665583,0.0,0.00015120682034758248,0.2371320888226248,0.27509389133352324,0.03796180251089845,0.14403066648837773,0.13563541550396305,0.13563541550396305,0.0,0.004572190658817532,626,4,0.13563541550396305,False,45,15,111
ridge_teacher_binary,4,9,128,moving,0.1264866786351228,0.12453848857412644,8,0,2,0,0.12520358515517996,0.12508101922487094,0.14420022718257514,0.16305533422409815,0.018855107041523017,0.01771354854745233,0.036568655588975346,0.21149748933526738,0.24609888260664167,0.03460139327137429,0.11961220397151887,0.12576389202350707,0.12576389202350707,0.0,0.0,535,16,0.12576389202350707,False,2,1,3
ridge_teacher_binary,4,9,128,moving,0.1264866786351228,0.12453848857412644,8,1,4,3,0.12495294798622357,0.1247540048392679,0.1408246483542199,0.15840530183074295,0.017580653476523045,0.014337969719097093,0.03191862319562014,0.22600074718885893,0.2627013105982038,0.036700563409344855,0.13621463196308098,0.12710523870887275,0.12710523870887275,0.0,0.0006185600737499408,568,8,0.12710523870887275,False,17,6,20
ridge_teacher_binary,4,9,128,moving,0.1264866786351228,0.12453848857412644,8,2,6,5,0.12488753440280206,0.12560748279252637,0.14492439062065432,0.16376992089417083,0.018845530273516514,0.018437711985531513,0.03728324225904803,0.24511440801960205,0.284996239280374,0.03988183126077194,0.15850956064525118,0.12601618041479473,0.12601618041479473,0.0,0.0,544,16,0.12576389202350707,False,17,7,20
