dataset,input_dim,replicate,width,level_type,threshold,optimization_proxy,eligible_models,pair_index,model_left,model_right,endpoint_left,endpoint_right,sampled_path_max,certified_path_upper,certificate_width,sampled_gap,certified_gap_upper,direct_sampled_max,direct_certified_upper,direct_certificate_width,direct_certified_gap_upper,proof_node_max,proof_certified_upper,proof_certificate_width,proof_certified_gap_upper,proof_path_nodes,proof_bridge_width,proof_reference_objective,certified_below_level,unresolved_segments,trained_midpoints,path_nodes
ridge_teacher_binary,2,0,8,fixed,0.2050128103309665,0.15296980600925103,8,0,6,0,0.15297602584520195,0.15397415515500978,0.2048420537215918,0.2050093276288211,0.00016727390722928726,0.0,0.0,0.29213759708889986,0.3209661892016682,0.028828592112768336,0.1159533788707017,0.6439676996058783,0.6439676996058783,0.0,0.4389548892749118,11,4,0.155236496631678,True,0,7,18
ridge_teacher_binary,2,0,8,fixed,0.2050128103309665,0.15296980600925103,8,1,7,1,0.1530410922261437,0.15534533541304663,0.20464811851081643,0.204911646119171,0.00026352760835457456,0.0,0.0,0.229410841980002,0.2549910272019249,0.025580185221922902,0.04997821687095841,0.4231171503576858,0.4231171503576858,0.0,0.21810434002671933,11,4,0.155236496631678,True,0,2,12
ridge_teacher_binary,2,0,8,fixed,0.2050128103309665,0.15296980600925103,8,2,2,5,0.15300014073297039,0.15299013361307456,0.20501138206099304,0.20513989296031873,0.0001285108993256956,0.0,0.00012708262935223757,0.5562212361100625,0.5956780748184252,0.039456838708362696,0.39066526448745864,1.9240088795043915,1.9240088795043915,0.0,1.718996069173425,11,4,0.155236496631678,False,8,20,50
ridge_teacher_binary,2,0,8,moving,0.20991410104830924,0.15296980600925103,8,0,6,5,0.15297602584520195,0.15299013361307456,0.20991914317394353,0.20997055262026168,5.1409446318151364e-05,5.042125634291406e-06,5.645157195244277e-05,0.29521399980965934,0.32790236882477264,0.032688369015113294,0.1179882677764634,1.9240088795043915,1.9240088795043915,0.0,1.7140947784560823,11,2,0.21386053066305247,False,4,8,34
ridge_teacher_binary,2,0,8,moving,0.20991410104830924,0.15296980600925103,8,1,0,4,0.15397415515500978,0.15296980600925103,0.17324763905073903,0.18844757057542466,0.015199931524685628,0.0,0.0,0.17324763905073903,0.18844757057542466,0.015199931524685628,0.0,0.6439676996058783,0.6439676996058783,0.0,0.4340535985575691,11,2,0.21386053066305247,True,0,0,2
ridge_teacher_binary,2,0,8,moving,0.20991410104830924,0.15296980600925103,8,2,2,1,0.15300014073297039,0.15534533541304663,0.20989909582465616,0.2099274587612459,2.8362936589754195e-05,0.0,1.3357712936673538e-05,0.26682991119992827,0.2969253373886109,0.030095426188682606,0.08701123634030164,0.4231171503576858,0.4231171503576858,0.0,0.21320304930937659,11,2,0.21386053066305247,False,3,9,29
ridge_teacher_binary,2,0,16,fixed,0.2050128103309665,0.15281037038244538,8,0,0,3,0.15314538580591056,0.15283686433130886,0.204984146130331,0.20501451087908834,3.0364748757338855e-05,0.0,1.7005481218468343e-06,0.2571984284323774,0.28912266508336415,0.03192423665098676,0.08410985475239766,0.5642685634641642,0.5642685634641642,0.0,0.3592557531331977,11,4,0.155236496631678,True,0,6,24
ridge_teacher_binary,2,0,16,fixed,0.2050128103309665,0.15281037038244538,8,1,1,7,0.15289870115067317,0.15367644142616518,0.2042030289050069,0.20475855361269327,0.0005555247076863556,0.0,0.0,0.2126442053104749,0.23735488282024864,0.024710677509773737,0.03234207248928214,1.9400428928866382,1.9400428928866382,0.0,1.7350300825556717,11,4,0.155236496631678,True,0,1,9
ridge_teacher_binary,2,0,16,fixed,0.2050128103309665,0.15281037038244538,8,2,5,4,0.1528323770229842,0.15363503396439904,0.20274344038515946,0.20423035741385398,0.0014869170286945232,0.0,0.0,0.21352421171575736,0.23761774327129204,0.024093531555534675,0.03260493294032554,2.0017667162696244,2.0017667162696244,0.0,1.796753905938658,11,4,0.155236496631678,True,0,1,7
ridge_teacher_binary,2,0,16,moving,0.1581348435156316,0.15281037038244538,8,0,3,2,0.15283686433130886,0.15599464847265737,0.15814185043612214,0.1582282159028501,8.636546672796674e-05,7.00692049054874e-06,9.337238721851548e-05,0.2483338976259753,0.2748053006430928,0.02647140301711748,0.11667045712746119,0.21386053066305247,0.21386053066305247,0.0,0.05572568714742088,56,2,0.21386053066305247,False,43,25,97
ridge_teacher_binary,2,0,16,moving,0.1581348435156316,0.15281037038244538,8,1,4,1,0.15363503396439904,0.15289870115067317,0.15814295612741572,0.15837928688665434,0.00023633075923862323,8.112611784127921e-06,0.00024444337102275115,0.22067368718881805,0.24760715656084092,0.026933469372022872,0.08947231304520933,0.21386053066305247,0.21386053066305247,0.0,0.05572568714742088,56,2,0.21386053066305247,False,33,21,102
ridge_teacher_binary,2,0,16,moving,0.1581348435156316,0.15281037038244538,8,2,6,7,0.1533218362013412,0.15367644142616518,0.1581345098269128,0.15836150144797226,0.00022699162105946358,0.0,0.0002266579323406681,0.23019749696007932,0.2579910980037008,0.02779360104362147,0.0998562544880692,0.21386053066305247,0.21386053066305247,0.0,0.05572568714742088,59,2,0.21386053066305247,False,51,23,96
ridge_teacher_binary,2,0,32,fixed,0.2050128103309665,0.15275443677257267,8,0,7,4,0.1554481772449961,0.1536660121727879,0.205006339016633,0.20502031950592886,1.3980489295850607e-05,0.0,7.509174962366805e-06,0.21468873545387615,0.2382282647072336,0.02353952925335745,0.033215454376267106,0.1554481772449961,0.1554481772449961,0.0,0.0,119,4,0.155236496631678,True,0,3,16
ridge_teacher_binary,2,0,32,fixed,0.2050128103309665,0.15275443677257267,8,1,1,2,0.15395792878713355,0.15313689148349618,0.20482368119505473,0.20496358225112843,0.00013990105607369907,0.0,0.0,0.23869418928062586,0.2701380604764203,0.03144387119579445,0.06512525014545381,0.155236496631678,0.155236496631678,0.0,0.0,97,4,0.155236496631678,True,0,3,13
ridge_teacher_binary,2,0,32,fixed,0.2050128103309665,0.15275443677257267,8,2,6,0,0.1538915441578419,0.15283321266234684,0.20420526594588928,0.20490916569971104,0.0007038997538217628,0.0,0.0,0.23365375192221438,0.2605915588500526,0.026937806927838204,0.05557874851908609,0.155236496631678,0.155236496631678,0.0,0.0,101,4,0.155236496631678,True,0,2,9
ridge_teacher_binary,2,0,32,moving,0.1564933889066534,0.15275443677257267,8,0,4,7,0.1536660121727879,0.1554481772449961,0.1564952593270715,0.15664659849701607,0.00015133916994455876,1.8704204181041462e-06,0.0001532095903626629,0.21468873545387615,0.2382282647072336,0.02353952925335745,0.0817348758005802,0.1554481772449961,0.1554481772449961,0.0,0.0,119,4,0.155236496631678,False,47,22,114
ridge_teacher_binary,2,0,32,moving,0.1564933889066534,0.15275443677257267,8,1,5,0,0.1543669779942453,0.15283321266234684,0.15650273718083266,0.15667986372976517,0.00017712654893251023,9.34827417925499e-06,0.00018647482311176522,0.25508126519183766,0.28284405082404007,0.027762785632202414,0.12635066191738667,0.155236496631678,0.155236496631678,0.0,0.0,107,4,0.155236496631678,False,87,32,117
ridge_teacher_binary,2,0,32,moving,0.1564933889066534,0.15275443677257267,8,2,3,1,0.15289384421538638,0.15395792878713355,0.15650276313582004,0.1566787790137722,0.000176015877952157,9.37422916663655e-06,0.00018539010711879356,0.23478492662025735,0.26354871790066003,0.028763791280402684,0.10705532899400663,0.155236496631678,0.155236496631678,0.0,0.0,103,4,0.155236496631678,False,38,17,114
ridge_teacher_binary,2,0,64,fixed,0.2050128103309665,0.15275443677257267,8,0,0,4,0.1545040387634431,0.1538968670564775,0.20488550328330246,0.20500704848309137,0.00012154519978890832,0.0,0.0,0.2260515487102703,0.2512243322102927,0.025172783500022416,0.04621152187932623,0.155236496631678,0.155236496631678,0.0,0.0,236,4,0.155236496631678,True,0,3,12
ridge_teacher_binary,2,0,64,fixed,0.2050128103309665,0.15275443677257267,8,1,3,1,0.1538305063659312,0.15357227806353774,0.20373398798368642,0.20449322972123612,0.0007592417375497096,0.0,0.0,0.235562413357307,0.2663104468138925,0.0307480334565855,0.06129763648292599,0.155236496631678,0.155236496631678,0.0,0.0,247,4,0.155236496631678,True,0,1,8
ridge_teacher_binary,2,0,64,fixed,0.2050128103309665,0.15275443677257267,8,2,7,6,0.1538497939933832,0.1535550970062383,0.20475814937454734,0.2049954132699666,0.00023726389541925408,0.0,0.0,0.21783184440699097,0.24475861243921324,0.02692676803222227,0.03974580210824674,0.155236496631678,0.155236496631678,0.0,0.0,270,4,0.155236496631678,True,0,3,10
ridge_teacher_binary,2,0,64,moving,0.15573134508745612,0.15275443677257267,8,0,3,7,0.1538305063659312,0.1538497939933832,0.1557350078507546,0.1559618097539591,0.00022680190320450988,3.6627632984675973e-06,0.00023046466650297748,0.21688847584835372,0.24649998109626958,0.029611505247915865,0.09076863600881346,0.153857437899572,0.153857437899572,0.0,0.0,247,8,0.1530816241377691,False,82,19,118
ridge_teacher_binary,2,0,64,moving,0.15573134508745612,0.15275443677257267,8,1,4,2,0.1538968670564775,0.1538115330645305,0.15574051335826788,0.1559389713696336,0.00019845801136572638,9.168270811765744e-06,0.00020762628217749213,0.2269843147962184,0.2540344171806453,0.0270501023844269,0.09830307209318917,0.15438395331566052,0.15438395331566052,0.0,0.0,212,8,0.1530816241377691,False,70,19,111
ridge_teacher_binary,2,0,64,moving,0.15573134508745612,0.15275443677257267,8,2,5,0,0.15319645431771242,0.1545040387634431,0.15573838862354533,0.15597024880795704,0.00023186018441170853,7.043536089212932e-06,0.00023890372050092146,0.22151158066206927,0.24656209007880636,0.025050509416737088,0.09083074499135024,0.155236496631678,0.155236496631678,0.0,0.0,230,4,0.155236496631678,False,77,19,116
ridge_teacher_binary,2,0,128,fixed,0.2050128103309665,0.15275443677257267,8,0,3,4,0.15377290384277514,0.1537197008970485,0.2041894881047277,0.20489553513518477,0.0007060470304570687,0.0,0.0,0.2222036569982551,0.25100624229950874,0.028802585301253653,0.04599343196854225,0.155236496631678,0.155236496631678,0.0,0.0,573,4,0.155236496631678,True,0,2,8
ridge_teacher_binary,2,0,128,fixed,0.2050128103309665,0.15275443677257267,8,1,7,2,0.15378529076599112,0.15367889950011682,0.2033654079122421,0.20488319740457198,0.001517789492329863,0.0,0.0,0.2322784194488686,0.2645281435783037,0.03224972412943508,0.05951533324733718,0.155236496631678,0.155236496631678,0.0,0.0,603,4,0.155236496631678,True,0,2,7
ridge_teacher_binary,2,0,128,fixed,0.2050128103309665,0.15275443677257267,8,2,0,5,0.15386249958593076,0.15382859893396444,0.2022617106899558,0.2038830984003369,0.0016213877103810892,0.0,0.0,0.21584139857341303,0.24673548645483698,0.03089408788142395,0.041722676123870484,0.155236496631678,0.155236496631678,0.0,0.0,594,4,0.155236496631678,True,0,1,7
ridge_teacher_binary,2,0,128,moving,0.1550923981590695,0.15275443677257267,8,0,7,6,0.15378529076599112,0.15375063493742874,0.1550953892775561,0.1553563146993081,0.0002609254217520174,2.9911184865893947e-06,0.0002639165402386068,0.20638532491527256,0.2346294583787731,0.028244133463500548,0.07953706021970361,0.15378529076599112,0.15378529076599112,0.0,0.0,558,8,0.1530816241377691,False,73,16,116
ridge_teacher_binary,2,0,128,moving,0.1550923981590695,0.15275443677257267,8,1,5,1,0.15382859893396444,0.1541736119366939,0.15510126257240467,0.15527791442314218,0.0001766518507375081,8.864413335168964e-06,0.00018551626407267707,0.21487402836048128,0.24267084992823185,0.027796821567750568,0.08757845176916235,0.1541736119366939,0.1541736119366939,0.0,0.0,633,8,0.1530816241377691,False,96,22,127
ridge_teacher_binary,2,0,128,moving,0.1550923981590695,0.15275443677257267,8,2,3,4,0.15377290384277514,0.1537197008970485,0.1550837139597177,0.15526164541527454,0.00017793145555683454,0.0,0.00016924725620504066,0.2222036569982551,0.25100624229950874,0.028802585301253653,0.09591384414043924,0.15377290384277514,0.15377290384277514,0.0,0.0,573,8,0.1530816241377691,False,73,19,119
ridge_teacher_binary,2,1,8,fixed,0.2050128103309665,0.15296980600925103,6,0,7,2,0.15319832867045624,0.1544393213532281,0.2048835227343033,0.2049837938905855,0.00010027115628219452,0.0,0.0,0.22217917460583742,0.2485952476673034,0.026416073061465983,0.043582437336336904,0.48517477315326635,0.48517477315326635,0.0,0.2801619628222999,11,4,0.155236496631678,True,0,2,15
ridge_teacher_binary,2,1,8,fixed,0.2050128103309665,0.15296980600925103,6,1,6,0,0.15322018410420613,0.15317374366362654,0.20480185435195164,0.20501745108555416,0.0002155967336025244,0.0,4.640754587670326e-06,0.3504912459825699,0.3854172950513756,0.0349260490688057,0.18040448472040913,1.8238473297812223,1.8238473297812223,0.0,1.6188345194502558,11,4,0.155236496631678,True,0,9,30
ridge_teacher_binary,2,1,8,fixed,0.2050128103309665,0.15296980600925103,6,2,1,5,0.1536071675867904,0.15689418849748243,0.2049236631586137,0.20502110426546297,9.744110684925533e-05,0.0,8.293934496472755e-06,0.4268238782478648,0.4620192563652954,0.03519537811743062,0.2570064460343289,1.5836978577745702,1.5836978577745702,0.0,1.3786850474436037,11,4,0.155236496631678,True,0,9,32
ridge_teacher_binary,2,1,8,moving,0.20991410104830924,0.15296980600925103,8,0,4,7,0.20741834996730704,0.15319832867045624,0.20956538229538912,0.20992361286497785,0.00035823056958872446,0.0,9.51181666861145e-06,0.21204776399946998,0.2249201276499478,0.012872363650477808,0.01500602660163855,2.1386318040899797,2.1386318040899797,0.0,1.9287177030416705,11,2,0.21386053066305247,True,0,2,11
ridge_teacher_binary,2,1,8,moving,0.20991410104830924,0.15296980600925103,8,1,0,5,0.15317374366362654,0.15689418849748243,0.2094402703110143,0.20969469868233417,0.00025442837131986473,0.0,0.0,0.22648519943963075,0.25208537161198197,0.02560017217235122,0.04217127056367273,1.5836978577745702,1.5836978577745702,0.0,1.373783756726261,11,2,0.21386053066305247,True,0,2,10
ridge_teacher_binary,2,1,8,moving,0.20991410104830924,0.15296980600925103,8,2,2,3,0.1544393213532281,0.20765025128080336,0.20990339091643714,0.2099591574015388,5.576648510166593e-05,0.0,4.5056353229572244e-05,0.23183509189237747,0.2572476467263475,0.025412554833970008,0.04733354567803824,2.013593686728627,2.013593686728627,0.0,1.8036795856803178,11,2,0.21386053066305247,False,1,7,26
ridge_teacher_binary,2,1,16,fixed,0.2050128103309665,0.15281037038244538,8,0,0,3,0.15359551091222076,0.15422862732994747,0.18990022276664695,0.19698982881678917,0.007089606050142222,0.0,0.0,0.18990022276664695,0.20761198903573147,0.017711766269084522,0.002599178704764976,1.8296095791940554,1.8296095791940554,0.0,1.624596768863089,11,4,0.155236496631678,True,0,0,3
ridge_teacher_binary,2,1,16,fixed,0.2050128103309665,0.15281037038244538,8,1,4,5,0.15627489155978208,0.153654939785768,0.20463843992635644,0.20492219453893742,0.0002837546125809831,0.0,0.0,0.3015025569309608,0.32956361912606436,0.02806106219510357,0.12455080879509786,1.8976649291829215,1.8976649291829215,0.0,1.692652118851955,11,4,0.155236496631678,True,0,4,13
ridge_teacher_binary,2,1,16,fixed,0.2050128103309665,0.15281037038244538,8,2,1,6,0.15372482063731224,0.1543621311477914,0.193314932399364,0.20169923220834146,0.008384299808977452,0.0,0.0,0.19331487509740725,0.21384801529717193,0.020533140199764682,0.008835204966205434,1.779232459933921,1.779232459933921,0.0,1.5742196496029546,11,4,0.155236496631678,True,0,0,3
ridge_teacher_binary,2,1,16,moving,0.1581348435156316,0.15281037038244538,8,0,5,6,0.153654939785768,0.1543621311477914,0.1581311989222463,0.15855932187490793,0.00042812295266161926,0.0,0.0004244783592763368,0.233842726210072,0.25453563016694725,0.020692903956875258,0.09640078665131566,0.21386053066305247,0.21386053066305247,0.0,0.05572568714742088,41,2,0.21386053066305247,False,36,21,105
ridge_teacher_binary,2,1,16,moving,0.1581348435156316,0.15281037038244538,8,1,1,7,0.15372482063731224,0.15398473294637724,0.15813800467328915,0.15849283739270362,0.0003548327194144718,3.1611576575552025e-06,0.000357993877072027,0.2841441274239904,0.31798142697287246,0.03383729954888204,0.15984658345724087,0.21386053066305247,0.21386053066305247,0.0,0.05572568714742088,41,2,0.21386053066305247,False,84,32,109
ridge_teacher_binary,2,1,16,moving,0.1581348435156316,0.15281037038244538,8,2,2,3,0.15286298416123753,0.15422862732994747,0.15814693691408538,0.1584541515920339,0.00030721467794853075,1.209339845378854e-05,0.0003193080764023193,0.22770715830791216,0.253700263317626,0.025993105009713857,0.09556541980199443,0.21386053066305247,0.21386053066305247,0.0,0.05572568714742088,47,2,0.21386053066305247,False,39,23,106
ridge_teacher_binary,2,1,32,fixed,0.2050128103309665,0.15275443677257267,8,0,4,1,0.1547609903665401,0.15404274354798203,0.20465362210319138,0.20489042096606389,0.00023679886287250596,0.0,0.0,0.215199753875284,0.23783926020977997,0.022639506334495962,0.032826449878813474,0.1555386918709012,0.1555386918709012,0.0,0.0,95,4,0.155236496631678,True,0,2,10
ridge_teacher_binary,2,1,32,fixed,0.2050128103309665,0.15275443677257267,8,1,3,5,0.15335625858092378,0.15326632543007712,0.2050158983699905,0.20503053536781,1.4636997819478248e-05,3.0880390240184408e-06,1.772503684349669e-05,0.23899040125983936,0.2673169763592893,0.02832657509944994,0.06230416602832281,0.15763741855443858,0.15763741855443858,0.0,0.0,104,4,0.155236496631678,False,4,3,23
ridge_teacher_binary,2,1,32,fixed,0.2050128103309665,0.15275443677257267,8,2,0,7,0.1534491799944309,0.15408370544608513,0.20458944048600403,0.20492272650306964,0.0003332860170656149,0.0,0.0,0.2429785808121148,0.27026161695691475,0.02728303614479996,0.06524880662594826,0.15748428146193394,0.15748428146193394,0.0,0.0,98,4,0.155236496631678,True,0,2,10
ridge_teacher_binary,2,1,32,moving,0.1564933889066534,0.15275443677257267,8,0,7,4,0.15408370544608513,0.1547609903665401,0.1565889811397447,0.1569624064924086,0.00037342535266390864,9.559223309130171e-05,0.00046901758575521035,0.2932920994214411,0.3240695074146972,0.030777407993256123,0.1675761185080438,0.1555386918709012,0.1555386918709012,0.0,0.0,89,4,0.155236496631678,False,77,28,116
ridge_teacher_binary,2,1,32,moving,0.1564933889066534,0.15275443677257267,8,1,2,5,0.1531764790394699,0.15326632543007712,0.15649959046966902,0.15665099907882854,0.00015140860915952015,6.201563015617584e-06,0.00015761017217513773,0.2728932106535115,0.30527511201090485,0.03238190135739333,0.14878172310425145,0.155236496631678,0.155236496631678,0.0,0.0,104,4,0.155236496631678,False,89,21,119
ridge_teacher_binary,2,1,32,moving,0.1564933889066534,0.15275443677257267,8,2,3,6,0.15335625858092378,0.15308285138971953,0.1564951777769164,0.1567528544403237,0.0002576766634072858,1.7888702630031172e-06,0.0002594655336702889,0.19130359121077156,0.21188558034289348,0.02058198913212192,0.05539219143624008,0.15763741855443858,0.15763741855443858,0.0,0.0011440296477851775,92,4,0.155236496631678,False,34,17,107
ridge_teacher_binary,2,1,64,fixed,0.2050128103309665,0.15275443677257267,8,0,4,0,0.15371206656123326,0.15398302738378172,0.20440429648590092,0.20475614427555677,0.00035184778965585695,0.0,0.0,0.23047533530208233,0.2580911292255504,0.02761579392346805,0.05307831889458389,0.155236496631678,0.155236496631678,0.0,0.0,206,4,0.155236496631678,True,0,3,9
ridge_teacher_binary,2,1,64,fixed,0.2050128103309665,0.15275443677257267,8,1,3,6,0.15388397980468066,0.1537397728414107,0.20150388747148096,0.20476389434889014,0.003260006877409183,0.0,0.0,0.21140336860907277,0.23988867826747165,0.028485309658398877,0.034875867936505156,0.155236496631678,0.155236496631678,0.0,0.0,287,4,0.155236496631678,True,0,1,6
ridge_teacher_binary,2,1,64,fixed,0.2050128103309665,0.15275443677257267,8,2,7,5,0.15302312573166837,0.1538594560311575,0.19210912965972285,0.20042834132690104,0.008319211667178195,0.0,0.0,0.19210912965972285,0.2141425178510168,0.02203338819129394,0.009129707520050295,0.155236496631678,0.155236496631678,0.0,0.0,287,4,0.155236496631678,True,0,0,3
ridge_teacher_binary,2,1,64,moving,0.15573134508745612,0.15275443677257267,8,0,1,7,0.15394244797183387,0.15302312573166837,0.15573064808960435,0.15586718459180807,0.00013653650220371571,0.0,0.0001358395043519478,0.23045626379477782,0.26020508030205836,0.029748816507280534,0.10447373521460224,0.155236496631678,0.155236496631678,0.0,0.0,305,4,0.155236496631678,False,63,24,117
ridge_teacher_binary,2,1,64,moving,0.15573134508745612,0.15275443677257267,8,1,3,6,0.15388397980468066,0.1537397728414107,0.15573966479586565,0.1558695572507819,0.00012989245491623613,8.319708409532112e-06,0.00013821216332576824,0.21140336860907277,0.23988867826747165,0.028485309658398877,0.08415733318001553,0.15388397980468066,0.15388397980468066,0.0,0.0,247,8,0.1530816241377691,False,80,20,116
ridge_teacher_binary,2,1,64,moving,0.15573134508745612,0.15275443677257267,8,2,4,2,0.15371206656123326,0.1534996088024579,0.1557408791974651,0.15592416121656363,0.00018328201909853514,9.534110008979635e-06,0.00019281612910751478,0.27119551038331874,0.3028409267554737,0.031645416372154955,0.14710958166801757,0.1538693511579295,0.1538693511579295,0.0,0.0,203,8,0.1530816241377691,False,93,24,121
ridge_teacher_binary,2,1,128,fixed,0.2050128103309665,0.15275443677257267,8,0,6,2,0.15305831179944057,0.15377083228712346,0.200609680299261,0.2043308884687555,0.0037212081694945054,0.0,0.0,0.20722314742422523,0.2347722542222229,0.027549106797997658,0.0297594438912564,0.155236496631678,0.155236496631678,0.0,0.0,558,4,0.155236496631678,True,0,1,5
ridge_teacher_binary,2,1,128,fixed,0.2050128103309665,0.15275443677257267,8,1,3,4,0.1538546402378422,0.1535892973312693,0.20114081384332716,0.20491635198423053,0.0037755381409033673,0.0,0.0,0.21262402970648125,0.2413363365973132,0.028712306890831957,0.03632352626634672,0.155236496631678,0.155236496631678,0.0,0.0,597,4,0.155236496631678,True,0,1,5
ridge_teacher_binary,2,1,128,fixed,0.2050128103309665,0.15275443677257267,8,2,0,7,0.15378121149414742,0.15373371111297757,0.19887056138067535,0.20300464305711258,0.0041340816764372235,0.0,0.0,0.20537731206641424,0.2357264369670004,0.030349124900586166,0.030713626636033914,0.155236496631678,0.155236496631678,0.0,0.0,480,4,0.155236496631678,True,0,1,5
ridge_teacher_binary,2,1,128,moving,0.1550923981590695,0.15275443677257267,8,0,3,0,0.1538546402378422,0.15378121149414742,0.15510071574193385,0.15531020397392295,0.00020948823198910227,8.317582864347806e-06,0.00021780581485345007,0.25194885427876673,0.2874793163819672,0.03553046210320049,0.13238691822289772,0.15385464023784223,0.15385464023784223,0.0,0.0,510,8,0.1530816241377691,False,88,23,123
ridge_teacher_binary,2,1,128,moving,0.1550923981590695,0.15275443677257267,8,1,4,5,0.1535892973312693,0.1535397408800498,0.1551013299228337,0.1552528987186713,0.0001515687958375811,8.931763764208345e-06,0.00016050055960178944,0.22585958305922715,0.2551369116371285,0.02927732857790133,0.10004451347805898,0.1535892973312693,0.1535892973312693,0.0,0.0,630,8,0.1530816241377691,False,77,18,116
ridge_teacher_binary,2,1,128,moving,0.1550923981590695,0.15275443677257267,8,2,1,2,0.1538467110501853,0.15377083228712346,0.15509930603705452,0.1552672970400592,0.00016799100300468606,6.907877985018462e-06,0.00017489888098970452,0.2155488475436461,0.24350866263692725,0.02795981509328116,0.08841626447785775,0.1538467110501853,0.1538467110501853,0.0,0.0,502,16,0.15287507231243858,False,62,17,112
ridge_teacher_binary,2,2,8,fixed,0.2050128103309665,0.15296980600925103,6,0,4,3,0.15358754849219303,0.15298719908665387,0.20501162951104573,0.2050217440825261,1.011457148036854e-05,0.0,8.933751559608849e-06,0.2232979567546702,0.24609694041957222,0.022798983664902017,0.04108413008860573,0.5923693108479756,0.5923693108479756,0.0,0.3873565005170091,11,4,0.155236496631678,True,0,3,19
ridge_teacher_binary,2,2,8,fixed,0.2050128103309665,0.15296980600925103,6,1,2,0,0.1551476971553132,0.1537328490579825,0.20443755661809554,0.20496909686912576,0.0005315402510302214,0.0,0.0,0.3436151639260216,0.37332535952328283,0.029710195597261235,0.16831254919231634,0.6094133775453466,0.6094133775453466,0.0,0.4044005672143801,11,4,0.155236496631678,True,0,5,12
ridge_teacher_binary,2,2,8,fixed,0.2050128103309665,0.15296980600925103,6,2,7,5,0.1537070788994487,0.15646140672116404,0.20496851646890285,0.20502186361940244,5.3347150499594154e-05,0.0,9.053288435950657e-06,0.3733860083520766,0.40828656519245005,0.034900556840373465,0.20327375486148355,1.4005304600911168,1.4005304600911168,0.0,1.1955176497601503,11,4,0.155236496631678,True,0,7,27
ridge_teacher_binary,2,2,8,moving,0.20991410104830924,0.15296980600925103,8,0,2,0,0.1551476971553132,0.1537328490579825,0.20992348078698292,0.20994781868950163,2.4337902518711818e-05,9.379738673681581e-06,3.37176411923934e-05,0.3436151639260216,0.37332535952328283,0.029710195597261235,0.1634112584749736,0.6094133775453466,0.6094133775453466,0.0,0.3994992764970374,11,2,0.21386053066305247,False,5,6,25
ridge_teacher_binary,2,2,8,moving,0.20991410104830924,0.15296980600925103,8,1,4,5,0.15358754849219303,0.15646140672116404,0.20887992092697563,0.2096670011118236,0.0007870801848479658,0.0,0.0,0.22161092190589357,0.23767575068627977,0.016064828780386203,0.027761649637970537,1.4005304600911168,1.4005304600911168,0.0,1.1906163590428076,11,2,0.21386053066305247,True,0,1,8
ridge_teacher_binary,2,2,8,moving,0.20991410104830924,0.15296980600925103,8,2,6,1,0.2052454305346057,0.20685069583747098,0.20992218776433302,0.20998878840164667,6.66006373136463e-05,8.0867160237863e-06,7.46873533374326e-05,0.21750786723177987,0.23044845188459284,0.012940584652812975,0.020534350836283605,0.639148760785562,0.639148760785562,0.0,0.42923465973725283,11,2,0.21386053066305247,False,45,9,79
ridge_teacher_binary,2,2,16,fixed,0.2050128103309665,0.15281037038244538,8,0,6,7,0.15355212066025994,0.15284143837798317,0.20497348979164717,0.20521253975754467,0.00023904996589749206,0.0,0.00019972942657817128,0.31882835243788166,0.3535045799291629,0.03467622749128124,0.1484917695981964,1.9438856272652163,1.9438856272652163,0.0,1.7388728169342498,11,4,0.155236496631678,False,5,8,23
ridge_teacher_binary,2,2,16,fixed,0.2050128103309665,0.15281037038244538,8,1,2,0,0.20492694868333705,0.15391147108904119,0.20894840719471128,0.21214631378352397,0.0031979065888126934,0.003935596863744784,0.007133503452557477,0.2664186835041928,0.295700956543002,0.029282273038809203,0.0906881462120355,2.1412042751424636,2.1412042751424636,0.0,1.936191464811497,11,4,0.155236496631678,False,2,4,24
ridge_teacher_binary,2,2,16,fixed,0.2050128103309665,0.15281037038244538,8,2,1,5,0.1539708521068115,0.1538705924560112,0.2047609913452067,0.2049708737774747,0.00020988243226799375,0.0,0.0,0.22495044771465234,0.24703697844005046,0.022086530725398124,0.042024168109083965,2.115410531489821,2.115410531489821,0.0,1.9103977211588543,11,4,0.155236496631678,True,0,2,12
ridge_teacher_binary,2,2,16,moving,0.1581348435156316,0.15281037038244538,7,0,4,3,0.15466910761283187,0.15575641147563146,0.15814339887685872,0.15825750475687686,0.00011410588001814492,8.555361227124969e-06,0.0001226612412452699,0.2712668848909855,0.2991057905301606,0.027838905639175127,0.14097094701452903,0.21386053066305247,0.21386053066305247,0.0,0.05572568714742088,53,2,0.21386053066305247,False,58,24,114
ridge_teacher_binary,2,2,16,moving,0.1581348435156316,0.15281037038244538,7,1,5,1,0.1538705924560112,0.1539708521068115,0.15813699187086952,0.15857486414266384,0.0004378722717943151,2.1483552379297777e-06,0.00044002062703224487,0.22495044771465234,0.24703697844005046,0.022086530725398124,0.08890213492441887,0.21386053066305247,0.21386053066305247,0.0,0.05572568714742088,38,2,0.21386053066305247,False,23,20,91
ridge_teacher_binary,2,2,16,moving,0.1581348435156316,0.15281037038244538,7,2,0,6,0.15391147108904119,0.15355212066025994,0.15819492025515872,0.15850835238417565,0.0003134321290169384,6.007673952712622e-05,0.0003735088685440646,0.3010224524707235,0.33331060178450944,0.03228814931378593,0.17517575826887785,0.21386053066305247,0.21386053066305247,0.0,0.05572568714742088,47,2,0.21386053066305247,False,93,36,118
ridge_teacher_binary,2,2,32,fixed,0.2050128103309665,0.15275443677257267,8,0,2,3,0.15350831529655168,0.15385538863453763,0.20475029982537196,0.2050200597735647,0.0002697599481927271,0.0,7.249442598195044e-06,0.21957075631834885,0.24602202000239592,0.02645126368404707,0.04100920967142943,0.155236496631678,0.155236496631678,0.0,0.0,92,4,0.155236496631678,True,0,2,11
ridge_teacher_binary,2,2,32,fixed,0.2050128103309665,0.15275443677257267,8,1,6,4,0.153937617114453,0.1537634942957926,0.20457968964421117,0.2048706334295394,0.00029094378532823484,0.0,0.0,0.23196081794528817,0.25942635858781987,0.027465540642531705,0.05441354825685338,0.155236496631678,0.155236496631678,0.0,0.0,98,4,0.155236496631678,True,0,2,11
ridge_teacher_binary,2,2,32,fixed,0.2050128103309665,0.15275443677257267,8,2,1,7,0.15326664678754953,0.1540437749883306,0.20482998303579103,0.20496377430261484,0.00013379126682380726,0.0,0.0,0.25897811954471356,0.28740684261605326,0.0284287230713397,0.08239403228508677,0.15604039037056625,0.15604039037056625,0.0,0.0,116,4,0.155236496631678,True,0,5,18
ridge_teacher_binary,2,2,32,moving,0.1564933889066534,0.15275443677257267,8,0,1,5,0.15326664678754953,0.15349179240404426,0.15650141360507241,0.1566911794181858,0.00018976581311339058,8.024698419012433e-06,0.000197790511532403,0.2457994688026202,0.2734173062231748,0.02761783742055457,0.11692391731652138,0.15604039037056625,0.15604039037056625,0.0,0.0,125,4,0.155236496631678,False,72,30,118
ridge_teacher_binary,2,2,32,moving,0.1564933889066534,0.15275443677257267,8,1,0,7,0.15286318652429856,0.1540437749883306,0.15648926601672827,0.15661549476328665,0.00012622874655837668,0.0,0.0001221058566332478,0.20884285614169357,0.23441886108012125,0.025576004938427682,0.07792547217346785,0.155236496631678,0.155236496631678,0.0,0.0,104,4,0.155236496631678,False,50,19,109
ridge_teacher_binary,2,2,32,moving,0.1564933889066534,0.15275443677257267,8,2,4,3,0.1537634942957926,0.15385538863453763,0.15652203103166873,0.15690553043732186,0.00038349940565313156,2.8642125015326814e-05,0.0004121415306684584,0.2215348637183578,0.24674645838077444,0.025211594662416653,0.09025306947412104,0.155236496631678,0.155236496631678,0.0,0.0,98,4,0.155236496631678,False,90,27,116
ridge_teacher_binary,2,2,64,fixed,0.2050128103309665,0.15275443677257267,8,0,1,6,0.1538383214890053,0.15295713955926707,0.20433550698295794,0.20490944902307479,0.0005739420401168482,0.0,0.0,0.23064449621263844,0.2595748028421041,0.028930306629465663,0.05456199251113761,0.155236496631678,0.155236496631678,0.0,0.0,244,4,0.155236496631678,True,0,1,8
ridge_teacher_binary,2,2,64,fixed,0.2050128103309665,0.15275443677257267,8,1,4,7,0.1534886295896169,0.15390214249385314,0.2042891397170516,0.20490011226536542,0.0006109725483138262,0.0,0.0,0.22761745529669775,0.2546456771590838,0.02702822186238607,0.04963286682811732,0.15994189970003966,0.15994189970003966,0.0,0.0,194,4,0.155236496631678,True,0,1,8
ridge_teacher_binary,2,2,64,fixed,0.2050128103309665,0.15275443677257267,8,2,3,5,0.15383849146170758,0.15368216958875786,0.20411193732610455,0.2046646880448656,0.0005527507187610414,0.0,0.0,0.21696768415724516,0.24338424113592558,0.026416556978680422,0.038371430804959084,0.155236496631678,0.155236496631678,0.0,0.0,290,4,0.155236496631678,True,0,2,8
ridge_teacher_binary,2,2,64,moving,0.15573134508745612,0.15275443677257267,8,0,2,6,0.1533171649317187,0.15295713955926707,0.15573898379319495,0.15587390740007784,0.0001349236068828863,7.63870573883274e-06,0.00014256231262171903,0.23301551139935722,0.26062640572508877,0.02761089432573155,0.10489506063763265,0.15343897723769825,0.15343897723769825,0.0,0.0,215,8,0.1530816241377691,False,62,21,116
ridge_teacher_binary,2,2,64,moving,0.15573134508745612,0.15275443677257267,8,1,1,4,0.1538383214890053,0.1534886295896169,0.1557376290509083,0.15589082845412489,0.00015319940321659176,6.283963452174968e-06,0.00015948336666876672,0.26436691105112,0.2960561553780482,0.03168924432692821,0.14032481029059207,0.15994189970003966,0.15994189970003966,0.0,0.004210554612583545,241,4,0.155236496631678,False,66,26,120
ridge_teacher_binary,2,2,64,moving,0.15573134508745612,0.15275443677257267,8,2,3,7,0.15383849146170758,0.15390214249385314,0.1557387087060394,0.15602387897532777,0.00028517026928837064,7.363618583278164e-06,0.0002925338878716488,0.24284730965406537,0.27277473543061465,0.029927425776549277,0.11704339034315853,0.15396520940021308,0.15396520940021308,0.0,0.0,167,8,0.1530816241377691,False,65,26,126
ridge_teacher_binary,2,2,128,fixed,0.2050128103309665,0.15275443677257267,8,0,4,2,0.15351640648757586,0.1538187543664591,0.20308420004253044,0.20487050843621496,0.0017863083936845159,0.0,0.0,0.23546703880743225,0.266835289327618,0.03136825052018577,0.061822478996651525,0.155236496631678,0.155236496631678,0.0,0.0,549,4,0.155236496631678,True,0,1,7
ridge_teacher_binary,2,2,128,fixed,0.2050128103309665,0.15275443677257267,8,1,1,0,0.15392558106521728,0.15374228789953387,0.20431526464211075,0.20499481975384803,0.0006795551117372844,0.0,0.0,0.22741277251359512,0.2600592362171742,0.03264646370357907,0.0550464258862077,0.155236496631678,0.155236496631678,0.0,0.0,570,4,0.155236496631678,True,0,1,10
ridge_teacher_binary,2,2,128,fixed,0.2050128103309665,0.15275443677257267,8,2,5,6,0.1537494773243178,0.15359143004620426,0.20141309485453673,0.20453509821181118,0.0031220033572744443,0.0,0.0,0.22227244534646928,0.25388522635105204,0.03161278100458276,0.048872416020085546,0.155236496631678,0.155236496631678,0.0,0.0,534,4,0.155236496631678,True,0,1,6
ridge_teacher_binary,2,2,128,moving,0.1550923981590695,0.15275443677257267,8,0,7,0,0.15366953896917696,0.15374228789953387,0.1551002360044815,0.1553168301767526,0.00021659417227110067,7.837845412000943e-06,0.00022443201768310161,0.24374456560568913,0.27630527083098116,0.03256070522529203,0.12121287267191166,0.15374228789953387,0.15374228789953387,0.0,0.0,555,8,0.1530816241377691,False,91,20,125
ridge_teacher_binary,2,2,128,moving,0.1550923981590695,0.15275443677257267,8,1,5,4,0.1537494773243178,0.15351640648757586,0.15510219028595695,0.15531118040347627,0.00020899011751931984,9.792126887453456e-06,0.0002187822444067733,0.21390991448968472,0.2449928135698059,0.031082899080121185,0.0899004154107364,0.1537494773243178,0.1537494773243178,0.0,0.0,525,8,0.1530816241377691,False,97,20,126
ridge_teacher_binary,2,2,128,moving,0.1550923981590695,0.15275443677257267,8,2,1,6,0.15392558106521728,0.15359143004620426,0.1550918034665354,0.15540786276262517,0.00031605929608977124,0.0,0.0003154646035556652,0.2599011853384166,0.296443397147853,0.0365422118094364,0.1413509989887835,0.15392558106521728,0.15392558106521728,0.0,0.0,567,8,0.1530816241377691,False,95,26,125
ridge_teacher_binary,2,3,8,fixed,0.2050128103309665,0.15296980600925103,6,0,6,2,0.1537139157791204,0.15473010720194885,0.20464989953459795,0.20500875367221125,0.00035885413761330143,0.0,0.0,0.38953172414155784,0.4246354007036698,0.03510367656211194,0.2196225903727033,1.8635814900350793,1.8635814900350793,0.0,1.6585686797041128,11,4,0.155236496631678,True,0,5,18
ridge_teacher_binary,2,3,8,fixed,0.2050128103309665,0.15296980600925103,6,1,0,7,0.15521586551664174,0.15298940843403483,0.20426775993877966,0.2047989598406503,0.0005311999018706437,0.0,0.0,0.23267579882331763,0.2536983316098819,0.021022532786564296,0.04868552127891543,1.9091110768406916,1.9091110768406916,0.0,1.704098266509725,11,4,0.155236496631678,True,0,2,9
ridge_teacher_binary,2,3,8,fixed,0.2050128103309665,0.15296980600925103,6,2,1,3,0.1533264790250795,0.15329247683173608,0.2049746410848962,0.2050185813113462,4.3940226450017716e-05,0.0,5.770980379710133e-06,0.25910380603784494,0.2880877726197064,0.028983966581861476,0.08307496228873992,1.8716801374524334,1.8716801374524334,0.0,1.666667327121467,11,4,0.155236496631678,True,0,10,32
ridge_teacher_binary,2,3,8,moving,0.20991410104830924,0.15296980600925103,7,0,5,0,0.20763988853675525,0.15521586551664174,0.20979003734724366,0.20989348187111226,0.00010344452386859548,0.0,0.0,0.22025663975139492,0.23845636919670363,0.018199729445308704,0.02854226814839439,0.41354334076508725,0.41354334076508725,0.0,0.20362923971677802,11,2,0.21386053066305247,True,0,3,17
ridge_teacher_binary,2,3,8,moving,0.20991410104830924,0.15296980600925103,7,1,2,3,0.15473010720194885,0.15329247683173608,0.20982300389830533,0.20990128361290222,7.827971459689609e-05,0.0,0.0,0.2612290327126582,0.28937664206679503,0.02814760935413685,0.0794625410184858,1.8635814900350793,1.8635814900350793,0.0,1.6536673889867701,11,2,0.21386053066305247,True,0,7,27
ridge_teacher_binary,2,3,8,moving,0.20991410104830924,0.15296980600925103,7,2,1,7,0.1533264790250795,0.15298940843403483,0.16404665658875087,0.1740092003788971,0.009962543790146244,0.0,0.0,0.16404665658875087,0.1740092003788971,0.009962543790146244,0.0,1.9091110768406916,1.9091110768406916,0.0,1.6991969757923824,11,2,0.21386053066305247,True,0,0,2
ridge_teacher_binary,2,3,16,fixed,0.2050128103309665,0.15281037038244538,7,0,0,5,0.15402436516215748,0.15288346632334995,0.1734059438278083,0.18953773554820297,0.016131791720394667,0.0,0.0,0.1734059438278083,0.18953773554820297,0.016131791720394667,0.0,0.4515181179570614,0.4515181179570614,0.0,0.24650530762609493,11,4,0.155236496631678,True,0,0,2
ridge_teacher_binary,2,3,16,fixed,0.2050128103309665,0.15281037038244538,7,1,7,6,0.15386763265161826,0.15304317705251796,0.2050011292508751,0.20506460073819383,6.347148731872254e-05,0.0,5.179040722733119e-05,0.2629591516601758,0.29466638989922445,0.03170723823904864,0.08965357956825795,1.6787624636935046,1.6787624636935046,0.0,1.473749653362538,11,4,0.155236496631678,False,2,4,21
ridge_teacher_binary,2,3,16,fixed,0.2050128103309665,0.15281037038244538,7,2,1,2,0.15326750430300257,0.1542034099186716,0.20496176389736934,0.20502415375059727,6.238985322792878e-05,0.0,1.1343419630771567e-05,0.22275858343728056,0.24871818260303657,0.02595959916575602,0.04370537227207008,0.416486837489624,0.416486837489624,0.0,0.2114740271586575,11,4,0.155236496631678,False,2,2,15
ridge_teacher_binary,2,3,16,moving,0.1581348435156316,0.15281037038244538,7,0,5,6,0.15288346632334995,0.15304317705251796,0.1581358492979382,0.15840667119007537,0.0002708218921371741,1.0057823066067506e-06,0.00027182767444378086,0.2361690157823827,0.26610285767397696,0.02993384189159426,0.10796801415834537,0.21386053066305247,0.21386053066305247,0.0,0.05572568714742088,47,2,0.21386053066305247,False,57,20,103
ridge_teacher_binary,2,3,16,moving,0.1581348435156316,0.15281037038244538,7,1,1,4,0.15326750430300257,0.15399937564869165,0.15814487626326246,0.15839487530348886,0.0002499990402264063,1.0032747630867034e-05,0.0002600317878572733,0.3541910450190308,0.3893299039084968,0.035138858889465996,0.23119506039286522,0.21386053066305247,0.21386053066305247,0.0,0.05572568714742088,56,2,0.21386053066305247,False,62,28,95
ridge_teacher_binary,2,3,16,moving,0.1581348435156316,0.15281037038244538,7,2,2,0,0.1542034099186716,0.15402436516215748,0.15812326972421184,0.15841553813537312,0.0002922684111612839,0.0,0.00028069461974153387,0.21948674770066845,0.24457576655331642,0.02508901885264797,0.08644092303768483,0.21386053066305247,0.21386053066305247,0.0,0.05572568714742088,53,2,0.21386053066305247,False,43,21,119
ridge_teacher_binary,2,3,32,fixed,0.2050128103309665,0.15275443677257267,8,0,2,5,0.1534195013782002,0.15469119953777538,0.20452881881522106,0.20483300660418474,0.0003041877889636835,0.0,0.0,0.23864560691025818,0.26476887150430545,0.026123264594047263,0.059756061173338954,0.155236496631678,0.155236496631678,0.0,0.0,119,4,0.155236496631678,True,0,3,11
ridge_teacher_binary,2,3,32,fixed,0.2050128103309665,0.15275443677257267,8,1,7,6,0.1537277889921023,0.1545173370834869,0.20383590265453683,0.20496208993637052,0.001126187281833696,0.0,0.0,0.20853671705346966,0.2326583610345654,0.02412164398109573,0.027645550703598892,0.155236496631678,0.155236496631678,0.0,0.0,111,4,0.155236496631678,True,0,1,7
ridge_teacher_binary,2,3,32,fixed,0.2050128103309665,0.15275443677257267,8,2,0,4,0.15400714644157681,0.15394287832193557,0.20492704716228832,0.2050008180496899,7.377088740156967e-05,0.0,0.0,0.21793702586436747,0.24255730620519123,0.024620280340823752,0.03754449587422473,0.155236496631678,0.155236496631678,0.0,0.0,123,4,0.155236496631678,True,0,2,14
ridge_teacher_binary,2,3,32,moving,0.1564933889066534,0.15275443677257267,8,0,0,3,0.15400714644157681,0.15275443677257267,0.1565032886440735,0.15681104926701186,0.0003077606229383578,9.89973742010486e-06,0.0003176603603584627,0.25446706398735613,0.2873318848459518,0.032864820858595656,0.1308384959392984,0.155236496631678,0.155236496631678,0.0,0.0,110,4,0.155236496631678,False,67,27,106
ridge_teacher_binary,2,3,32,moving,0.1564933889066534,0.15275443677257267,8,1,6,4,0.1545173370834869,0.15394287832193557,0.15650000668951375,0.1567279753394652,0.00022796864995144883,6.617782860346422e-06,0.00023458643281179525,0.22456145157689517,0.2503752140389986,0.02581376246210343,0.09388182513234519,0.155236496631678,0.155236496631678,0.0,0.0,111,4,0.155236496631678,False,63,26,123
ridge_teacher_binary,2,3,32,moving,0.1564933889066534,0.15275443677257267,8,2,7,1,0.1537277889921023,0.15383907162157526,0.15648812148913618,0.15668278746215467,0.00019466597301848187,0.0,0.0001893985555012634,0.2483343539531337,0.27718946473770784,0.028855110784574145,0.12069607583105443,0.16325690540176038,0.16325690540176038,0.0,0.00676351649510698,114,4,0.155236496631678,False,49,25,116
ridge_teacher_binary,2,3,64,fixed,0.2050128103309665,0.15275443677257267,8,0,2,3,0.15392777426558307,0.15384716422044156,0.20360015465475695,0.20488876574516718,0.00128861109041023,0.0,0.0,0.23632913747181447,0.26512944933216603,0.028800311860351563,0.06011663900119954,0.155236496631678,0.155236496631678,0.0,0.0,230,4,0.155236496631678,True,0,3,8
ridge_teacher_binary,2,3,64,fixed,0.2050128103309665,0.15275443677257267,8,1,1,4,0.15393877077371054,0.1535481367414211,0.20364069066318208,0.2048190358166228,0.0011783451534407297,0.0,0.0,0.2241030574021827,0.2504730930114477,0.026370035609265013,0.04546028268048122,0.155236496631678,0.155236496631678,0.0,0.0,212,4,0.155236496631678,True,0,2,8
ridge_teacher_binary,2,3,64,fixed,0.2050128103309665,0.15275443677257267,8,2,5,0,0.15366994931280029,0.1534049483319613,0.20459500084564153,0.2048258104441139,0.00023080959847238125,0.0,0.0,0.20459498122712552,0.22857646265042805,0.02398148142330253,0.02356365231946156,0.155236496631678,0.155236496631678,0.0,0.0,349,4,0.155236496631678,True,0,0,11
ridge_teacher_binary,2,3,64,moving,0.15573134508745612,0.15275443677257267,8,0,3,0,0.15384716422044156,0.1534049483319613,0.15572964624496563,0.15586980865020028,0.00014016240523465062,0.0,0.00013846356274416216,0.20196911352604768,0.22729412125244117,0.025325007726393484,0.07156277616498505,0.15384716422044156,0.15384716422044156,0.0,0.0,212,8,0.1530816241377691,False,70,16,105
ridge_teacher_binary,2,3,64,moving,0.15573134508745612,0.15275443677257267,8,1,1,6,0.15393877077371054,0.15383759123483046,0.15573188839412622,0.15592909704143496,0.00019720864730873866,5.433066700977207e-07,0.00019775195397883638,0.21618997478448107,0.24274863874761793,0.026558663963136858,0.08701729366016181,0.15411767439012106,0.15411767439012106,0.0,0.0,200,8,0.1530816241377691,False,50,24,103
ridge_teacher_binary,2,3,64,moving,0.15573134508745612,0.15275443677257267,8,2,4,5,0.1535481367414211,0.15366994931280029,0.15573900323800755,0.15597962407697485,0.00024062083896730924,7.658150551426157e-06,0.0002482789895187354,0.23228413884340474,0.2598607104403385,0.027576571596933747,0.10412936535288236,0.15366994931280029,0.15366994931280029,0.0,0.0,224,8,0.1530816241377691,False,81,23,104
ridge_teacher_binary,2,3,128,fixed,0.2050128103309665,0.15275443677257267,8,0,6,7,0.15382373238717925,0.15372273952158605,0.19813152395383465,0.20195691130645985,0.0038253873526251925,0.0,0.0,0.20550537279424505,0.2344310152682065,0.028925642473961455,0.02941820493724001,0.155236496631678,0.155236496631678,0.0,0.0,543,4,0.155236496631678,True,0,1,5
ridge_teacher_binary,2,3,128,fixed,0.2050128103309665,0.15275443677257267,8,1,5,1,0.1539276330276867,0.15341761044992655,0.20327913589946606,0.20494366974955472,0.001664533850088662,0.0,0.0,0.2231351094667894,0.2541507421872151,0.031015632720425707,0.04913793185624862,0.155236496631678,0.155236496631678,0.0,0.0,558,4,0.155236496631678,True,0,1,7
ridge_teacher_binary,2,3,128,fixed,0.2050128103309665,0.15275443677257267,8,2,3,0,0.15371884355035914,0.15356328437347164,0.2047800558029004,0.20498255489559983,0.00020249909269942634,0.0,0.0,0.26628487791284855,0.30152198432760796,0.03523710641475941,0.09650917399664147,0.155236496631678,0.155236496631678,0.0,0.0,561,4,0.155236496631678,True,0,4,16
ridge_teacher_binary,2,3,128,moving,0.1550923981590695,0.15275443677257267,8,0,2,4,0.1540878067079018,0.1536279831540848,0.15509912285597563,0.15534854511752674,0.00024942226155111324,6.724696906129646e-06,0.0002561469584572429,0.21508144036162302,0.2433697202056326,0.028288279844009584,0.0882773220465631,0.1540878067079018,0.1540878067079018,0.0,0.0,620,8,0.1530816241377691,False,75,23,119
ridge_teacher_binary,2,3,128,moving,0.1550923981590695,0.15275443677257267,8,1,1,7,0.15341761044992655,0.15372273952158605,0.1551022337796234,0.15530281707716592,0.00020058329754252258,9.835620553899638e-06,0.00021041891809642221,0.22370783898751126,0.253064601682005,0.02935676269449375,0.09797220352293551,0.15372273952158605,0.15372273952158605,0.0,0.0,576,8,0.1530816241377691,False,100,21,125
ridge_teacher_binary,2,3,128,moving,0.1550923981590695,0.15275443677257267,8,2,0,3,0.15356328437347164,0.15371884355035914,0.15509124975520855,0.15533664682252202,0.00024539706731346866,0.0,0.0002442486634525176,0.26628487791284855,0.30152198432760796,0.03523710641475941,0.14642958616853846,0.15371884355035914,0.15371884355035914,0.0,0.0,561,8,0.1530816241377691,False,96,24,123
ridge_teacher_binary,2,4,8,fixed,0.2050128103309665,0.15296980600925103,6,0,4,7,0.15298562106849437,0.20500582638628723,0.20533345065734923,0.2059970736365982,0.0006636229792489623,0.0003206403263827373,0.0009842633056316996,0.25554679203716246,0.28286690175388124,0.027320109716718777,0.07785409142291475,1.9395630280719445,1.9395630280719445,0.0,1.734550217740978,11,4,0.155236496631678,False,1,9,25
ridge_teacher_binary,2,4,8,fixed,0.2050128103309665,0.15296980600925103,6,1,3,1,0.2050128103309665,0.1564280015888732,0.20523185545563896,0.20570118517083613,0.0004693297151971698,0.00021904512467246784,0.0006883748398696377,0.22742743021040668,0.25232610800674515,0.024898677796338475,0.04731329767577866,1.8172296294289667,1.8172296294289667,0.0,1.6122168190980002,11,4,0.155236496631678,False,1,6,26
ridge_teacher_binary,2,4,8,fixed,0.2050128103309665,0.15296980600925103,6,2,0,6,0.1535684302038669,0.15420323101765857,0.20494895108571737,0.2049953497594015,4.63986736841393e-05,0.0,0.0,0.4035485356714586,0.4371209553794993,0.0335724197080407,0.2321081450485328,1.7877050190601969,1.7877050190601969,0.0,1.5826922087292303,11,4,0.155236496631678,True,0,9,24
ridge_teacher_binary,2,4,8,moving,0.20991410104830924,0.15296980600925103,8,0,1,2,0.1564280015888732,0.20568292316785078,0.20978089517290138,0.20989723859906065,0.00011634342615926552,0.0,0.0,0.21620580496931976,0.23320252333286023,0.01699671836354047,0.023288422284550997,0.4380920554396954,0.4380920554396954,0.0,0.2281779543913862,11,2,0.21386053066305247,True,0,4,15
ridge_teacher_binary,2,4,8,moving,0.20991410104830924,0.15296980600925103,8,1,0,6,0.1535684302038669,0.15420323101765857,0.2099120868797366,0.20995078054011754,3.869366038095068e-05,0.0,3.667949180830021e-05,0.4035485356714586,0.4371209553794993,0.0335724197080407,0.22720685433119006,1.7877050190601969,1.7877050190601969,0.0,1.5777909180118876,11,2,0.21386053066305247,False,4,8,32
ridge_teacher_binary,2,4,8,moving,0.20991410104830924,0.15296980600925103,8,2,4,3,0.15298562106849437,0.2050128103309665,0.2080121136919012,0.20931496040009326,0.001302846708192057,0.0,0.0,0.20801056613754523,0.2223630886209642,0.014352522483418978,0.012448987572654974,1.9395630280719445,1.9395630280719445,0.0,1.7296489270236353,11,2,0.21386053066305247,True,0,0,5
ridge_teacher_binary,2,4,16,fixed,0.2050128103309665,0.15281037038244538,8,0,0,7,0.15494610663316022,0.15394345352248906,0.20481007096753906,0.20495320743193143,0.00014313646439237382,0.0,0.0,0.23247890194957213,0.2564270457875397,0.02394814383796759,0.051414235456573226,0.4280248068350546,0.4280248068350546,0.0,0.22301199650408812,11,4,0.155236496631678,True,0,4,15
ridge_teacher_binary,2,4,16,fixed,0.2050128103309665,0.15281037038244538,8,1,4,6,0.15297867184826489,0.1538170891620708,0.20482104901386433,0.20501369035629982,0.00019264134243549003,0.0,8.800253333274277e-07,0.3739083554521513,0.4118364605166038,0.03792810506445249,0.20682365018563728,0.6347059320900323,0.6347059320900323,0.0,0.4296931217590658,11,4,0.155236496631678,True,0,5,18
ridge_teacher_binary,2,4,16,fixed,0.2050128103309665,0.15281037038244538,8,2,5,3,0.15325687759521603,0.15287338041184215,0.20494734053788954,0.20500313548919896,5.579495130941803e-05,0.0,0.0,0.27870531583409786,0.3110908081575373,0.03238549232343946,0.10607799782657082,1.8541640854725399,1.8541640854725399,0.0,1.6491512751415733,11,4,0.155236496631678,True,0,6,21
ridge_teacher_binary,2,4,16,moving,0.1581348435156316,0.15281037038244538,8,0,3,0,0.15287338041184215,0.15494610663316022,0.15818802396714954,0.1585210070762729,0.00033298310912335816,5.3180451517947924e-05,0.0003861635606413061,0.23432783547538594,0.26112329875875984,0.0267954632833739,0.10298845524312825,0.21386053066305247,0.21386053066305247,0.0,0.05572568714742088,53,2,0.21386053066305247,False,58,24,84
ridge_teacher_binary,2,4,16,moving,0.1581348435156316,0.15281037038244538,8,1,1,2,0.15426762643157788,0.15283016817145326,0.15814313941506353,0.15836708457369983,0.0002239451586363017,8.295899431937093e-06,0.0002322410580682388,0.23122092909103964,0.26033334839074584,0.029112419299706205,0.10219850487511425,0.21386053066305247,0.21386053066305247,0.0,0.05572568714742088,38,2,0.21386053066305247,False,89,27,112
ridge_teacher_binary,2,4,16,moving,0.1581348435156316,0.15281037038244538,8,2,6,5,0.1538170891620708,0.15325687759521603,0.15813998769176466,0.1587337530660992,0.0005937653743345317,5.144176133065059e-06,0.0005989095504675968,0.36288844873514386,0.39639185819776696,0.03350340946262309,0.23825701468213537,0.21386053066305247,0.21386053066305247,0.0,0.05572568714742088,38,2,0.21386053066305247,False,68,27,123
ridge_teacher_binary,2,4,32,fixed,0.2050128103309665,0.15275443677257267,8,0,0,6,0.15466164494040874,0.1528081661932712,0.2046485299936217,0.20499719363274782,0.0003486636391261122,0.0,0.0,0.26587206293088156,0.29518200788772087,0.029309944956839307,0.09016919755675437,0.15987179247264072,0.15987179247264072,0.0,0.0,98,4,0.155236496631678,True,0,4,11
ridge_teacher_binary,2,4,32,fixed,0.2050128103309665,0.15275443677257267,8,1,3,5,0.1535129709521266,0.1535576815862319,0.20489476805118237,0.2050073994838251,0.00011263143264272912,0.0,0.0,0.2371332689893725,0.26594093262274854,0.02880766363337603,0.060928122291782044,0.155236496631678,0.155236496631678,0.0,0.0,95,4,0.155236496631678,True,0,2,15
ridge_teacher_binary,2,4,32,fixed,0.2050128103309665,0.15275443677257267,8,2,7,2,0.15310894419410487,0.15316369801046498,0.2037901797373997,0.2048726516498886,0.0010824719124888915,0.0,0.0,0.20978127583413436,0.23453458166037616,0.0247533058262418,0.02952177132940967,0.155236496631678,0.155236496631678,0.0,0.0,107,4,0.155236496631678,True,0,1,7
ridge_teacher_binary,2,4,32,moving,0.1564933889066534,0.15275443677257267,8,0,6,0,0.1528081661932712,0.15466164494040874,0.15650186563178292,0.15704551856181348,0.0005436529300305581,8.476725129519247e-06,0.0005521296551600774,0.26587206293088156,0.29518200788772087,0.029309944956839307,0.13868861898106746,0.15987179247264072,0.15987179247264072,0.0,0.0033784035659873146,98,4,0.155236496631678,False,87,27,124
ridge_teacher_binary,2,4,32,moving,0.1564933889066534,0.15275443677257267,8,1,1,4,0.15399435168125852,0.15352689284250576,0.1564987313940786,0.1566645262651687,0.00016579487109008584,5.342487425202824e-06,0.00017113735851528866,0.18383795255482965,0.20117373089234067,0.017335778337511015,0.044680341985687266,0.15786036026748468,0.15786036026748468,0.0,0.0013669713608312761,113,4,0.155236496631678,False,54,18,88
ridge_teacher_binary,2,4,32,moving,0.1564933889066534,0.15275443677257267,8,2,7,5,0.15310894419410487,0.1535576815862319,0.15649308605478335,0.1566870885027397,0.00019400244795636512,0.0,0.00019369959608631082,0.21367846232247611,0.23873542437237485,0.02505696204989874,0.08224203546572145,0.155236496631678,0.155236496631678,0.0,0.0,104,4,0.155236496631678,False,55,25,102
ridge_teacher_binary,2,4,64,fixed,0.2050128103309665,0.15275443677257267,8,0,1,7,0.15510123446962595,0.15378673457164677,0.20411187007831333,0.20482611706418008,0.0007142469858667511,0.0,0.0,0.2374745098881428,0.26577954743390586,0.02830503754576305,0.06076673710293937,0.155236496631678,0.155236496631678,0.0,0.0,191,4,0.155236496631678,True,0,2,9
ridge_teacher_binary,2,4,64,fixed,0.2050128103309665,0.15275443677257267,8,1,3,5,0.15399847713605624,0.15390023179795165,0.20453556986276808,0.204796936998578,0.0002613671358099312,0.0,0.0,0.23802628778975057,0.2687107135563202,0.03068442576656963,0.06369790322535371,0.155236496631678,0.155236496631678,0.0,0.0,247,4,0.155236496631678,True,0,3,11
ridge_teacher_binary,2,4,64,fixed,0.2050128103309665,0.15275443677257267,8,2,0,4,0.15368480535850695,0.1554988623612962,0.20491772368904115,0.20498706153211685,6.933784307569524e-05,0.0,0.0,0.23758629464282513,0.2652277951866868,0.02764150054386169,0.06021498485572033,0.19039581071053513,0.19039581071053513,0.0,0.0,203,4,0.155236496631678,True,0,3,16
ridge_teacher_binary,2,4,64,moving,0.15573134508745612,0.15275443677257267,8,0,4,2,0.1554988623612962,0.15391172244951054,0.15573174839154558,0.15594821701003564,0.00021646861849006216,4.033040894579898e-07,0.00021687192257952015,0.21927807530251237,0.24325645076159452,0.023978375459082157,0.0875251056741384,0.19039581071053513,0.19039581071053513,0.0,0.03466446562307901,215,4,0.155236496631678,False,73,26,124
ridge_teacher_binary,2,4,64,moving,0.15573134508745612,0.15275443677257267,8,1,5,1,0.15390023179795165,0.15510123446962595,0.15573675288024705,0.15593057467295962,0.00019382179271257294,5.407792790929067e-06,0.000199229585503502,0.22075756141466568,0.248422223342689,0.027664661928023332,0.0926908782552329,0.155236496631678,0.155236496631678,0.0,0.0,259,4,0.155236496631678,False,74,20,119
ridge_teacher_binary,2,4,64,moving,0.15573134508745612,0.15275443677257267,8,2,3,0,0.15399847713605624,0.15368480535850695,0.15572803321122347,0.15596769861583504,0.0002396654046115665,0.0,0.00023635352837891865,0.2272482498809699,0.25552818245880304,0.02827993257783315,0.09979683737134692,0.15413076229383407,0.15413076229383407,0.0,0.0,185,8,0.1530816241377691,False,88,21,114
ridge_teacher_binary,2,4,128,fixed,0.2050128103309665,0.15275443677257267,8,0,3,7,0.15346797615488483,0.15345305066261805,0.2041151404704504,0.20483649229742162,0.0007213518269712227,0.0,0.0,0.2187210447696159,0.24750164946957015,0.02878060469995425,0.04248883913860366,0.155236496631678,0.155236496631678,0.0,0.0,600,4,0.155236496631678,True,0,2,8
ridge_teacher_binary,2,4,128,fixed,0.2050128103309665,0.15275443677257267,8,1,5,0,0.1538189960849875,0.1538116683457208,0.20450081016349198,0.2047678404864736,0.0002670303229816151,0.0,0.0,0.25486020693888384,0.2904741144551237,0.035613907516239884,0.08546130412415723,0.155236496631678,0.155236496631678,0.0,0.0,528,4,0.155236496631678,True,0,3,13
ridge_teacher_binary,2,4,128,fixed,0.2050128103309665,0.15275443677257267,8,2,2,1,0.1538170435328296,0.15366553156451518,0.20178952764629757,0.20418102248279796,0.0023914948365003907,0.0,0.0,0.21565062549557895,0.2458696067126209,0.030218981217041946,0.0408567963816544,0.155236496631678,0.155236496631678,0.0,0.0,603,4,0.155236496631678,True,0,1,6
ridge_teacher_binary,2,4,128,moving,0.1550923981590695,0.15275443677257267,8,0,0,4,0.1538116683457208,0.15382370741344098,0.1550934982109557,0.15528615950363295,0.00019266129267725418,1.1000518861936648e-06,0.00019376134456344785,0.2129108549078723,0.24231443630767058,0.02940358139979829,0.08722203814860108,0.15382370741344098,0.15382370741344098,0.0,0.0,531,8,0.1530816241377691,False,81,19,123
ridge_teacher_binary,2,4,128,moving,0.1550923981590695,0.15275443677257267,8,1,7,5,0.15345305066261805,0.1538189960849875,0.15508403693660566,0.1552820928736225,0.00019805593701682778,0.0,0.00018969471455299036,0.2526089211086888,0.2864077613365365,0.03379884022784768,0.131315363177467,0.15381899608498753,0.15381899608498753,0.0,0.0,579,8,0.1530816241377691,False,89,23,123
ridge_teacher_binary,2,4,128,moving,0.1550923981590695,0.15275443677257267,8,2,3,1,0.15346797615488483,0.15366553156451518,0.15509243648488907,0.15534037177111115,0.0002479352862220785,3.8325819573525877e-08,0.000247973612041652,0.2438460620101145,0.27684444122450685,0.03299837921439236,0.12175204306543735,0.15366553156451518,0.15366553156451518,0.0,0.0,585,8,0.1530816241377691,False,82,18,113
ridge_teacher_binary,2,5,8,fixed,0.2050128103309665,0.15296980600925103,6,0,1,2,0.15320439888480356,0.1531950641256657,0.19579569993629745,0.20368312924146006,0.007887429305162619,0.0,0.0,0.19579553079045367,0.21875644461302782,0.022960913822574147,0.013743634282061323,0.4175774920213553,0.4175774920213553,0.0,0.2125646816903888,11,4,0.155236496631678,True,0,0,4
ridge_teacher_binary,2,5,8,fixed,0.2050128103309665,0.15296980600925103,6,1,0,5,0.15352993748592503,0.15364774395452682,0.20457574790339542,0.20481957265295953,0.00024382474956410882,0.0,0.0,0.3635527211303149,0.38990719141702956,0.02635447028671467,0.18489438108606307,0.42558761630012204,0.42558761630012204,0.0,0.22057480596915555,11,4,0.155236496631678,True,0,5,14
ridge_teacher_binary,2,5,8,fixed,0.2050128103309665,0.15296980600925103,6,2,3,6,0.15303993186003717,0.15430974364848082,0.2044334869583698,0.2049961285812329,0.000562641622863097,0.0,0.0,0.22158754808470718,0.24317911687988988,0.021591568795182703,0.03816630654892339,0.424481753449897,0.424481753449897,0.0,0.21946894311893053,11,4,0.155236496631678,True,0,1,8
ridge_teacher_binary,2,5,8,moving,0.20991410104830924,0.15296980600925103,8,0,6,0,0.15430974364848082,0.15352993748592503,0.20989518391802678,0.20991387651011906,1.8692592092278693e-05,0.0,0.0,0.3164796529115907,0.3405304165565079,0.024050763644917206,0.13061631550819866,0.42558761630012204,0.42558761630012204,0.0,0.2156735152518128,11,2,0.21386053066305247,True,0,5,21
ridge_teacher_binary,2,5,8,moving,0.20991410104830924,0.15296980600925103,8,1,2,5,0.1531950641256657,0.15364774395452682,0.20874844987179414,0.20947888764378028,0.0007304377719861421,0.0,0.0,0.2225862887727631,0.24806941077818775,0.025483122005424658,0.03815530972987852,0.4175774920213553,0.4175774920213553,0.0,0.20766339097304606,11,2,0.21386053066305247,True,0,1,9
ridge_teacher_binary,2,5,8,moving,0.20991410104830924,0.15296980600925103,8,2,3,1,0.15303993186003717,0.15320439888480356,0.16007036164100802,0.16658930645015113,0.006518944809143112,0.0,0.0,0.16007036164100802,0.16658930645015113,0.006518944809143112,0.0,0.424481753449897,0.424481753449897,0.0,0.2145676524015878,11,2,0.21386053066305247,True,0,0,2
ridge_teacher_binary,2,5,16,fixed,0.2050128103309665,0.15281037038244538,8,0,4,5,0.15346785187608636,0.15318471363350492,0.20468229837197607,0.20501228808940014,0.00032998971742406735,0.0,0.0,0.22820537540435065,0.2577283102050022,0.029522934800651546,0.052715499874035704,1.8580029250062537,1.8580029250062537,0.0,1.6529901146752872,11,4,0.155236496631678,True,0,3,13
ridge_teacher_binary,2,5,16,fixed,0.2050128103309665,0.15281037038244538,8,1,3,1,0.1549683565286521,0.1545019987456337,0.20444331803723986,0.2049763041684457,0.000532986131205837,0.0,0.0,0.247843657127904,0.272305892983888,0.024462235855984032,0.06729308265292153,1.5618523417761827,1.5618523417761827,0.0,1.3568395314452162,11,4,0.155236496631678,True,0,2,10
ridge_teacher_binary,2,5,16,fixed,0.2050128103309665,0.15281037038244538,8,2,7,6,0.15292401272559966,0.1536419242866644,0.2035437498837692,0.20486184276577699,0.001318092882007793,0.0,0.0,0.21146653485443528,0.2363919154666346,0.024925380612199316,0.031379105135668106,0.4274900666854498,0.4274900666854498,0.0,0.22247725635448332,11,4,0.155236496631678,True,0,1,7
ridge_teacher_binary,2,5,16,moving,0.1581348435156316,0.15281037038244538,8,0,2,6,0.15292864668452666,0.1536419242866644,0.1581443186925197,0.15820345370210478,5.913500958509843e-05,9.475176888096293e-06,6.861018647319472e-05,0.2240233568568401,0.25009269145979535,0.02606933460295524,0.09195784794416376,0.21386053066305247,0.21386053066305247,0.0,0.05572568714742088,47,2,0.21386053066305247,False,35,16,99
ridge_teacher_binary,2,5,16,moving,0.1581348435156316,0.15281037038244538,8,1,3,0,0.1549683565286521,0.15344290978573236,0.15817534406415373,0.15847479981909768,0.0002994557549439447,4.050054852214324e-05,0.00033995630346608796,0.2835851799655983,0.31397793850055006,0.03039275853495177,0.15584309498491847,0.21386053066305247,0.21386053066305247,0.0,0.05572568714742088,41,2,0.21386053066305247,False,67,31,106
ridge_teacher_binary,2,5,16,moving,0.1581348435156316,0.15281037038244538,8,2,7,4,0.15292401272559966,0.15346785187608636,0.1581221451666781,0.15817817014895244,5.602498227433306e-05,0.0,4.3326633320850405e-05,0.19277741769552004,0.21540989052781617,0.022632472832296135,0.05727504701218458,0.21386053066305247,0.21386053066305247,0.0,0.05572568714742088,47,2,0.21386053066305247,False,18,9,76
ridge_teacher_binary,2,5,32,fixed,0.2050128103309665,0.15275443677257267,8,0,2,0,0.15390703039036074,0.15386855337843933,0.2049069786696876,0.20499660689248092,8.962822279331983e-05,0.0,0.0,0.27503458064028713,0.3063386319948505,0.03130405135456338,0.10132582166388401,0.155236496631678,0.155236496631678,0.0,0.0,122,4,0.155236496631678,True,0,4,24
ridge_teacher_binary,2,5,32,fixed,0.2050128103309665,0.15275443677257267,8,1,6,3,0.15336029562416087,0.15391439154578493,0.18818139078431717,0.1961977478797976,0.00801635709548043,0.0,0.0,0.1881810453257799,0.2088205052883515,0.020639459962571605,0.003807694957385005,0.155236496631678,0.155236496631678,0.0,0.0,111,4,0.155236496631678,True,0,0,3
ridge_teacher_binary,2,5,32,fixed,0.2050128103309665,0.15275443677257267,8,2,7,5,0.15407930070161574,0.1532359335456993,0.2048690737049718,0.20499112334022135,0.00012204963524956036,0.0,0.0,0.23770351696973965,0.2641866007575211,0.026483083787781442,0.0591737904265546,0.15651392313942736,0.15651392313942736,0.0,0.0,107,4,0.155236496631678,True,0,2,13
ridge_teacher_binary,2,5,32,moving,0.1564933889066534,0.15275443677257267,8,0,4,0,0.15335491505929993,0.15386855337843933,0.15650182135332544,0.15675128785642223,0.0002494665030967902,8.432446672035354e-06,0.00025789894976882555,0.22796402005262625,0.2545390542434155,0.026575034190789243,0.0980456653367621,0.155236496631678,0.155236496631678,0.0,0.0,113,4,0.155236496631678,False,79,25,121
ridge_teacher_binary,2,5,32,moving,0.1564933889066534,0.15275443677257267,8,1,5,6,0.1532359335456993,0.15336029562416087,0.1565017852277492,0.15668226314423955,0.00018047791649034028,8.396321095810455e-06,0.00018887423758615074,0.19494017449497547,0.21644641137384293,0.021506236878867463,0.05995302246718953,0.155236496631678,0.155236496631678,0.0,0.0,95,4,0.155236496631678,False,59,17,113
ridge_teacher_binary,2,5,32,moving,0.1564933889066534,0.15275443677257267,8,2,1,7,0.15362686248553853,0.15407930070161574,0.1564951928626105,0.15675978585120656,0.00026459298859607405,1.8039559570859343e-06,0.00026639694455316,0.22523931382907605,0.24816055436954557,0.022921240540469512,0.09166716546289216,0.15928936304400784,0.15928936304400784,0.0,0.00279597413735444,119,4,0.155236496631678,False,75,23,116
ridge_teacher_binary,2,5,64,fixed,0.2050128103309665,0.15275443677257267,8,0,5,2,0.15388870344809727,0.1531854363985688,0.1925363443031573,0.20134190931959034,0.008805565016433037,0.0,0.0,0.1925363443031573,0.21544158538537728,0.022905241082219974,0.010428775054410783,0.155236496631678,0.155236496631678,0.0,0.0,262,4,0.155236496631678,True,0,0,3
ridge_teacher_binary,2,5,64,fixed,0.2050128103309665,0.15275443677257267,8,1,6,0,0.15380306117402232,0.15481603213501222,0.2022408513877214,0.2033993300867304,0.0011584786990089802,0.0,0.0,0.21016054855894403,0.23337146151460555,0.023210912955661522,0.02835865118363906,0.16844483429042206,0.16844483429042206,0.0,0.0,197,4,0.155236496631678,True,0,1,7
ridge_teacher_binary,2,5,64,fixed,0.2050128103309665,0.15275443677257267,8,2,1,4,0.15370808341844092,0.15423523057388042,0.20464849046317893,0.2049493124784734,0.0003008220152944663,0.0,0.0,0.21238035462345375,0.2376926822983702,0.02531232767491645,0.03267987196740371,0.155236496631678,0.155236496631678,0.0,0.0,283,4,0.155236496631678,True,0,1,10
ridge_teacher_binary,2,5,64,moving,0.15573134508745612,0.15275443677257267,8,0,0,6,0.15481603213501222,0.15380306117402232,0.15572688808101995,0.15589517342323553,0.00016828534221557945,0.0,0.00016382833577940903,0.21016054855894403,0.23337146151460555,0.023210912955661522,0.07764011642714944,0.16844483429042206,0.16844483429042206,0.0,0.012713489202965944,197,4,0.155236496631678,False,69,19,115
ridge_teacher_binary,2,5,64,moving,0.15573134508745612,0.15275443677257267,8,1,2,5,0.1531854363985688,0.15388870344809727,0.15573135546025713,0.15582773841232653,9.63829520694015e-05,1.0372801007019206e-08,9.639332487040853e-05,0.1925363443031573,0.21544158538537728,0.022905241082219974,0.05971024029792116,0.154801327027127,0.154801327027127,0.0,0.0,203,8,0.1530816241377691,False,56,16,112
ridge_teacher_binary,2,5,64,moving,0.15573134508745612,0.15275443677257267,8,2,1,7,0.15370808341844092,0.15381797571364186,0.15571983358802566,0.15591321408351358,0.00019338049548792147,0.0,0.00018186899605746043,0.22965949930055657,0.2575924495892339,0.027932950288677316,0.10186110450177777,0.155236496631678,0.155236496631678,0.0,0.0,332,4,0.155236496631678,False,60,22,116
ridge_teacher_binary,2,5,128,fixed,0.2050128103309665,0.15275443677257267,8,0,7,2,0.15372171944603918,0.15371696055724238,0.202680639188195,0.20438768029756893,0.001707041109373919,0.0,0.0,0.22834104914786696,0.25921003552739674,0.030868986379529784,0.05419722519643025,0.155236496631678,0.155236496631678,0.0,0.0,567,4,0.155236496631678,True,0,1,7
ridge_teacher_binary,2,5,128,fixed,0.2050128103309665,0.15275443677257267,8,1,3,5,0.15377187212924837,0.1537904312532338,0.20272296136718754,0.20447742611814348,0.0017544647509559474,0.0,0.0,0.2149227641170845,0.24536025793867688,0.030437493821592387,0.04034744760771039,0.155236496631678,0.155236496631678,0.0,0.0,534,4,0.155236496631678,True,0,1,7
ridge_teacher_binary,2,5,128,fixed,0.2050128103309665,0.15275443677257267,8,2,1,4,0.15386370600704985,0.1538888346130829,0.20443805737017515,0.20500535264283293,0.0005672952726577807,0.0,0.0,0.2690283966845163,0.30716141040850437,0.038133013723988085,0.10214860007753787,0.155236496631678,0.155236496631678,0.0,0.0,546,4,0.155236496631678,True,0,5,12
ridge_teacher_binary,2,5,128,moving,0.1550923981590695,0.15275443677257267,8,0,5,0,0.1537904312532338,0.15377937434806094,0.15510089829859244,0.15524278293917215,0.00014188464057970918,8.500139522943373e-06,0.00015038478010265255,0.21036806320734489,0.2401061590606923,0.029738095853347413,0.0850137609016228,0.1537904312532338,0.1537904312532338,0.0,0.0,534,8,0.1530816241377691,False,86,21,125
ridge_teacher_binary,2,5,128,moving,0.1550923981590695,0.15275443677257267,8,1,4,2,0.1538888346130829,0.15371696055724238,0.1550862504888797,0.15531761621676585,0.0002313657278861514,0.0,0.00022521805769634695,0.2219907813276003,0.2528709087359279,0.030880127408327573,0.09777851057685838,0.1538888346130829,0.1538888346130829,0.0,0.0,573,8,0.1530816241377691,False,74,20,123
ridge_teacher_binary,2,5,128,moving,0.1550923981590695,0.15275443677257267,8,2,7,3,0.15372171944603918,0.15377187212924837,0.15510016758797177,0.15529214677430223,0.00019197918633045985,7.769428902265618e-06,0.00019974861523272547,0.2326209106952437,0.2650406423489107,0.03241973165366702,0.10994824418984123,0.15377187212924837,0.15377187212924837,0.0,0.0,567,8,0.1530816241377691,False,74,19,124
ridge_teacher_binary,2,6,8,fixed,0.2050128103309665,0.15296980600925103,7,0,5,1,0.15638498704566012,0.1535421013435619,0.20497438947843244,0.20501042731410762,3.603783567518448e-05,0.0,0.0,0.34467435040839894,0.3754694135097394,0.030795063101340447,0.1704566031787729,0.5933745050913337,0.5933745050913337,0.0,0.3883616947603672,11,4,0.155236496631678,True,0,5,26
ridge_teacher_binary,2,6,8,fixed,0.2050128103309665,0.15296980600925103,7,1,0,6,0.1531593602243861,0.15367690810711615,0.2049289771681109,0.2050046168446416,7.56396765307088e-05,0.0,0.0,0.23544736651823575,0.2577642552707397,0.022316888752503955,0.05275144493977321,1.8284970908080478,1.8284970908080478,0.0,1.6234842804770813,11,4,0.155236496631678,True,0,3,15
ridge_teacher_binary,2,6,8,fixed,0.2050128103309665,0.15296980600925103,7,2,4,7,0.1537771675241685,0.15336083321784746,0.20494937807551297,0.20509409738790169,0.0001447193123887136,0.0,8.1287056935192e-05,0.36556894729793066,0.3930591608274048,0.027490213529474117,0.18804635049643828,1.7372331977211588,1.7372331977211588,0.0,1.5322203873901923,11,4,0.155236496631678,False,2,4,17
ridge_teacher_binary,2,6,8,moving,0.20991410104830924,0.15296980600925103,8,0,6,3,0.15367690810711615,0.2073754744755187,0.21006446882894902,0.21020519566494092,0.0001407268359918945,0.0001503677806397874,0.0002910946166316819,0.47590874678052497,0.5124405980145039,0.03653185123397895,0.3025264969661947,1.8284970908080478,1.8284970908080478,0.0,1.6185829897597386,11,2,0.21386053066305247,False,42,25,64
ridge_teacher_binary,2,6,8,moving,0.20991410104830924,0.15296980600925103,8,1,7,2,0.15336083321784746,0.15456823671635428,0.20968513601365424,0.20989210898763935,0.0002069729739851145,0.0,0.0,0.230803603403385,0.25605157152317515,0.02524796811979016,0.04613747047486591,1.7372331977211588,1.7372331977211588,0.0,1.5273190966728496,11,2,0.21386053066305247,True,0,3,12
ridge_teacher_binary,2,6,8,moving,0.20991410104830924,0.15296980600925103,8,2,1,4,0.1535421013435619,0.1537771675241685,0.20990191512497147,0.2099430189168267,4.110379185523483e-05,0.0,2.891786851746958e-05,0.377512446171152,0.41147708342491746,0.03396463725376547,0.20156298237660822,0.5838359214678019,0.5838359214678019,0.0,0.37392182041949273,11,2,0.21386053066305247,False,6,8,38
ridge_teacher_binary,2,6,16,fixed,0.2050128103309665,0.15281037038244538,8,0,1,2,0.1528463000334066,0.15282892763303044,0.2050122523565695,0.20502060682730186,8.354470732357955e-06,0.0,7.796496335366054e-06,0.21634948723980402,0.24332619764918106,0.026976710409377047,0.03831338731821457,0.5648475497224056,0.5648475497224056,0.0,0.35983473939143906,11,4,0.155236496631678,True,0,3,19
ridge_teacher_binary,2,6,16,fixed,0.2050128103309665,0.15281037038244538,8,1,4,6,0.1541203546686965,0.1548199507983133,0.2045609518020515,0.20479854610483395,0.00023759430278244564,0.0,0.0,0.2098901398832005,0.23358386743332255,0.023693727550122057,0.02857105710235605,1.6517382697780592,1.6517382697780592,0.0,1.4467254594470926,11,4,0.155236496631678,True,0,2,10
ridge_teacher_binary,2,6,16,fixed,0.2050128103309665,0.15281037038244538,8,2,3,7,0.15288736899858502,0.15362060796088234,0.20462399998692737,0.204868775370068,0.00024477538314063296,0.0,0.0,0.2046238297159834,0.22897038629911448,0.02434655658313109,0.023957575968147987,1.9872956374755062,1.9872956374755062,0.0,1.7822828271445397,11,4,0.155236496631678,True,0,0,11
ridge_teacher_binary,2,6,16,moving,0.1581348435156316,0.15281037038244538,8,0,2,7,0.15282892763303044,0.15362060796088234,0.15888404160324915,0.16037853925297335,0.0014944976497242024,0.0007491980876175586,0.002243695737341761,0.2317652440384388,0.26091164860985,0.02914640457141121,0.10277680509421841,0.21386053066305247,0.21386053066305247,0.0,0.05572568714742088,50,2,0.21386053066305247,False,38,18,83
ridge_teacher_binary,2,6,16,moving,0.1581348435156316,0.15281037038244538,8,1,4,0,0.1541203546686965,0.15341831728371214,0.15814547117714706,0.15832209798417565,0.0001766268070285959,1.0627661515466569e-05,0.00018725446854406247,0.20191480826486802,0.22517961240691317,0.023264804142045153,0.06704476889128158,0.21386053066305247,0.21386053066305247,0.0,0.05572568714742088,58,2,0.21386053066305247,False,41,22,79
ridge_teacher_binary,2,6,16,moving,0.1581348435156316,0.15281037038244538,8,2,5,6,0.15294175174194347,0.1548199507983133,0.1581388033672298,0.15827959349370654,0.0001407901264767475,3.959851598206443e-06,0.00014474997807495393,0.21098814246998776,0.23165684642815187,0.020668703958164114,0.07352200291252028,0.21386053066305247,0.21386053066305247,0.0,0.05572568714742088,47,2,0.21386053066305247,False,61,23,115
ridge_teacher_binary,2,6,32,fixed,0.2050128103309665,0.15275443677257267,8,0,4,1,0.15320189555028957,0.15337797531886851,0.19362965455321524,0.2016003523596225,0.007970697806407273,0.0,0.0,0.19362965455321524,0.21423541615992214,0.020605761606706907,0.009222605828955649,0.155236496631678,0.155236496631678,0.0,0.0,110,4,0.155236496631678,True,0,0,3
ridge_teacher_binary,2,6,32,fixed,0.2050128103309665,0.15275443677257267,8,1,0,6,0.15394507277267577,0.15467100838458658,0.2046154815547869,0.20498869868161426,0.0003732171268273632,0.0,0.0,0.2520932793783819,0.27889562059351125,0.026802341215129366,0.07388281026254476,0.16178369628973915,0.16178369628973915,0.0,0.0,92,4,0.155236496631678,True,0,3,11
ridge_teacher_binary,2,6,32,fixed,0.2050128103309665,0.15275443677257267,8,2,5,3,0.15291936398774614,0.1535004707949278,0.20485718788755258,0.20496108801373875,0.00010390012618616273,0.0,0.0,0.21849931082779206,0.23994593558439173,0.02144662475659967,0.034933125253425235,0.155236496631678,0.155236496631678,0.0,0.0,110,4,0.155236496631678,True,0,1,12
ridge_teacher_binary,2,6,32,moving,0.1564933889066534,0.15275443677257267,8,0,2,5,0.15429531126206303,0.15291936398774614,0.1564865854932618,0.15669552290405558,0.00020893741079378025,0.0,0.00020213399740218185,0.2439634611004196,0.2722671479811178,0.028303686880698176,0.11577375907446438,0.155236496631678,0.155236496631678,0.0,0.0,113,4,0.155236496631678,False,69,24,123
ridge_teacher_binary,2,6,32,moving,0.1564933889066534,0.15275443677257267,8,1,0,7,0.15394507277267577,0.1534033788923451,0.15652214167364126,0.15680398090444406,0.0002818392308027995,2.8752766987855116e-05,0.0003105919977906546,0.2812416035088695,0.31256239925871127,0.03132079574984176,0.15606901035205786,0.15539760190662974,0.15539760190662974,0.0,0.0,92,4,0.155236496631678,False,81,30,114
ridge_teacher_binary,2,6,32,moving,0.1564933889066534,0.15275443677257267,8,2,3,6,0.1535004707949278,0.15467100838458658,0.15650208451020048,0.15683340836361817,0.0003313238534176921,8.695603547076436e-06,0.00034001945696476854,0.3297673474809267,0.35642384952715395,0.02665650204622727,0.19993046062050054,0.16178369628973915,0.16178369628973915,0.0,0.005290307383085752,107,4,0.155236496631678,False,56,27,107
ridge_teacher_binary,2,6,64,fixed,0.2050128103309665,0.15275443677257267,8,0,6,4,0.15468693149974339,0.1538153964087473,0.20257091956333909,0.20480726738277538,0.0022363478194362962,0.0,0.0,0.2103665781287759,0.23395806516621068,0.023591487037434772,0.028945254835244183,0.155236496631678,0.155236496631678,0.0,0.0,215,4,0.155236496631678,True,0,1,6
ridge_teacher_binary,2,6,64,fixed,0.2050128103309665,0.15275443677257267,8,1,7,1,0.15390725049537976,0.15306705703430623,0.2044772484239554,0.204968005151637,0.0004907567276815905,0.0,0.0,0.24328295545826523,0.2717726185173232,0.02848966305905798,0.06675980818635671,0.155236496631678,0.155236496631678,0.0,0.0,200,4,0.155236496631678,True,0,3,11
ridge_teacher_binary,2,6,64,fixed,0.2050128103309665,0.15275443677257267,8,2,0,3,0.15374436652525014,0.15391481599829765,0.20448497089468654,0.20487855301804825,0.00039358212336171317,0.0,0.0,0.24951303201745625,0.2789270019488799,0.029413969931423672,0.07391419161791343,0.155236496631678,0.155236496631678,0.0,0.0,227,4,0.155236496631678,True,0,3,11
ridge_teacher_binary,2,6,64,moving,0.15573134508745612,0.15275443677257267,8,0,7,2,0.15390725049537976,0.15382972576661486,0.155727672277244,0.1559076682570923,0.00017999597984830196,0.0,0.00017632316963617223,0.24788017814943636,0.27677598036984685,0.028895802220410494,0.12104463528239073,0.1540968522042024,0.1540968522042024,0.0,0.0,212,8,0.1530816241377691,False,83,25,123
ridge_teacher_binary,2,6,64,moving,0.15573134508745612,0.15275443677257267,8,1,0,5,0.15374436652525014,0.1535461976473398,0.15573173331126625,0.15600710145378788,0.00027536814252163144,3.882238101271529e-07,0.0002757563663317586,0.24545389502184706,0.2746424220879005,0.02918852706605346,0.1189110770004444,0.155236496631678,0.155236496631678,0.0,0.0,297,4,0.155236496631678,False,77,24,122
ridge_teacher_binary,2,6,64,moving,0.15573134508745612,0.15275443677257267,8,2,1,6,0.15306705703430623,0.15468693149974339,0.15573743922119218,0.1559757613554568,0.00023832213426461246,6.094133736062046e-06,0.0002444162680006745,0.2546333329277889,0.2836214212764955,0.028988088348706587,0.12789007618903936,0.15468693149974339,0.15468693149974339,0.0,0.0,206,8,0.1530816241377691,False,97,27,126
ridge_teacher_binary,2,6,128,fixed,0.2050128103309665,0.15275443677257267,8,0,1,4,0.15369238418852768,0.15374218183131969,0.20295108379631552,0.2047653455941291,0.0018142617978135767,0.0,0.0,0.23616976288949193,0.2696108896239914,0.03344112673449945,0.06459807929302488,0.155236496631678,0.155236496631678,0.0,0.0,543,4,0.155236496631678,True,0,1,7
ridge_teacher_binary,2,6,128,fixed,0.2050128103309665,0.15275443677257267,8,1,2,6,0.15375667033993162,0.15354288618674017,0.20387250161749126,0.20461304281624126,0.0007405411987499999,0.0,0.0,0.2280495174231303,0.2576891629876698,0.02963964556453952,0.05267635265670331,0.155236496631678,0.155236496631678,0.0,0.0,570,4,0.155236496631678,True,0,1,8
ridge_teacher_binary,2,6,128,fixed,0.2050128103309665,0.15275443677257267,8,2,5,0,0.15375365507523653,0.15377794690825183,0.20359805063921188,0.20435273979165036,0.0007546891524384813,0.0,0.0,0.23413268724116723,0.265515648380591,0.031382961139423765,0.0605028380496245,0.155236496631678,0.155236496631678,0.0,0.0,573,4,0.155236496631678,True,0,3,7
ridge_teacher_binary,2,6,128,moving,0.1550923981590695,0.15275443677257267,8,0,6,0,0.15354288618674017,0.15377794690825183,0.15510229345333137,0.15530037930680077,0.000198085853469393,9.895294261874632e-06,0.00020798114773126763,0.21709313075575357,0.2452254456986388,0.028132314942885234,0.0901330475395693,0.15377794690825183,0.15377794690825183,0.0,0.0,567,8,0.1530816241377691,False,83,19,118
ridge_teacher_binary,2,6,128,moving,0.1550923981590695,0.15275443677257267,8,1,1,3,0.15369238418852768,0.15318347199450405,0.15509666613582018,0.155336525041137,0.00023985890531683096,4.267976750682578e-06,0.00024412688206751354,0.24558706489844992,0.2774023171958594,0.031815252297409474,0.1223099190367899,0.1536923841885277,0.1536923841885277,0.0,0.0,617,8,0.1530816241377691,False,83,26,125
ridge_teacher_binary,2,6,128,moving,0.1550923981590695,0.15275443677257267,8,2,4,5,0.15374218183131969,0.15375365507523653,0.15509020115747457,0.15530453633390326,0.00021433517642868716,0.0,0.00021213817483375919,0.25176301734571543,0.286737262774243,0.03497424542852756,0.1316448646151735,0.15375365507523656,0.15375365507523656,0.0,0.0,555,8,0.1530816241377691,False,75,20,121
ridge_teacher_binary,2,7,8,fixed,0.2050128103309665,0.15296980600925103,7,0,3,6,0.1531020126536311,0.15312210654708938,0.2050069886701668,0.20503978448985616,3.2795819689346306e-05,0.0,2.6974158889664368e-05,0.27581585132307623,0.30183059828050535,0.026014746957429113,0.09681778794953885,1.8598360462518104,1.8598360462518104,0.0,1.654823235920844,11,4,0.155236496631678,False,3,6,29
ridge_teacher_binary,2,7,8,fixed,0.2050128103309665,0.15296980600925103,7,1,1,4,0.20497266365588432,0.15345162441700796,0.21055911048930614,0.21427753691573503,0.003718426426428889,0.005546300158339651,0.00926472658476854,0.3577069539436731,0.3875094298568607,0.02980247591318763,0.18249661952589422,0.42903977387981057,0.42903977387981057,0.0,0.22402696354884408,11,4,0.155236496631678,False,3,8,24
ridge_teacher_binary,2,7,8,fixed,0.2050128103309665,0.15296980600925103,7,2,7,0,0.15299738854933936,0.15424759621292203,0.1829574915706716,0.19714753092086978,0.014190039350198191,0.0,0.0,0.1829574915706716,0.19714753092086978,0.014190039350198191,0.0,1.9513219087900477,1.9513219087900477,0.0,1.7463090984590812,11,4,0.155236496631678,True,0,0,2
ridge_teacher_binary,2,7,8,moving,0.20991410104830924,0.15296980600925103,8,0,0,5,0.15424759621292203,0.2053662687038782,0.20944315073995495,0.20982942150070902,0.00038627076075406497,0.0,0.0,0.3485406912028913,0.37586125852934016,0.027320567326448886,0.16594715748103092,1.8775687871081983,1.8775687871081983,0.0,1.667654686059889,11,2,0.21386053066305247,True,0,5,18
ridge_teacher_binary,2,7,8,moving,0.20991410104830924,0.15296980600925103,8,1,3,7,0.1531020126536311,0.15299738854933936,0.21008296647755959,0.210535017686677,0.0004520512091174267,0.00016886542925034775,0.0006209166383677744,0.3067875133348625,0.3410689873714422,0.03428147403657972,0.13115488632313296,1.9513219087900477,1.9513219087900477,0.0,1.7414078077417385,11,2,0.21386053066305247,False,7,10,29
ridge_teacher_binary,2,7,8,moving,0.20991410104830924,0.15296980600925103,8,2,1,4,0.20497266365588432,0.15345162441700796,0.20994933525536957,0.21048269922113252,0.0005333639657629508,3.52342070603362e-05,0.000568598172823287,0.3577069539436731,0.3875094298568607,0.02980247591318763,0.17759532880855147,0.42903977387981057,0.42903977387981057,0.0,0.21912567283150133,11,2,0.21386053066305247,False,7,10,28
ridge_teacher_binary,2,7,16,fixed,0.2050128103309665,0.15281037038244538,8,0,2,7,0.15281037038244538,0.15293685985173205,0.19233901743207138,0.19972070596156377,0.007381688529492392,0.0,0.0,0.19233901743207138,0.21302870269445168,0.020689685262380297,0.008015892363485183,1.9972945829640887,1.9972945829640887,0.0,1.7922817726331222,11,4,0.155236496631678,True,0,0,3
ridge_teacher_binary,2,7,16,fixed,0.2050128103309665,0.15281037038244538,8,1,5,6,0.15447779920455437,0.15286155038177587,0.204663935012764,0.20485832420482591,0.0001943891920619112,0.0,0.0,0.23757264882693402,0.26439234147391893,0.026819692646984916,0.05937953114295244,2.007952367428657,2.007952367428657,0.0,1.8029395570976903,11,4,0.155236496631678,True,0,3,11
ridge_teacher_binary,2,7,16,fixed,0.2050128103309665,0.15281037038244538,8,2,4,0,0.15285707476006216,0.15292988130448362,0.19352052524285573,0.20201798548185557,0.008497460238999832,0.0,0.0,0.19352039640858326,0.2167183088015329,0.023197912392949632,0.0117054984705664,1.9607276984700792,1.9607276984700792,0.0,1.7557148881391127,11,4,0.155236496631678,True,0,0,3
ridge_teacher_binary,2,7,16,moving,0.1581348435156316,0.15281037038244538,8,0,1,3,0.15285239821809732,0.15405683201370682,0.15814450180910988,0.15840982709519408,0.0002653252860841948,9.658293478292945e-06,0.00027498357956248776,0.2573982078259709,0.2843159142841731,0.026917706458202184,0.1261810707685415,0.21386053066305247,0.21386053066305247,0.0,0.05572568714742088,59,2,0.21386053066305247,False,57,33,114
ridge_teacher_binary,2,7,16,moving,0.1581348435156316,0.15281037038244538,8,1,5,7,0.15447779920455437,0.15293685985173205,0.15811046383336788,0.1582224639821311,0.00011200014876322495,0.0,8.762046649951616e-05,0.19462645185665403,0.21602295586565837,0.021396504009004336,0.05788811235002678,0.21386053066305247,0.21386053066305247,0.0,0.05572568714742088,41,2,0.21386053066305247,False,20,18,93
ridge_teacher_binary,2,7,16,moving,0.1581348435156316,0.15281037038244538,8,2,0,6,0.15292988130448362,0.15286155038177587,0.15814128499619967,0.15831194080087607,0.00017065580467640062,6.441480568081248e-06,0.00017709728524448187,0.2529759143479809,0.2874918546617069,0.03451594031372601,0.1293570111460753,0.21386053066305247,0.21386053066305247,0.0,0.05572568714742088,35,2,0.21386053066305247,False,46,22,103
ridge_teacher_binary,2,7,32,fixed,0.2050128103309665,0.15275443677257267,8,0,3,6,0.1530345763876678,0.15307686566499024,0.20480932197448584,0.20499652621581477,0.00018720424132892544,0.0,0.0,0.24068838246219537,0.26700698340328427,0.0263186009410889,0.061994173072317776,0.155236496631678,0.155236496631678,0.0,0.0,107,4,0.155236496631678,True,0,4,12
ridge_teacher_binary,2,7,32,fixed,0.2050128103309665,0.15275443677257267,8,1,7,2,0.15346362072032907,0.15449434452966548,0.20381687379996594,0.2045186155374252,0.000701741737459266,0.0,0.0,0.21800765592863647,0.24252545061585593,0.024517794687219457,0.03751264028488943,0.155236496631678,0.155236496631678,0.0,0.0,98,4,0.155236496631678,True,0,2,9
ridge_teacher_binary,2,7,32,fixed,0.2050128103309665,0.15275443677257267,8,2,1,4,0.15315488627454119,0.15299986142840286,0.19768436954275054,0.20069510923739076,0.0030107396946402187,0.0,0.0,0.19768424435453888,0.2211034374847029,0.023419193130164023,0.01609062715373641,0.155236496631678,0.155236496631678,0.0,0.0,107,4,0.155236496631678,True,0,0,5
ridge_teacher_binary,2,7,32,moving,0.1564933889066534,0.15275443677257267,8,0,4,3,0.15299986142840286,0.1530345763876678,0.15649067597442312,0.15671833104465005,0.00022765507022692866,0.0,0.00022494213799664764,0.18306552683294555,0.20291441828720588,0.01984889145426033,0.04642102938055248,0.155236496631678,0.155236496631678,0.0,0.0,104,4,0.155236496631678,False,52,18,110
ridge_teacher_binary,2,7,32,moving,0.1564933889066534,0.15275443677257267,8,1,0,6,0.15365298543856848,0.15307686566499024,0.15649989311954007,0.15666905769951145,0.0001691645799713759,6.504212886671024e-06,0.00017566879285804693,0.2267698005155963,0.25077602806506716,0.02400622754947085,0.09428263915841376,0.155236496631678,0.155236496631678,0.0,0.0,119,4,0.155236496631678,False,70,25,104
ridge_teacher_binary,2,7,32,moving,0.1564933889066534,0.15275443677257267,8,2,2,1,0.15449434452966548,0.15315488627454119,0.15656663280314304,0.15690629586256408,0.00033966305942104147,7.324389648963314e-05,0.0004129069559106746,0.2980453519751306,0.3308708912628462,0.03282553928771559,0.1743775023561928,0.155236496631678,0.155236496631678,0.0,0.0,104,4,0.155236496631678,False,93,31,125
ridge_teacher_binary,2,7,64,fixed,0.2050128103309665,0.15275443677257267,8,0,6,1,0.15342808104747488,0.15384801306148227,0.20401658253608895,0.20459649608139416,0.0005799135453052051,0.0,0.0,0.24580931700245362,0.275481584519541,0.029672267517087403,0.07046877418857453,0.155236496631678,0.155236496631678,0.0,0.0,206,4,0.155236496631678,True,0,3,10
ridge_teacher_binary,2,7,64,fixed,0.2050128103309665,0.15275443677257267,8,1,2,0,0.1538160539780739,0.15516967806788529,0.20496101859309887,0.2050018709984675,4.0852405368635436e-05,0.0,0.0,0.24257372022435686,0.2711075711782496,0.028533850953892714,0.06609476084728308,0.1645347292035029,0.1645347292035029,0.0,0.0,224,4,0.155236496631678,True,0,4,15
ridge_teacher_binary,2,7,64,fixed,0.2050128103309665,0.15275443677257267,8,2,3,5,0.15383882341896973,0.1534523135140105,0.20284660867853854,0.20403397773698467,0.0011873690584461305,0.0,0.0,0.20760216805300605,0.23277309485862582,0.025170926805619775,0.02776028452765933,0.155236496631678,0.155236496631678,0.0,0.0,197,4,0.155236496631678,True,0,1,7
ridge_teacher_binary,2,7,64,moving,0.15573134508745612,0.15275443677257267,8,0,7,1,0.15343593615932027,0.15384801306148227,0.15573952967584537,0.15594153555789916,0.00020200588205379622,8.184588389248404e-06,0.00021019047044304462,0.21450901324421018,0.24048311706736025,0.025974103823150074,0.08475177197990413,0.1539329599957304,0.1539329599957304,0.0,0.0,218,8,0.1530816241377691,False,60,20,121
ridge_teacher_binary,2,7,64,moving,0.15573134508745612,0.15275443677257267,8,1,6,0,0.15342808104747488,0.15516967806788529,0.15573993231468383,0.15591299520102653,0.0001730628863426953,8.587227227713212e-06,0.0001816501135704085,0.2056303886271622,0.22912260510537127,0.023492216478209066,0.07339126001791516,0.1645347292035029,0.1645347292035029,0.0,0.00880338411604678,218,4,0.155236496631678,False,60,19,114
ridge_teacher_binary,2,7,64,moving,0.15573134508745612,0.15275443677257267,8,2,4,5,0.15442852028572698,0.1534523135140105,0.15573239060330482,0.15588370492332573,0.00015131432002091216,1.045515848702161e-06,0.00015235983586961432,0.22007452110245573,0.2455051259406567,0.025430604838200976,0.08977378085320059,0.15530289027753486,0.15530289027753486,0.0,0.0,194,4,0.155236496631678,False,65,23,118
ridge_teacher_binary,2,7,128,fixed,0.2050128103309665,0.15275443677257267,8,0,7,0,0.1534631116624688,0.15376017941476766,0.20498845690327058,0.20509057506014483,0.00010211815687424797,0.0,7.776472917833677e-05,0.2429927252735039,0.27811875733603225,0.035126032062528345,0.07310594700506576,0.155236496631678,0.155236496631678,0.0,0.0,510,4,0.155236496631678,False,4,2,16
ridge_teacher_binary,2,7,128,fixed,0.2050128103309665,0.15275443677257267,8,1,3,2,0.15370635370130614,0.1538797563117011,0.20089658283687828,0.20488175235324327,0.003985169516364989,0.0,0.0,0.2149075502124528,0.24380322343209615,0.028895673219643342,0.038790413101129656,0.155236496631678,0.155236496631678,0.0,0.0,522,4,0.155236496631678,True,0,1,5
ridge_teacher_binary,2,7,128,fixed,0.2050128103309665,0.15275443677257267,8,2,4,5,0.15381553872063025,0.15375389444567825,0.20443921428263767,0.2048083776347842,0.00036916335214653984,0.0,0.0,0.23769942259348226,0.2712665177561344,0.03356709516265216,0.06625370742516792,0.155236496631678,0.155236496631678,0.0,0.0,528,4,0.155236496631678,True,0,2,10
ridge_teacher_binary,2,7,128,moving,0.1550923981590695,0.15275443677257267,8,0,6,3,0.15375527908312298,0.15370635370130614,0.15508778464273676,0.15529191810817145,0.00020413346543468602,0.0,0.00019951994910194504,0.2210054123477631,0.2529116646284712,0.03190625228070809,0.0978192664694017,0.153755279083123,0.153755279083123,0.0,0.0,531,8,0.1530816241377691,False,74,19,121
ridge_teacher_binary,2,7,128,moving,0.1550923981590695,0.15275443677257267,8,1,1,2,0.15374106163055,0.1538797563117011,0.1551003802661154,0.15537858462986576,0.0002782043637503673,7.982107045889641e-06,0.0002861864707962569,0.23964720560745895,0.2702774622458989,0.030630256638439934,0.11518506408682938,0.1538797563117011,0.1538797563117011,0.0,0.0,546,8,0.1530816241377691,False,103,23,124
ridge_teacher_binary,2,7,128,moving,0.1550923981590695,0.15275443677257267,8,2,0,5,0.15376017941476766,0.15375389444567825,0.15508943375832226,0.155268017333588,0.00017858357526573387,0.0,0.00017561917451849873,0.23878326492888022,0.27239068211559614,0.03360741718671592,0.11729828395652664,0.15376017941476766,0.15376017941476766,0.0,0.0,525,8,0.1530816241377691,False,82,23,121
ridge_teacher_binary,2,8,8,fixed,0.2050128103309665,0.15296980600925103,7,0,0,2,0.1530196071002082,0.1530262431183475,0.20500792600100123,0.20527771943489187,0.00026979343389063604,0.0,0.0002649091039253759,0.31439138507056746,0.3504507695975322,0.03605938452696472,0.1454379592665657,1.9016669584736479,1.9016669584736479,0.0,1.6966541481426813,11,4,0.155236496631678,False,4,10,28
ridge_teacher_binary,2,8,8,fixed,0.2050128103309665,0.15296980600925103,7,1,5,3,0.1530965970493992,0.15299688714489995,0.2049678253388087,0.20509109113622848,0.0001232657974197804,0.0,7.828080526198211e-05,0.2945722730562189,0.3287100615086229,0.034137788452404005,0.12369725117765643,1.880939966769011,1.880939966769011,0.0,1.6759271564380445,11,4,0.155236496631678,False,2,5,22
ridge_teacher_binary,2,8,8,fixed,0.2050128103309665,0.15296980600925103,7,2,7,1,0.15310530999044386,0.15487967869577343,0.20494887715742324,0.20501754263820038,6.866548077713586e-05,0.0,4.732307233884514e-06,0.40995718720787755,0.44195032252471095,0.0319931353168334,0.23693751219374445,0.4272841008512478,0.4272841008512478,0.0,0.2222712905202813,11,4,0.155236496631678,True,0,10,30
ridge_teacher_binary,2,8,8,moving,0.20991410104830924,0.15296980600925103,7,0,3,1,0.15299688714489995,0.15487967869577343,0.20985757071805297,0.2099091550030679,5.158428501492174e-05,0.0,0.0,0.24365747082018432,0.2721350581027508,0.02847758728256647,0.062220957054441556,0.582450647197569,0.582450647197569,0.0,0.3725365461492598,11,2,0.21386053066305247,True,0,4,19
ridge_teacher_binary,2,8,8,moving,0.20991410104830924,0.15296980600925103,7,1,2,6,0.1530262431183475,0.15363720444691922,0.20983133345256144,0.20995345104527255,0.00012211759271110734,0.0,3.934999696331154e-05,0.36395913800525465,0.39736782068392484,0.0334086826786702,0.1874537196356156,2.0304082908523404,2.0304082908523404,0.0,1.8204941898040312,11,2,0.21386053066305247,False,1,5,24
ridge_teacher_binary,2,8,8,moving,0.20991410104830924,0.15296980600925103,7,2,7,5,0.15310530999044386,0.1530965970493992,0.20813832543992408,0.2089466081708527,0.0008082827309286167,0.0,0.0,0.20813799498844265,0.22886799831036359,0.02073000332192093,0.018953897262054348,1.880939966769011,1.880939966769011,0.0,1.6710258657207018,11,2,0.21386053066305247,True,0,0,7
ridge_teacher_binary,2,8,16,fixed,0.2050128103309665,0.15281037038244538,8,0,5,6,0.15460132542051913,0.15303225582949767,0.2046536979016147,0.2049351728805756,0.0002814749789609161,0.0,0.0,0.25305831736280493,0.28325376365458915,0.030195446291784223,0.07824095332362266,1.8804943387222406,1.8804943387222406,0.0,1.675481528391274,11,4,0.155236496631678,True,0,4,14
ridge_teacher_binary,2,8,16,fixed,0.2050128103309665,0.15281037038244538,8,1,7,1,0.15364315991974803,0.1542546128064457,0.20457400611631782,0.20500256812054582,0.0004285620042280003,0.0,0.0,0.20990653152343536,0.23514654894382378,0.025240017420388422,0.030133738612857286,0.711333651381918,0.711333651381918,0.0,0.5063208410509514,11,4,0.155236496631678,True,0,1,9
ridge_teacher_binary,2,8,16,fixed,0.2050128103309665,0.15281037038244538,8,2,0,2,0.1533005253582199,0.15531954509573537,0.20501545355189346,0.20508391103738505,6.845748549158537e-05,2.643220926967782e-06,7.110070641855315e-05,0.2580503642703884,0.2856275991718846,0.027577234901496217,0.08061478884091813,0.6249575600270106,0.6249575600270106,0.0,0.4199447496960441,11,4,0.155236496631678,False,3,2,22
ridge_teacher_binary,2,8,16,moving,0.1581348435156316,0.15281037038244538,8,0,3,0,0.15353615324566383,0.1533005253582199,0.15813133197100124,0.15817477705350744,4.3445082506199384e-05,0.0,3.993353787584697e-05,0.19323134358924765,0.21579403155965954,0.022562687970411888,0.05765918804402795,0.21386053066305247,0.21386053066305247,0.0,0.05572568714742088,41,2,0.21386053066305247,False,14,13,83
ridge_teacher_binary,2,8,16,moving,0.1581348435156316,0.15281037038244538,8,1,4,5,0.1534577518785633,0.15460132542051913,0.1581317486376571,0.15835766852746344,0.00022591988980633082,0.0,0.00022282501183185088,0.20509135469543266,0.23095597731182202,0.02586462261638936,0.07282113379619043,0.21386053066305247,0.21386053066305247,0.0,0.05572568714742088,44,2,0.21386053066305247,False,60,24,112
ridge_teacher_binary,2,8,16,moving,0.1581348435156316,0.15281037038244538,8,2,6,7,0.15303225582949767,0.15364315991974803,0.1581347984150745,0.15844171455576542,0.00030691614069092155,0.0,0.00030687104013382704,0.21281893733338897,0.2372908562801664,0.024471918946777443,0.07915601276453482,0.21386053066305247,0.21386053066305247,0.0,0.05572568714742088,35,2,0.21386053066305247,False,23,17,102
ridge_teacher_binary,2,8,32,fixed,0.2050128103309665,0.15275443677257267,8,0,4,2,0.15277122216592265,0.15378796285488272,0.20478837478928608,0.20493404727885725,0.00014567248957117473,0.0,0.0,0.30195410163708103,0.3379991518609438,0.036045050223862785,0.13298634152997732,0.155236496631678,0.155236496631678,0.0,0.0,77,4,0.155236496631678,True,0,6,16
ridge_teacher_binary,2,8,32,fixed,0.2050128103309665,0.15275443677257267,8,1,3,7,0.15286703023310766,0.15326324988874154,0.20194373962019135,0.2049894139094788,0.0030456742892874533,0.0,0.0,0.20550661442126428,0.22979369549448259,0.02428708107321831,0.024780885163516092,0.155236496631678,0.155236496631678,0.0,0.0,92,4,0.155236496631678,True,0,1,5
ridge_teacher_binary,2,8,32,fixed,0.2050128103309665,0.15275443677257267,8,2,6,1,0.15367304860546296,0.153447739466834,0.18128951284342987,0.1990975650202077,0.017808052176777833,0.0,0.0,0.18128951284342987,0.1990975650202077,0.017808052176777833,0.0,0.155236496631678,0.155236496631678,0.0,0.0,104,4,0.155236496631678,True,0,0,2
ridge_teacher_binary,2,8,32,moving,0.1564933889066534,0.15275443677257267,8,0,6,2,0.15367304860546296,0.15378796285488272,0.15649656903724146,0.15673878044554743,0.00024221140830596455,3.1801305880596598e-06,0.0002453915388940242,0.20918192516264805,0.23244033586428892,0.023258410701640864,0.07594694695763551,0.155236496631678,0.155236496631678,0.0,0.0,89,4,0.155236496631678,False,56,21,117
ridge_teacher_binary,2,8,32,moving,0.1564933889066534,0.15275443677257267,8,1,5,0,0.15400038240494549,0.15373938893548464,0.1564954332768827,0.15675386036667177,0.0002584270897890706,2.0443702292982646e-06,0.00026047146001836885,0.21690227742513007,0.24045627278767823,0.023553995362548152,0.08396288388102482,0.155236496631678,0.155236496631678,0.0,0.0,122,4,0.155236496631678,False,52,24,93
ridge_teacher_binary,2,8,32,moving,0.1564933889066534,0.15275443677257267,8,2,3,7,0.15286703023310766,0.15326324988874154,0.15649829117054545,0.15677050547091204,0.00027221430036658556,4.902263892048175e-06,0.00027711656425863374,0.20550661442126428,0.22979369549448259,0.02428708107321831,0.07330030658782918,0.155236496631678,0.155236496631678,0.0,0.0,92,4,0.155236496631678,False,40,22,103
ridge_teacher_binary,2,8,64,fixed,0.2050128103309665,0.15275443677257267,8,0,4,7,0.15378655410553657,0.1538386414489377,0.19473541209962858,0.2040210770245487,0.009285664924920112,0.0,0.0,0.19473528990969832,0.2187990731849369,0.024063783275238587,0.013786262853970416,0.155236496631678,0.155236496631678,0.0,0.0,256,4,0.155236496631678,True,0,0,3
ridge_teacher_binary,2,8,64,fixed,0.2050128103309665,0.15275443677257267,8,1,0,5,0.15395695798928852,0.15423000497489778,0.20437671630022103,0.2049309815241166,0.000554265223895567,0.0,0.0,0.21703649975859743,0.2408343410743503,0.023797841315752882,0.03582153074338382,0.155236496631678,0.155236496631678,0.0,0.0,294,4,0.155236496631678,True,0,1,8
ridge_teacher_binary,2,8,64,fixed,0.2050128103309665,0.15275443677257267,8,2,6,1,0.15371582437469947,0.15358919266233778,0.20456570664557794,0.2048539604933766,0.00028825384779865293,0.0,0.0,0.22244458976732545,0.2506679721658789,0.02822338239855343,0.04565516183491239,0.155236496631678,0.155236496631678,0.0,0.0,313,4,0.155236496631678,True,0,1,11
ridge_teacher_binary,2,8,64,moving,0.15573134508745612,0.15275443677257267,8,0,1,0,0.15358919266233778,0.15395695798928852,0.15573652971845195,0.15595409061303894,0.00021756089458699335,5.1846309958303305e-06,0.00022274552558282368,0.23345466202555054,0.26014813189463293,0.026693469869082387,0.10441678680717681,0.155236496631678,0.155236496631678,0.0,0.0,249,4,0.155236496631678,False,88,26,122
ridge_teacher_binary,2,8,64,moving,0.15573134508745612,0.15275443677257267,8,1,7,6,0.1538386414489377,0.15371582437469947,0.1557284245336108,0.15591769778936693,0.0001892732557561283,0.0,0.000186352701910808,0.23058863100055788,0.2603088475943607,0.029720216593802806,0.10457750250690456,0.1538386414489377,0.1538386414489377,0.0,0.0,200,16,0.15287507231243858,False,80,24,119
ridge_teacher_binary,2,8,64,moving,0.15573134508745612,0.15275443677257267,8,2,2,4,0.15368208422837545,0.15378655410553657,0.15573843396114231,0.1559147797201057,0.00017634575896338656,7.088873686195152e-06,0.0001834346326495817,0.22604305880025816,0.2537964118910638,0.02775335309080562,0.09806506680360766,0.15416486827543666,0.15416486827543666,0.0,0.0,200,8,0.1530816241377691,False,79,20,119
ridge_teacher_binary,2,8,128,fixed,0.2050128103309665,0.15275443677257267,8,0,0,1,0.1538750368711822,0.1537602280459621,0.202200447860034,0.20436426361458285,0.0021638157545488534,0.0,0.0,0.22173526205930286,0.25285836351142477,0.03112310145212191,0.04784555318045827,0.155236496631678,0.155236496631678,0.0,0.0,534,4,0.155236496631678,True,0,1,6
ridge_teacher_binary,2,8,128,fixed,0.2050128103309665,0.15275443677257267,8,1,3,7,0.1536014472850773,0.1537079979349221,0.20438576613120082,0.20471617106855636,0.0003304049373555329,0.0,0.0,0.22407451595830719,0.25490839455940284,0.030833878601095654,0.049895584228436346,0.155236496631678,0.155236496631678,0.0,0.0,555,4,0.155236496631678,True,0,1,11
ridge_teacher_binary,2,8,128,fixed,0.2050128103309665,0.15275443677257267,8,2,4,2,0.15367428956987306,0.1537690903899781,0.20365631290082048,0.20463719643971928,0.0009808835388988024,0.0,0.0,0.21637596741246184,0.2451478016290582,0.028771834216596348,0.0401349912980917,0.155236496631678,0.155236496631678,0.0,0.0,624,4,0.155236496631678,True,0,1,8
ridge_teacher_binary,2,8,128,moving,0.1550923981590695,0.15275443677257267,8,0,0,6,0.1538750368711822,0.15386707547973383,0.155086842448037,0.15529767021387056,0.00021082776583356,0.0,0.00020527205480105892,0.23473160317831937,0.2671408892782041,0.03240928609988475,0.11204849111913462,0.1538750368711822,0.1538750368711822,0.0,0.0,564,8,0.1530816241377691,False,67,21,123
ridge_teacher_binary,2,8,128,moving,0.1550923981590695,0.15275443677257267,8,1,5,2,0.15387171353339535,0.1537690903899781,0.1550941957071037,0.155294882034986,0.0002006863278823101,1.7975480341991812e-06,0.0002024838759165093,0.21810872288713237,0.24786871737091815,0.029759994483785773,0.09277631921184865,0.15387171353339535,0.15387171353339535,0.0,0.0,576,8,0.1530816241377691,False,81,19,122
ridge_teacher_binary,2,8,128,moving,0.1550923981590695,0.15275443677257267,8,2,3,7,0.1536014472850773,0.1537079979349221,0.15509644399650335,0.15529785462829296,0.00020141063178960583,4.0458374338525616e-06,0.0002054564692234584,0.22407451595830719,0.25490839455940284,0.030833878601095654,0.09981599640033334,0.15370799793492212,0.15370799793492212,0.0,0.0,555,8,0.1530816241377691,False,80,19,119
ridge_teacher_binary,2,9,8,fixed,0.2050128103309665,0.15296980600925103,8,0,0,1,0.1530025154936012,0.15300298042865762,0.2049512108904694,0.20501899798510623,6.778709463683974e-05,0.0,6.187654139733212e-06,0.22912638273876512,0.25726036029248706,0.028133977553721934,0.05224754996152056,1.956066489208467,1.956066489208467,0.0,1.7510536788775004,11,4,0.155236496631678,True,0,2,17
ridge_teacher_binary,2,9,8,fixed,0.2050128103309665,0.15296980600925103,8,1,5,6,0.15317890480555807,0.15402151212578388,0.20220649430497173,0.20471778107121616,0.0025112867662444305,0.0,0.0,0.21444903932377982,0.2266507876270718,0.012201748303291987,0.02163797729610531,0.42329467300710255,0.42329467300710255,0.0,0.21828186267613606,11,4,0.155236496631678,True,0,1,5
ridge_teacher_binary,2,9,8,fixed,0.2050128103309665,0.15296980600925103,8,2,2,7,0.1552919376602214,0.15410454754152486,0.20501476187564632,0.2050417812426038,2.7019366957481417e-05,1.9515446798290537e-06,2.897091163731047e-05,0.38396846493370534,0.4116120737112761,0.02764360877757077,0.20659926338030962,1.8027606485500287,1.8027606485500287,0.0,1.5977478382190622,11,4,0.155236496631678,False,3,6,24
ridge_teacher_binary,2,9,8,moving,0.20991410104830924,0.15296980600925103,8,0,6,0,0.15402151212578388,0.1530025154936012,0.20964691764261906,0.20987144515570624,0.000224527513087186,0.0,0.0,0.2410849322076794,0.27036642262145155,0.02928149041377215,0.060452321573142315,1.956066489208467,1.956066489208467,0.0,1.7461523881601577,11,2,0.21386053066305247,True,0,2,13
ridge_teacher_binary,2,9,8,moving,0.20991410104830924,0.15296980600925103,8,1,7,2,0.15410454754152486,0.1552919376602214,0.2096201524912901,0.20991456639168324,0.0002944139003931423,0.0,4.6534337400094827e-07,0.38396846493370534,0.4116120737112761,0.02764360877757077,0.20169797266296688,1.8027606485500287,1.8027606485500287,0.0,1.5928465475017195,11,2,0.21386053066305247,True,0,5,15
ridge_teacher_binary,2,9,8,moving,0.20991410104830924,0.15296980600925103,8,2,3,4,0.15325996165416403,0.15482319419517157,0.20931579263185313,0.2098747876794519,0.0005589950475987648,0.0,0.0,0.2199708024025791,0.24544626027097943,0.02547545786840033,0.035532159222670195,0.6334286149565713,0.6334286149565713,0.0,0.4235145139082621,11,2,0.21386053066305247,True,0,1,9
ridge_teacher_binary,2,9,16,fixed,0.2050128103309665,0.15281037038244538,8,0,3,4,0.1528657511207062,0.15284697643223055,0.20497920925660354,0.20501574540598916,3.6536149385618666e-05,0.0,2.935075022664213e-06,0.24284084361174443,0.2749489819268138,0.03210813831506934,0.06993617159584728,2.038798467619493,2.038798467619493,0.0,1.8337856572885263,11,4,0.155236496631678,True,0,4,24
ridge_teacher_binary,2,9,16,fixed,0.2050128103309665,0.15281037038244538,8,1,2,6,0.15296105290633244,0.15330021854680004,0.204529949241141,0.2048297078119231,0.00029975857078209933,0.0,0.0,0.21238614187447713,0.23882855353088792,0.026442411656410786,0.03381574319992142,1.9674590026139833,1.9674590026139833,0.0,1.7624461922830168,11,4,0.155236496631678,True,0,1,10
ridge_teacher_binary,2,9,16,fixed,0.2050128103309665,0.15281037038244538,8,2,7,0,0.1537962090119231,0.15370586341102488,0.2047889216992521,0.2049808856846464,0.0001919639853942834,0.0,0.0,0.2688398111287235,0.2970804202697694,0.02824060914104587,0.09206760993880289,1.815506724219968,1.815506724219968,0.0,1.6104939138890015,11,4,0.155236496631678,True,0,3,16
ridge_teacher_binary,2,9,16,moving,0.1581348435156316,0.15281037038244538,8,0,0,4,0.15370586341102488,0.15284697643223055,0.1593310769296052,0.16030617476699918,0.0009750978373939956,0.0011962334139735964,0.002171331251367592,0.24804656388146828,0.27803834163618335,0.029991777754715065,0.11990349812055176,0.21386053066305247,0.21386053066305247,0.0,0.05572568714742088,47,2,0.21386053066305247,False,66,24,101
ridge_teacher_binary,2,9,16,moving,0.1581348435156316,0.15281037038244538,8,1,1,5,0.15349092601466344,0.15297183818647195,0.15814348395971461,0.15863088792028743,0.0004874039605728131,8.640444083024557e-06,0.0004960444046558377,0.3200781432183659,0.3493234136039744,0.02924527038560848,0.1911885700883428,0.21386053066305247,0.21386053066305247,0.0,0.05572568714742088,47,2,0.21386053066305247,False,32,21,90
ridge_teacher_binary,2,9,16,moving,0.1581348435156316,0.15281037038244538,8,2,3,7,0.1528657511207062,0.1537962090119231,0.1581239330470716,0.1583881110959209,0.0002641780488493173,0.0,0.00025326758028931806,0.23841159516153915,0.2698178309137923,0.03140623575225315,0.11168298739816071,0.21386053066305247,0.21386053066305247,0.0,0.05572568714742088,55,2,0.21386053066305247,False,23,23,103
ridge_teacher_binary,2,9,32,fixed,0.2050128103309665,0.15275443677257267,8,0,6,5,0.15483701682562484,0.1529398103897723,0.1976353960200455,0.20045422043633174,0.0028188244162862253,0.0,0.0,0.1976351512369549,0.219012814092533,0.0213776628555781,0.014000003761566515,0.155236496631678,0.155236496631678,0.0,0.0,116,4,0.155236496631678,True,0,0,5
ridge_teacher_binary,2,9,32,fixed,0.2050128103309665,0.15275443677257267,8,1,1,4,0.153538100290673,0.15478167496500636,0.20428567425716787,0.20477720124511622,0.0004915269879483541,0.0,0.0,0.22531662206464956,0.250499731328225,0.02518310926357545,0.04548692099725851,0.15573875124740333,0.15573875124740333,0.0,0.0,107,4,0.155236496631678,True,0,3,10
ridge_teacher_binary,2,9,32,fixed,0.2050128103309665,0.15275443677257267,8,2,2,7,0.15379373485572345,0.15401179336595758,0.19820812913197583,0.20083231170390667,0.0026241825719308387,0.0,0.0,0.1982076531179702,0.21892404551580177,0.020716392397831573,0.01391123518483528,0.155236496631678,0.155236496631678,0.0,0.0,119,4,0.155236496631678,True,0,0,5
ridge_teacher_binary,2,9,32,moving,0.1564933889066534,0.15275443677257267,8,0,0,4,0.153695581588445,0.15478167496500636,0.15649773428079636,0.1567046433356629,0.0002069090548665331,4.345374142955549e-06,0.00021125442900948865,0.28366335471328674,0.31147907968873295,0.02781572497544621,0.15498569078207955,0.15573875124740333,0.15573875124740333,0.0,0.0,104,4,0.155236496631678,False,81,31,122
ridge_teacher_binary,2,9,32,moving,0.1564933889066534,0.15275443677257267,8,1,6,1,0.15483701682562484,0.153538100290673,0.15649511078685505,0.15670197638827657,0.00020686560142152421,1.7218802016438772e-06,0.0002085874816231681,0.2921445591115954,0.32109614180526974,0.028951582693674316,0.16460275289861634,0.155236496631678,0.155236496631678,0.0,0.0,107,4,0.155236496631678,False,91,30,121
ridge_teacher_binary,2,9,32,moving,0.1564933889066534,0.15275443677257267,8,2,3,2,0.15402688485715726,0.15379373485572345,0.1565007680540315,0.15667848452115224,0.00017771646712072542,7.379147378111517e-06,0.00018509561449883694,0.2089519137451213,0.23352947278385042,0.02457755903872913,0.07703608387719701,0.15819363849034412,0.15819363849034412,0.0,0.0017002495836907217,119,4,0.155236496631678,False,52,20,101
ridge_teacher_binary,2,9,64,fixed,0.2050128103309665,0.15275443677257267,8,0,7,4,0.15376450440152645,0.15378450811578032,0.20428886635570742,0.20473328565223448,0.00044441929652705436,0.0,0.0,0.2214370198329953,0.24969780647466805,0.028260786641672753,0.044684996143701555,0.155236496631678,0.155236496631678,0.0,0.0,265,4,0.155236496631678,True,0,3,8
ridge_teacher_binary,2,9,64,fixed,0.2050128103309665,0.15275443677257267,8,1,3,1,0.15363612462457804,0.15468459624977188,0.20448631826949246,0.20500367074818182,0.0005173524786893646,0.0,0.0,0.25898837556527926,0.2890577416348399,0.03006936606956062,0.08404493130387339,0.155236496631678,0.155236496631678,0.0,0.0,279,4,0.155236496631678,True,0,3,12
ridge_teacher_binary,2,9,64,fixed,0.2050128103309665,0.15275443677257267,8,2,5,2,0.1537792579171598,0.1536612293292226,0.20457672382385267,0.20482826735728435,0.0002515435334316807,0.0,0.0,0.2259515922254074,0.25215299052355433,0.02620139829814694,0.04714018019258784,0.155236496631678,0.155236496631678,0.0,0.0,200,4,0.155236496631678,True,0,1,10
ridge_teacher_binary,2,9,64,moving,0.15573134508745612,0.15275443677257267,8,0,4,3,0.15378450811578032,0.15363612462457804,0.155734796522822,0.15594910756624006,0.0002143110434180695,3.4514353658698926e-06,0.0002177624787839394,0.2239352199705063,0.2536594438919082,0.029724223921401893,0.09792809880445208,0.15378450811578032,0.15378450811578032,0.0,0.0,268,8,0.1530816241377691,False,50,24,99
ridge_teacher_binary,2,9,64,moving,0.15573134508745612,0.15275443677257267,8,1,1,6,0.15468459624977188,0.15382606919040565,0.15573128859650442,0.15597745522011844,0.00024616662361401365,0.0,0.0002461101326623194,0.22926809680558644,0.25462740005476403,0.025359303249177595,0.09889605496730791,0.155236496631678,0.155236496631678,0.0,0.0,248,4,0.155236496631678,False,83,27,121
ridge_teacher_binary,2,9,64,moving,0.15573134508745612,0.15275443677257267,8,2,0,5,0.15384342840446047,0.1537792579171598,0.1557384456570519,0.155904840090472,0.0001663944334201195,7.100569595769324e-06,0.00017349500301588883,0.24621834033245227,0.2750450745229478,0.02882673419049553,0.11931372943549168,0.15389622741664782,0.15389622741664782,0.0,0.0,185,8,0.1530816241377691,False,79,26,121
ridge_teacher_binary,2,9,128,fixed,0.2050128103309665,0.15275443677257267,8,0,1,3,0.15375325557438857,0.15381874642538437,0.20467390579485734,0.204904037775773,0.00023013198091567655,0.0,0.0,0.2403591196088651,0.27640689254312323,0.03604777293425812,0.07139408221215673,0.155236496631678,0.155236496631678,0.0,0.0,486,4,0.155236496631678,True,0,3,11
ridge_teacher_binary,2,9,128,fixed,0.2050128103309665,0.15275443677257267,8,1,7,5,0.15384089113864824,0.153737498387804,0.19710832974342363,0.2006855605332519,0.003577230789828273,0.0,0.0,0.19710800600838757,0.22385073481003764,0.026742728801650073,0.01883792447907115,0.155236496631678,0.155236496631678,0.0,0.0,549,4,0.155236496631678,True,0,0,5
ridge_teacher_binary,2,9,128,fixed,0.2050128103309665,0.15275443677257267,8,2,2,4,0.15378878906220877,0.15376169858871366,0.20330007040986847,0.20500064834435486,0.0017005779344863858,0.0,0.0,0.2250378985202118,0.25755853135757645,0.032520632837364644,0.052545721026609954,0.155236496631678,0.155236496631678,0.0,0.0,537,4,0.155236496631678,True,0,1,7
ridge_teacher_binary,2,9,128,moving,0.1550923981590695,0.15275443677257267,8,0,5,1,0.153737498387804,0.15375325557438857,0.1550995308232435,0.1553671496670251,0.00026761884378162515,7.132664173986614e-06,0.00027475150795561176,0.241056392564865,0.27675603641523916,0.03569964385037416,0.12166363825616966,0.1537532555743886,0.1537532555743886,0.0,0.0,537,8,0.1530816241377691,False,68,19,124
ridge_teacher_binary,2,9,128,moving,0.1550923981590695,0.15275443677257267,8,1,7,2,0.15384089113864824,0.15378878906220877,0.15509840672264405,0.15535943428272375,0.00026102756007970185,6.00856357454993e-06,0.0002670361236542518,0.2275458443155426,0.26033677904810903,0.032790934732566446,0.10524438088903953,0.15384089113864827,0.15384089113864827,0.0,0.0,528,8,0.1530816241377691,False,92,22,125
ridge_teacher_binary,2,9,128,moving,0.1550923981590695,0.15275443677257267,8,2,6,3,0.15391958838138048,0.15381874642538437,0.15510153902372395,0.15538548079767425,0.0002839417739503025,9.140864654449965e-06,0.0002930826386047525,0.23366889221037979,0.2676595723619397,0.03399068015155993,0.11256717420287021,0.15391958838138048,0.15391958838138048,0.0,0.0,525,8,0.1530816241377691,False,94,22,122
