dataset,input_dim,replicate,width,level_type,threshold,optimization_proxy,eligible_models,pair_index,model_left,model_right,endpoint_left,endpoint_right,sampled_path_max,certified_path_upper,certificate_width,sampled_gap,certified_gap_upper,direct_sampled_max,direct_certified_upper,direct_certificate_width,direct_certified_gap_upper,proof_node_max,proof_certified_upper,proof_certificate_width,proof_certified_gap_upper,proof_path_nodes,proof_bridge_width,proof_reference_objective,certified_below_level,unresolved_segments,trained_midpoints,path_nodes
ridge_teacher,4,0,8,fixed,0.011981431951708562,0.010835584810106493,8,0,0,7,0.010888732504082748,0.010835584810106493,0.011988604533221222,0.01199453870396587,5.934170744648429e-06,7.172581512660675e-06,1.3106752257309104e-05,0.09299271837461001,0.09436514152307544,0.001372423148465432,0.08238370957136688,0.1337573376032411,0.1337573376032411,0.0,0.12177590565153254,11,4,0.012014634933134118,False,3,15,47
ridge_teacher,4,0,8,fixed,0.011981431951708562,0.010835584810106493,8,1,3,6,0.01084316535054147,0.010872983481519112,0.01198432911236555,0.011991422692104473,7.093579738923217e-06,2.8971606569876823e-06,9.9907403959109e-06,0.03243454564248179,0.03304628263537051,0.0006117369928887173,0.02106485068366195,0.13464978003611539,0.13464978003611539,0.0,0.12266834808440683,11,4,0.012014634933134118,True,0,8,28
ridge_teacher,4,0,8,fixed,0.011981431951708562,0.010835584810106493,8,2,4,1,0.010974192496529426,0.01093036883378803,0.10996551342199787,0.1112895750597754,0.0013240616377775266,0.09798408147028931,0.09930814310806683,0.10996551342199787,0.1112895750597754,0.0013240616377775266,0.09930814310806683,0.13371099693911473,0.13371099693911473,0.0,0.12172956498740617,11,4,0.012014634933134118,False,1,0,2
ridge_teacher,4,0,8,moving,0.0129648100669282,0.010835584810106493,8,0,7,4,0.010835584810106493,0.010974192496529426,0.012972544430727893,0.012977965918577718,5.4214878498250185e-06,7.734363799694055e-06,1.3155851649519074e-05,0.10500062645796666,0.10644337097752564,0.001442744519558975,0.09347856091059745,0.1337573376032411,0.1337573376032411,0.0,0.1207925275363129,11,2,0.024665587825154742,False,2,18,44
ridge_teacher,4,0,8,moving,0.0129648100669282,0.010835584810106493,8,1,6,5,0.010872983481519112,0.01102115720126141,0.012965545591396186,0.012972934417293438,7.388825897252163e-06,7.355244679863732e-07,8.124350365238536e-06,0.05171430963426786,0.05246205380204746,0.0007477441677795973,0.03949724373511926,0.14842466700977025,0.14842466700977025,0.0,0.13545985694284204,11,2,0.024665587825154742,True,0,6,17
ridge_teacher,4,0,8,moving,0.0129648100669282,0.010835584810106493,8,2,1,0,0.01093036883378803,0.010888732504082748,0.012969830494863378,0.01297951177695796,9.681282094583035e-06,5.02042793517829e-06,1.4701710029761325e-05,0.10729237573680188,0.10874437862272245,0.001452002885920567,0.09577956855579425,0.13371099693911473,0.13371099693911473,0.0,0.12074618687218652,11,2,0.024665587825154742,False,4,17,41
ridge_teacher,4,0,16,fixed,0.011981431951708562,0.010739974505286794,8,0,5,3,0.010842691275475828,0.010810994961970287,0.011987751479841987,0.01199282650460852,5.075024766532793e-06,6.319528133425303e-06,1.1394552899958096e-05,0.09165332428908546,0.09303933638307546,0.0013860120939900022,0.0810579044313669,0.13345795560228377,0.13345795560228377,0.0,0.12147652365057521,40,4,0.012014634933134118,False,3,12,37
ridge_teacher,4,0,16,fixed,0.011981431951708562,0.010739974505286794,8,1,0,4,0.010758794272445915,0.01080189687711853,0.011979598461649761,0.011989870432643058,1.0271970993297116e-05,0.0,8.43848093449659e-06,0.07992881786594132,0.08110326380246194,0.0011744459365206211,0.06912183185075338,0.14842315459322808,0.14842315459322808,0.0,0.13644172264151952,11,4,0.012014634933134118,True,0,10,33
ridge_teacher,4,0,16,fixed,0.011981431951708562,0.010739974505286794,8,2,1,2,0.010857834906997859,0.010783042118468368,0.011978306953708157,0.011989199128355735,1.0892174647577843e-05,0.0,7.767176647173121e-06,0.05708678537092245,0.05810315039755806,0.0010163650266356156,0.0461217184458495,0.13375705406141372,0.13375705406141372,0.0,0.12177562210970516,11,4,0.012014634933134118,True,0,9,23
ridge_teacher,4,0,16,moving,0.011523900333927943,0.010739974505286794,8,0,0,3,0.010758794272445915,0.010810994961970287,0.011518481139369159,0.011533126044154683,1.4644904785523702e-05,0.0,9.225710226740125e-06,0.04474150991366868,0.04578804229933732,0.0010465323856686387,0.034264141965409375,0.13383512462116104,0.13383512462116104,0.0,0.1223112242872331,40,2,0.024665587825154742,True,0,9,29
ridge_teacher,4,0,16,moving,0.011523900333927943,0.010739974505286794,8,1,4,6,0.01080189687711853,0.010786672650710642,0.011529737053219129,0.01153683972177998,7.102668560850928e-06,5.836719291186024e-06,1.2939387852036952e-05,0.09048936842922799,0.09181622236152465,0.0013268539322966594,0.0802923220275967,0.024665587825154742,0.024665587825154742,0.0,0.0131416874912268,65,2,0.024665587825154742,False,6,16,54
ridge_teacher,4,0,16,moving,0.011523900333927943,0.010739974505286794,8,2,5,1,0.010842691275475828,0.010857834906997859,0.011531851625045993,0.011537426695492934,5.5750704469406664e-06,7.951291118050638e-06,1.3526361564991304e-05,0.04339445029445326,0.044355235450355066,0.0009607851559018041,0.03283133511642712,0.13345795560228377,0.13345795560228377,0.0,0.12193405526835582,42,2,0.024665587825154742,False,3,11,37
ridge_teacher,4,0,32,fixed,0.011981431951708562,0.010721955062073976,8,0,5,0,0.010755744705234964,0.010785858419978148,0.011967345266932501,0.01199102573683326,2.368046990075881e-05,0.0,9.593785124698342e-06,0.08159221603914685,0.08283217605641498,0.0012399600172681297,0.07085074410470642,0.012014634933134118,0.012014634933134118,0.0,3.320298142555668e-05,114,4,0.012014634933134118,True,0,10,22
ridge_teacher,4,0,32,fixed,0.011981431951708562,0.010721955062073976,8,1,3,1,0.010792065832428517,0.010729670975793228,0.01199063726359012,0.0119965528626597,5.9155990695791e-06,9.20531188155875e-06,1.512091095113785e-05,0.0709551052948587,0.07223034336610126,0.0012752380712425654,0.0602489114143927,0.012014634933134118,0.012014634933134118,0.0,3.320298142555668e-05,105,4,0.012014634933134118,False,4,6,25
ridge_teacher,4,0,32,fixed,0.011981431951708562,0.010721955062073976,8,2,6,4,0.010754558719067232,0.010751155582850454,0.011982382413155234,0.011990615193799826,8.23278064459275e-06,9.504614466721018e-07,9.183242091264851e-06,0.06255371444429153,0.06367598750894002,0.001122273064648488,0.05169455555723146,0.012014634933134118,0.012014634933134118,0.0,3.320298142555668e-05,126,4,0.012014634933134118,True,0,6,30
ridge_teacher,4,0,32,moving,0.011287951923809743,0.010721955062073976,8,0,4,6,0.010751155582850454,0.010754558719067232,0.011292281361434656,0.01129791764415778,5.636282723124261e-06,4.329437624912835e-06,9.965720348037096e-06,0.06255371444429153,0.06367598750894002,0.001122273064648488,0.05238803558513028,0.010791553700060507,0.010791553700060507,0.0,0.0,126,8,0.010791553700060507,True,0,12,43
ridge_teacher,4,0,32,moving,0.011287951923809743,0.010721955062073976,8,1,5,1,0.010755744705234964,0.010729670975793228,0.011294191033713345,0.011301999287886862,7.808254173517076e-06,6.239109903601742e-06,1.4047364077118818e-05,0.08804703722814143,0.08946212471043036,0.0014150874822889264,0.07817417278662062,0.010791553700060507,0.010791553700060507,0.0,0.0,117,8,0.010791553700060507,False,9,13,53
ridge_teacher,4,0,32,moving,0.011287951923809743,0.010721955062073976,8,2,2,3,0.010758209466246345,0.010792065832428517,0.011296123621293109,0.011302225826855786,6.1022055626771404e-06,8.171697483365728e-06,1.4273903046042868e-05,0.08493976693269069,0.08626048511914361,0.001320718186452921,0.07497253319533387,0.012014634933134118,0.012014634933134118,0.0,0.0007266830093243751,117,4,0.012014634933134118,False,12,12,57
ridge_teacher,4,0,64,fixed,0.011981431951708562,0.01072097372914641,8,0,1,3,0.010745839121060642,0.010749066069008422,0.011975301185939622,0.011989179515897652,1.3878329958029803e-05,0.0,7.7475641890902e-06,0.08194318112832806,0.08336764314039583,0.0014244620120677648,0.07138621118868727,0.012014634933134118,0.012014634933134118,0.0,3.320298142555668e-05,189,4,0.012014634933134118,True,0,10,22
ridge_teacher,4,0,64,fixed,0.011981431951708562,0.01072097372914641,8,1,5,4,0.01077015141393324,0.010746703649482658,0.011982105122466469,0.011990956653101762,8.851530635293342e-06,6.731707579074597e-07,9.524701393200802e-06,0.059247749715291266,0.06044248246560869,0.0011947327503174232,0.04846105051390013,0.012014634933134118,0.012014634933134118,0.0,3.320298142555668e-05,201,4,0.012014634933134118,True,0,5,27
ridge_teacher,4,0,64,fixed,0.011981431951708562,0.01072097372914641,8,2,0,6,0.010761746503757906,0.010762033795551275,0.011989241057914395,0.011993427048079468,4.185990165073497e-06,7.809106205833305e-06,1.1995096370906802e-05,0.06990216745099118,0.071182015406448,0.0012798479554568254,0.05920058345473944,0.012014634933134118,0.012014634933134118,0.0,3.320298142555668e-05,165,4,0.012014634933134118,False,4,7,28
ridge_teacher,4,0,64,moving,0.011121914090022531,0.01072097372914641,8,0,0,7,0.010761746503757906,0.010751711109242884,0.011125106018535459,0.011131921883079293,6.815864543834385e-06,3.1919285129276137e-06,1.0007793056761999e-05,0.07859034999757139,0.08000059036923668,0.001410240371665289,0.06887867627921415,0.010761746503757906,0.010761746503757906,0.0,0.0,183,16,0.010760859438055579,False,1,12,49
ridge_teacher,4,0,64,moving,0.011121914090022531,0.01072097372914641,8,1,5,1,0.01077015141393324,0.010745839121060642,0.011131460795899635,0.011138360316473759,6.899520574123186e-06,9.546705877104197e-06,1.6446226451227383e-05,0.08242806685743197,0.08379980204530736,0.0013717351878753947,0.07267788795528483,0.01077015141393324,0.01077015141393324,0.0,0.0,204,16,0.010760859438055579,False,6,12,52
ridge_teacher,4,0,64,moving,0.011121914090022531,0.01072097372914641,8,2,4,6,0.010746703649482658,0.010762033795551275,0.011121004106679336,0.01113055395310516,9.549846425824585e-06,0.0,8.639863082629193e-06,0.053433449265783,0.054538968186002984,0.0011055189202199833,0.043417054095980456,0.010762033795551275,0.010762033795551275,0.0,0.0,171,16,0.010760859438055579,True,0,12,39
ridge_teacher,4,0,128,fixed,0.011981431951708562,0.01072097372914641,8,0,5,3,0.010755183704508021,0.010756069345588856,0.011966869783574691,0.011989024269193344,2.2154485618652853e-05,0.0,7.5923174847822295e-06,0.08009923375920368,0.08154754276416253,0.0014483090049588476,0.06956611081245397,0.012014634933134118,0.012014634933134118,0.0,3.320298142555668e-05,261,4,0.012014634933134118,True,0,11,20
ridge_teacher,4,0,128,fixed,0.011981431951708562,0.01072097372914641,8,1,0,1,0.010781566979224817,0.010741502757209467,0.01197166230310662,0.011990920550985681,1.9258247879060456e-05,0.0,9.488599277119453e-06,0.05172601444637316,0.05296717598357625,0.001241161537203092,0.040985744031867694,0.012014634933134118,0.012014634933134118,0.0,3.320298142555668e-05,234,4,0.012014634933134118,True,0,5,17
ridge_teacher,4,0,128,fixed,0.011981431951708562,0.01072097372914641,8,2,6,2,0.010750091403229635,0.010768819723546074,0.011976740680240412,0.011990178547680634,1.3437867440221907e-05,0.0,8.746595972072488e-06,0.07437068915609171,0.07588596441346236,0.001515275257370649,0.0639045324617538,0.012014634933134118,0.012014634933134118,0.0,3.320298142555668e-05,222,4,0.012014634933134118,True,0,10,33
ridge_teacher,4,0,128,moving,0.011013441594172132,0.01072097372914641,8,0,0,3,0.010781566979224817,0.010756069345588856,0.011014886737743404,0.01102340628444071,8.519546697305716e-06,1.4451435712721505e-06,9.964690268577867e-06,0.08575651170394452,0.08728975891870672,0.0015332472147621956,0.07627631732453459,0.010781566979224819,0.010781566979224819,0.0,0.0,237,16,0.010760859438055579,True,0,13,57
ridge_teacher,4,0,128,moving,0.011013441594172132,0.01072097372914641,8,1,6,5,0.010750091403229635,0.010755183704508021,0.011016703449223376,0.0110233810305458,6.6775813224242975e-06,3.2618550512442807e-06,9.939436373668578e-06,0.074570913875005,0.07602991755512696,0.0014590036801219591,0.06501647596095483,0.010755183704508021,0.010755183704508021,0.0,0.0,243,32,0.010734249816403812,True,0,14,58
ridge_teacher,4,0,128,moving,0.011013441594172132,0.01072097372914641,8,2,4,7,0.010748760353742925,0.01073358672657905,0.011011846707460235,0.011022596230782849,1.0749523322613544e-05,0.0,9.154636610716332e-06,0.06506679485237486,0.06633632962007144,0.0012695347676965757,0.055322888025899304,0.010748760353742925,0.010748760353742925,0.0,0.0,243,32,0.010734249816403812,True,0,12,37
ridge_teacher,4,1,8,fixed,0.011981431951708562,0.010835584810106493,8,0,6,5,0.010983168877419522,0.010874872153131475,0.011981394431076788,0.011991008498868678,9.61406779188996e-06,0.0,9.57654716011655e-06,0.09603499069183255,0.09745314643265653,0.0014181557408239759,0.08547171448094797,0.14821648166876367,0.14821648166876367,0.0,0.1362350497170551,11,4,0.012014634933134118,True,0,17,45
ridge_teacher,4,1,8,fixed,0.011981431951708562,0.010835584810106493,8,1,0,1,0.01092299693121232,0.01090920634679501,0.07257739919798142,0.07374108763980691,0.001163688441825489,0.060595967246272864,0.06175965568809835,0.07257739919798142,0.07374108763980691,0.001163688441825489,0.06175965568809835,0.1479599674515832,0.1479599674515832,0.0,0.13597853549987465,11,4,0.012014634933134118,False,1,0,2
ridge_teacher,4,1,8,fixed,0.011981431951708562,0.010835584810106493,8,2,3,4,0.011010793454969189,0.010901514399030471,0.011980196812759747,0.011989140675571051,8.943862811304146e-06,0.0,7.708723862489414e-06,0.06911258929843492,0.07000860866982384,0.0008960193713889175,0.058027176718115275,0.14794138119644276,0.14794138119644276,0.0,0.1359599492447342,11,4,0.012014634933134118,True,0,13,33
ridge_teacher,4,1,8,moving,0.0129648100669282,0.010835584810106493,8,0,6,5,0.010983168877419522,0.010874872153131475,0.012964759282258246,0.012974209595726378,9.450313468132784e-06,0.0,9.399528798179069e-06,0.09603499069183255,0.09745314643265653,0.0014181557408239759,0.08448833636572833,0.14821648166876367,0.14821648166876367,0.0,0.13525167160183546,11,2,0.024665587825154742,True,0,11,31
ridge_teacher,4,1,8,moving,0.0129648100669282,0.010835584810106493,8,1,0,4,0.01092299693121232,0.010901514399030471,0.012945916613116797,0.012974331838856486,2.841522573968948e-05,0.0,9.521771928287098e-06,0.029780115509076194,0.03048889405391677,0.0007087785448405756,0.01752408398698857,0.13397067274958377,0.13397067274958377,0.0,0.12100586268265556,11,2,0.024665587825154742,True,0,7,15
ridge_teacher,4,1,8,moving,0.0129648100669282,0.010835584810106493,8,2,1,7,0.01090920634679501,0.010918071089061742,0.11144658082576678,0.11293915977121528,0.0014925789454485056,0.09848177075883857,0.09997434970428709,0.11144658082576678,0.11293915977121528,0.0014925789454485056,0.09997434970428709,0.1479599674515832,0.1479599674515832,0.0,0.134995157384655,11,2,0.024665587825154742,False,1,0,2
ridge_teacher,4,1,16,fixed,0.011981431951708562,0.010739974505286794,8,0,3,5,0.010780698571386473,0.010839409144250757,0.01198806645765836,0.011997851870982257,9.78541332389768e-06,6.6345059497978365e-06,1.6419919273695516e-05,0.07375131905178592,0.07496331329199249,0.0012119942402065709,0.06298188134028393,0.14851069218072588,0.14851069218072588,0.0,0.13652926022901732,11,4,0.012014634933134118,False,4,14,39
ridge_teacher,4,1,16,fixed,0.011981431951708562,0.010739974505286794,8,1,1,6,0.010755878231496157,0.01078860948427848,0.011982384988129022,0.011991042639942221,8.657651813199357e-06,9.530364204601155e-07,9.610688233659473e-06,0.06321094992495452,0.06420207850869905,0.0009911285837445327,0.05222064655699049,0.13605144578330092,0.13605144578330092,0.0,0.12407001383159236,11,4,0.012014634933134118,True,0,13,35
ridge_teacher,4,1,16,fixed,0.011981431951708562,0.010739974505286794,8,2,4,7,0.010739974505286794,0.010788472221467105,0.011982157593830867,0.011990585331334722,8.427737503854948e-06,7.256421223050119e-07,9.15337962615996e-06,0.09454347336134439,0.09579560185602343,0.001252128494679039,0.08381416990431487,0.14866365547439242,0.14866365547439242,0.0,0.13668222352268386,11,4,0.012014634933134118,True,0,11,29
ridge_teacher,4,1,16,moving,0.011523900333927943,0.010739974505286794,8,0,5,4,0.010839409144250757,0.010739974505286794,0.011532860494247456,0.011538083333097261,5.222838849804762e-06,8.960160319513438e-06,1.41829991693182e-05,0.0563038842927764,0.05730324402467832,0.0009993597319019193,0.045779343690750374,0.14866365547439242,0.14866365547439242,0.0,0.13713975514046448,11,2,0.024665587825154742,False,5,13,38
ridge_teacher,4,1,16,moving,0.011523900333927943,0.010739974505286794,8,1,2,1,0.010799936888036276,0.010755878231496157,0.011529885852426348,0.011536641761575213,6.755909148864481e-06,5.985518498405687e-06,1.2741427647270168e-05,0.10257325265832362,0.10389317082661151,0.0013199181682878869,0.09236927049268356,0.13312831495441185,0.13312831495441185,0.0,0.12160441462048391,48,2,0.024665587825154742,False,3,17,55
ridge_teacher,4,1,16,moving,0.011523900333927943,0.010739974505286794,8,2,7,6,0.010788472221467105,0.01078860948427848,0.01152762341004937,0.011533394797692517,5.77138764314665e-06,3.723076121427485e-06,9.494463764574135e-06,0.08245966258325389,0.08373985918157435,0.00128019659832046,0.07221595884764641,0.14833355071280646,0.14833355071280646,0.0,0.13680965037887852,45,2,0.024665587825154742,True,0,13,42
ridge_teacher,4,1,32,fixed,0.011981431951708562,0.010721955062073976,8,0,5,0,0.010796262866199925,0.0107987698688059,0.011983405601001992,0.011988072907470039,4.667306468046986e-06,1.973649293430385e-06,6.640955761477371e-06,0.055285303719582374,0.05635396456158826,0.0010686608420058877,0.0443725326098797,0.012014634933134118,0.012014634933134118,0.0,3.320298142555668e-05,111,4,0.012014634933134118,True,0,6,22
ridge_teacher,4,1,32,fixed,0.011981431951708562,0.010721955062073976,8,1,6,4,0.010772974681686469,0.010736832503543714,0.011968443743930674,0.011990704167407532,2.226042347685739e-05,0.0,9.272215698970243e-06,0.05748483818912933,0.05864094294004936,0.0011561047509200326,0.0466595109883408,0.012014634933134118,0.012014634933134118,0.0,3.320298142555668e-05,135,4,0.012014634933134118,True,0,7,21
ridge_teacher,4,1,32,fixed,0.011981431951708562,0.010721955062073976,8,2,2,7,0.010734650664881565,0.010741339396471448,0.011970895727905445,0.0119895704640584,1.8674736152956076e-05,0.0,8.138512349839186e-06,0.059912555678225114,0.060942093300862046,0.001029537622636932,0.048960661349153486,0.012014634933134118,0.012014634933134118,0.0,3.320298142555668e-05,135,4,0.012014634933134118,True,0,10,17
ridge_teacher,4,1,32,moving,0.011287951923809743,0.010721955062073976,8,0,3,4,0.010746973989468174,0.010736832503543714,0.011287058112652638,0.011297497840954756,1.0439728302117507e-05,0.0,9.545917145012406e-06,0.07513482986449657,0.07640182646038589,0.0012669965958893165,0.06511387453657615,0.010791553700060507,0.010791553700060507,0.0,0.0,132,8,0.010791553700060507,True,0,12,32
ridge_teacher,4,1,32,moving,0.011287951923809743,0.010721955062073976,8,1,0,1,0.0107987698688059,0.010809852297952553,0.011294650498231735,0.011300638610265366,5.98811203363081e-06,6.698574421992037e-06,1.2686686455622848e-05,0.07858111349054143,0.07993757005682922,0.0013564565662877864,0.06864961813301948,0.010809852297952553,0.010809852297952553,0.0,0.0,108,8,0.010791553700060507,False,6,15,50
ridge_teacher,4,1,32,moving,0.011287951923809743,0.010721955062073976,8,2,2,7,0.010734650664881565,0.010741339396471448,0.01129084267260363,0.01129789835737972,7.055684776090601e-06,2.890748793886455e-06,9.946433569977056e-06,0.059912555678225114,0.060942093300862046,0.001029537622636932,0.049654141377052305,0.010791553700060507,0.010791553700060507,0.0,0.0,135,8,0.010791553700060507,True,0,13,34
ridge_teacher,4,1,64,fixed,0.011981431951708562,0.01072097372914641,8,0,6,2,0.010736874126114859,0.010765819297148968,0.011954524488296356,0.0119775853915533,2.306090325694503e-05,0.0,0.0,0.06519414346446012,0.06642990755746837,0.0012357640930082542,0.054448475605759813,0.012014634933134118,0.012014634933134118,0.0,3.320298142555668e-05,198,4,0.012014634933134118,True,0,10,17
ridge_teacher,4,1,64,fixed,0.011981431951708562,0.01072097372914641,8,1,4,1,0.01079196534809855,0.010770387110993988,0.011981026243747014,0.011991159566821917,1.0133323074902612e-05,0.0,9.72761511335539e-06,0.06290858642131969,0.06419514303399501,0.0012865566126753214,0.05221371108228645,0.012014634933134118,0.012014634933134118,0.0,3.320298142555668e-05,207,4,0.012014634933134118,True,0,7,27
ridge_teacher,4,1,64,fixed,0.011981431951708562,0.01072097372914641,8,2,7,0,0.010756921786935016,0.010745921005266475,0.0119690912446869,0.011989538329402062,2.0447084715161795e-05,0.0,8.106377693500519e-06,0.06598378856668342,0.06735123648508626,0.0013674479184028338,0.0553698045333777,0.012014634933134118,0.012014634933134118,0.0,3.320298142555668e-05,189,4,0.012014634933134118,True,0,8,25
ridge_teacher,4,1,64,moving,0.011121914090022531,0.01072097372914641,8,0,3,5,0.010730111513803476,0.010734138101816098,0.011130261259730765,0.011136371674863765,6.1104151329993e-06,8.34716970823414e-06,1.445758484123344e-05,0.06819021928872421,0.0695439191417521,0.0013536998530278982,0.05842200505172958,0.010760859438055579,0.010760859438055579,0.0,0.0,204,16,0.010760859438055579,False,4,13,54
ridge_teacher,4,1,64,moving,0.011121914090022531,0.01072097372914641,8,1,6,0,0.010736874126114859,0.010745921005266475,0.011129697397750838,0.011134652945868415,4.955548117576564e-06,7.783307728307168e-06,1.2738855845883731e-05,0.05907886611525334,0.06035246957798861,0.001273603462735265,0.04923055548796608,0.010760859438055579,0.010760859438055579,0.0,0.0,192,16,0.010760859438055579,False,5,12,39
ridge_teacher,4,1,64,moving,0.011121914090022531,0.01072097372914641,8,2,4,7,0.01079196534809855,0.010756921786935016,0.011118499446228634,0.011129323976436633,1.082453020799859e-05,0.0,7.4098864141017295e-06,0.055746404443500805,0.056912722299104504,0.001166317855603699,0.045790808209081976,0.01079196534809855,0.01079196534809855,0.0,0.0,198,8,0.010791553700060507,True,0,12,29
ridge_teacher,4,1,128,fixed,0.011981431951708562,0.01072097372914641,8,0,2,0,0.010736727823458567,0.01077976852165179,0.011971402881470323,0.011991431309367993,2.002842789767048e-05,0.0,9.999357659431704e-06,0.08222219284628038,0.08376207844961357,0.0015398856033331937,0.07178064649790501,0.012014634933134118,0.012014634933134118,0.0,3.320298142555668e-05,249,4,0.012014634933134118,True,0,11,26
ridge_teacher,4,1,128,fixed,0.011981431951708562,0.01072097372914641,8,1,5,7,0.010744639973149913,0.01073955688832154,0.01196973463492346,0.01199040845790395,2.0673822980489878e-05,0.0,8.976506195388506e-06,0.07929407962333333,0.08075048378232023,0.0014564041589869015,0.06876905183061167,0.012014634933134118,0.012014634933134118,0.0,3.320298142555668e-05,270,4,0.012014634933134118,True,0,11,29
ridge_teacher,4,1,128,fixed,0.011981431951708562,0.01072097372914641,8,2,1,4,0.010778874506898841,0.01076613328662873,0.011971001137467243,0.011988204224377573,1.7203086910329984e-05,0.0,6.772272669011009e-06,0.07493299254344886,0.07640186424590112,0.0014688717024522596,0.06442043229419256,0.012014634933134118,0.012014634933134118,0.0,3.320298142555668e-05,246,4,0.012014634933134118,True,0,8,19
ridge_teacher,4,1,128,moving,0.011013441594172132,0.01072097372914641,8,0,6,4,0.01075563930058943,0.01076613328662873,0.011012958954176049,0.011021762776627107,8.803822451058582e-06,0.0,8.32118245497511e-06,0.06736238656262948,0.06865583390409359,0.0012934473414641101,0.05764239230992146,0.01076613328662873,0.01076613328662873,0.0,0.0,258,16,0.010760859438055579,True,0,12,43
ridge_teacher,4,1,128,moving,0.011013441594172132,0.01072097372914641,8,1,1,3,0.010778874506898841,0.010753291644985771,0.01101328925015061,0.011022951674265898,9.662424115288587e-06,0.0,9.510080093765721e-06,0.06549132739258154,0.06684723176097346,0.0013559043683919192,0.055833790166801324,0.010778874506898841,0.010778874506898841,0.0,0.0,252,16,0.010760859438055579,True,0,13,48
ridge_teacher,4,1,128,moving,0.011013441594172132,0.01072097372914641,8,2,0,2,0.01077976852165179,0.010736727823458567,0.011022754205836429,0.01102836506141891,5.610855582481242e-06,9.312611664296505e-06,1.4923467246777747e-05,0.08222219284628038,0.08376207844961357,0.0015398856033331937,0.07274863685544145,0.01077976852165179,0.01077976852165179,0.0,0.0,249,16,0.010760859438055579,False,5,13,54
ridge_teacher,4,2,8,fixed,0.011981431951708562,0.010835584810106493,7,0,0,2,0.010852842562656409,0.011006050377202111,0.1278350660580666,0.12939360787131668,0.001558541813250075,0.11585363410635804,0.11741217591960812,0.1278350660580666,0.12939360787131668,0.001558541813250075,0.11741217591960812,0.14827790722353218,0.14827790722353218,0.0,0.13629647527182362,11,4,0.012014634933134118,False,1,0,2
ridge_teacher,4,2,8,fixed,0.011981431951708562,0.010835584810106493,7,1,5,1,0.010861076416271065,0.01098852296451381,0.04265016561970568,0.04329220021828821,0.0006420345985825304,0.03066873366799712,0.03131076826657965,0.07777579661911789,0.07884730066028638,0.0010715040411684862,0.06686586870857782,0.13415494984557444,0.13415494984557444,0.0,0.12217351789386588,11,4,0.012014634933134118,False,3,6,26
ridge_teacher,4,2,8,fixed,0.011981431951708562,0.010835584810106493,7,2,7,3,0.010933475607827866,0.011989206427279507,0.011990632860095812,0.011996202822143085,5.569962047273849e-06,9.200908387249976e-06,1.4770870434523825e-05,0.027162059600333938,0.027702757724064483,0.0005406981237305458,0.015721325772355924,0.14840956174030637,0.14840956174030637,0.0,0.1364281297885978,11,4,0.012014634933134118,False,4,13,48
ridge_teacher,4,2,8,moving,0.0129648100669282,0.010835584810106493,8,0,4,0,0.010838083840720941,0.010852842562656409,0.012957156115188946,0.01297014045549756,1.2984340308613493e-05,0.0,5.3303885693602865e-06,0.06243536275801611,0.06351822347526531,0.0010828607172492025,0.05055341340833711,0.1338256213833996,0.1338256213833996,0.0,0.12086081131647139,11,2,0.024665587825154742,True,0,11,23
ridge_teacher,4,2,8,moving,0.0129648100669282,0.010835584810106493,8,1,1,3,0.01098852296451381,0.011989206427279507,0.012973246095834312,0.01297735806492435,4.11196909003847e-06,8.436028906112433e-06,1.2547997996150903e-05,0.0635928387930452,0.0645069865745323,0.0009141477814871013,0.0515421765076041,0.14617633471905253,0.14617633471905253,0.0,0.13321152465212432,11,2,0.024665587825154742,False,8,10,42
ridge_teacher,4,2,8,moving,0.0129648100669282,0.010835584810106493,8,2,6,7,0.011997561209127568,0.010933475607827866,0.012966555476691951,0.012983642198629856,1.708672193790478e-05,1.7454097637516208e-06,1.88321317016564e-05,0.10495149675410032,0.1062083040042397,0.00125680725013938,0.09324349393731149,0.14840956174030637,0.14840956174030637,0.0,0.13544475167337816,11,2,0.024665587825154742,False,3,20,52
ridge_teacher,4,2,16,fixed,0.011981431951708562,0.010739974505286794,8,0,3,0,0.010840353083642163,0.010791066919337716,0.011980288366232501,0.011991003366876519,1.0715000644017508e-05,0.0,9.57141516795719e-06,0.083304836697728,0.08454227339251816,0.0012374366947901644,0.0725608414408096,0.13307355519366246,0.13307355519366246,0.0,0.1210921232419539,11,4,0.012014634933134118,True,0,9,26
ridge_teacher,4,2,16,fixed,0.011981431951708562,0.010739974505286794,8,1,6,1,0.01081224598011752,0.010828547000185691,0.01198936198120384,0.01199438177001768,5.0197888138391045e-06,7.930029495279226e-06,1.294981830911833e-05,0.05801682067575826,0.05916110153692191,0.0011442808611636518,0.04717966958521335,0.13488511994327215,0.13488511994327215,0.0,0.12290368799156359,11,4,0.012014634933134118,False,4,11,34
ridge_teacher,4,2,16,fixed,0.011981431951708562,0.010739974505286794,8,2,2,5,0.010794566580855402,0.010825771697480146,0.011974027363643005,0.01199131123925918,1.7283875616174935e-05,0.0,9.87928755061783e-06,0.05266301773182002,0.05371400206022053,0.001050984328400506,0.04173257010851197,0.13399508535580404,0.13399508535580404,0.0,0.12201365340409548,28,4,0.012014634933134118,True,0,8,20
ridge_teacher,4,2,16,moving,0.011523900333927943,0.010739974505286794,8,0,2,4,0.010794566580855402,0.010791586463020772,0.011526327137183172,0.011533373252746896,7.046115563723657e-06,2.4268032552295093e-06,9.472918818953166e-06,0.06208074503094221,0.06303894109726575,0.0009581960663235453,0.05151504076333781,0.024665587825154742,0.024665587825154742,0.0,0.0131416874912268,77,2,0.024665587825154742,True,0,11,39
ridge_teacher,4,2,16,moving,0.011523900333927943,0.010739974505286794,8,1,6,3,0.01081224598011752,0.010840353083642163,0.01152404477898556,0.011533716111192686,9.671332207125682e-06,1.444450576180284e-07,9.81577726474371e-06,0.07166923413947893,0.07291882288831211,0.0012495887488331858,0.06139492255438417,0.024665587825154742,0.024665587825154742,0.0,0.0131416874912268,68,2,0.024665587825154742,True,0,12,40
ridge_teacher,4,2,16,moving,0.011523900333927943,0.010739974505286794,8,2,7,0,0.010842566158630646,0.010791066919337716,0.011532429857544787,0.011540484276125806,8.054418581019199e-06,8.529523616844503e-06,1.6583942197863702e-05,0.06846798582886968,0.06970351198616127,0.001235526157291597,0.05817961165223333,0.024665587825154742,0.024665587825154742,0.0,0.0131416874912268,69,2,0.024665587825154742,False,7,15,56
ridge_teacher,4,2,32,fixed,0.011981431951708562,0.010721955062073976,8,0,0,3,0.010751794028846583,0.010764362315007778,0.011985941543415935,0.011991148100463232,5.206557047296098e-06,4.509591707373833e-06,9.716148754669932e-06,0.054269738624665796,0.05532576685052321,0.0010560282258574166,0.04334433489881465,0.012014634933134118,0.012014634933134118,0.0,3.320298142555668e-05,123,4,0.012014634933134118,True,0,7,28
ridge_teacher,4,2,32,fixed,0.011981431951708562,0.010721955062073976,8,1,6,2,0.010767266245814464,0.010771591839925997,0.011978679387944894,0.011989607580743064,1.0928192798170117e-05,0.0,8.17562903450246e-06,0.05989748477747655,0.06112617375163258,0.0012286889741560322,0.04914474179992402,0.012014634933134118,0.012014634933134118,0.0,3.320298142555668e-05,126,4,0.012014634933134118,True,0,7,29
ridge_teacher,4,2,32,fixed,0.011981431951708562,0.010721955062073976,8,2,4,1,0.010734266045316786,0.010762480038900775,0.011985170083362208,0.011991468591673875,6.298508311667131e-06,3.7381316536459763e-06,1.0036639965313107e-05,0.08317547743875298,0.08459339076367024,0.0014179133249172665,0.07261195881196168,0.012014634933134118,0.012014634933134118,0.0,3.320298142555668e-05,147,4,0.012014634933134118,False,2,9,35
ridge_teacher,4,2,32,moving,0.011287951923809743,0.010721955062073976,8,0,2,0,0.010771591839925997,0.010751794028846583,0.011293015251395363,0.011298916059664214,5.90080826885081e-06,5.063327585619684e-06,1.0964135854470494e-05,0.0893484125358747,0.0907677489559416,0.001419336420066905,0.07947979703213186,0.010791553700060507,0.010791553700060507,0.0,0.0,120,8,0.010791553700060507,False,6,14,54
ridge_teacher,4,2,32,moving,0.011287951923809743,0.010721955062073976,8,1,4,3,0.010734266045316786,0.010764362315007778,0.01129603281050847,0.011300299612874917,4.266802366446887e-06,8.080886698727183e-06,1.234768906517407e-05,0.06568191224583926,0.0669665808210365,0.0012846685751972398,0.05567862889722676,0.012014634933134118,0.012014634933134118,0.0,0.0007266830093243751,144,4,0.012014634933134118,False,5,10,44
ridge_teacher,4,2,32,moving,0.011287951923809743,0.010721955062073976,8,2,7,1,0.010731731766906345,0.010762480038900775,0.011283575311518605,0.011295793075586138,1.2217764067533332e-05,0.0,7.841151776395022e-06,0.06406926697229266,0.0652750537189528,0.0012057867466601369,0.05398710179514306,0.010791553700060507,0.010791553700060507,0.0,0.0,132,8,0.010791553700060507,True,0,11,35
ridge_teacher,4,2,64,fixed,0.011981431951708562,0.01072097372914641,8,0,7,4,0.010722842744872446,0.010733166183377114,0.0119895992373369,0.01199544811563874,5.848878301840249e-06,8.167285628338586e-06,1.4016163930178835e-05,0.068047119234906,0.06930269288241254,0.0012555736475065443,0.057321260930703985,0.012014634933134118,0.012014634933134118,0.0,3.320298142555668e-05,201,4,0.012014634933134118,False,3,10,28
ridge_teacher,4,2,64,fixed,0.011981431951708562,0.01072097372914641,8,1,2,6,0.010759051774279936,0.010730460831968448,0.011977355606888947,0.011990942147833781,1.3586540944833525e-05,0.0,9.510196125219264e-06,0.08004513384790742,0.08146558333535507,0.0014204494874476559,0.06948415138364651,0.012014634933134118,0.012014634933134118,0.0,3.320298142555668e-05,192,4,0.012014634933134118,True,0,9,24
ridge_teacher,4,2,64,fixed,0.011981431951708562,0.01072097372914641,8,2,5,3,0.010723217683363463,0.01073834414742012,0.01197863687872839,0.011990073624921589,1.143674619319933e-05,0.0,8.641673213027196e-06,0.07659372104926171,0.07800839868757974,0.0014146776383180265,0.06602696673587118,0.012014634933134118,0.012014634933134118,0.0,3.320298142555668e-05,189,4,0.012014634933134118,True,0,11,21
ridge_teacher,4,2,64,moving,0.011121914090022531,0.01072097372914641,8,0,1,5,0.010758361189777008,0.010723217683363463,0.011131266954027998,0.011136035373936901,4.768419908903268e-06,9.352864005466796e-06,1.4121283914370064e-05,0.06623655667894647,0.06752674805966265,0.001290191380716177,0.05640483396964012,0.010758361189777008,0.010758361189777008,0.0,0.0,163,32,0.010734249816403812,False,6,12,45
ridge_teacher,4,2,64,moving,0.011121914090022531,0.01072097372914641,8,1,0,6,0.010740447847615114,0.010730460831968448,0.011130826365790913,0.011137469533244683,6.643167453770221e-06,8.912275768381897e-06,1.5555443222152118e-05,0.07486469533053278,0.07630045146834816,0.0014357561378153805,0.06517853737832563,0.010740447847615114,0.010740447847615114,0.0,0.0,186,32,0.010734249816403812,False,7,12,57
ridge_teacher,4,2,64,moving,0.011121914090022531,0.01072097372914641,8,2,7,2,0.010722842744872446,0.010759051774279936,0.011126480261762647,0.011134766764048532,8.28650228588447e-06,4.5661717401161706e-06,1.285267402600064e-05,0.08816423181532826,0.08956328327140312,0.0013990514560748568,0.07844136918138059,0.010760859438055579,0.010760859438055579,0.0,0.0,201,16,0.010760859438055579,False,8,13,49
ridge_teacher,4,2,128,fixed,0.011981431951708562,0.01072097372914641,8,0,3,5,0.010743640069858474,0.010741795904675815,0.011966147550232164,0.011989375998778312,2.3228448546148278e-05,0.0,7.944047069750187e-06,0.06627382801746196,0.06763453535565979,0.0013607073381978335,0.05565310340395123,0.012014634933134118,0.012014634933134118,0.0,3.320298142555668e-05,246,4,0.012014634933134118,True,0,10,19
ridge_teacher,4,2,128,fixed,0.011981431951708562,0.01072097372914641,8,1,7,2,0.01072294092143901,0.010755153419584253,0.011964218660382265,0.011983661219694223,1.9442559311957583e-05,0.0,2.2292679856608655e-06,0.07915043945475526,0.08057314580157171,0.0014227063468164464,0.06859171384986315,0.012014634933134118,0.012014634933134118,0.0,3.320298142555668e-05,252,4,0.012014634933134118,True,0,10,20
ridge_teacher,4,2,128,fixed,0.011981431951708562,0.01072097372914641,8,2,6,0,0.010782158388395682,0.010755456988222285,0.011987674765550703,0.011993850802003856,6.176036453153094e-06,6.242813842141301e-06,1.2418850295294395e-05,0.07026911195767373,0.07162292264169597,0.0013538106840222386,0.059641490689987406,0.012014634933134118,0.012014634933134118,0.0,3.320298142555668e-05,258,4,0.012014634933134118,False,3,9,23
ridge_teacher,4,2,128,moving,0.011013441594172132,0.01072097372914641,8,0,7,0,0.01072294092143901,0.010755456988222285,0.011013233913900466,0.011023267663312006,1.0033749411539339e-05,0.0,9.82606913987362e-06,0.07036323615121874,0.07176355599387145,0.0014003198426527086,0.060750114399699316,0.010755456988222285,0.010755456988222285,0.0,0.0,261,32,0.010734249816403812,True,0,13,53
ridge_teacher,4,2,128,moving,0.011013441594172132,0.01072097372914641,8,1,1,5,0.010772157079509823,0.010741795904675815,0.011017528291328961,0.011022970705406025,5.4424140770639035e-06,4.086697156829161e-06,9.529111233893064e-06,0.0675816022476981,0.06893136058027062,0.0013497583325725176,0.057917918986098486,0.010772157079509823,0.010772157079509823,0.0,0.0,261,16,0.010760859438055579,True,0,13,43
ridge_teacher,4,2,128,moving,0.011013441594172132,0.01072097372914641,8,2,4,6,0.01075688768025051,0.010782158388395682,0.011011970088604491,0.011021604290275162,9.634201670671166e-06,0.0,8.162696103030179e-06,0.06665840667431006,0.06798181699954563,0.0013234103252355717,0.05696837540537349,0.010782158388395682,0.010782158388395682,0.0,0.0,249,16,0.010760859438055579,True,0,13,44
ridge_teacher,4,3,8,fixed,0.011981431951708562,0.010835584810106493,8,0,3,2,0.010905932197913944,0.010987122070195992,0.0119807954707481,0.01199488379199924,1.4088321251140914e-05,0.0,1.3451840290678446e-05,0.10119802918064055,0.10250737647567369,0.0013093472950331392,0.09052594452396513,0.14762465904954494,0.14762465904954494,0.0,0.13564322709783638,11,4,0.012014634933134118,False,3,19,54
ridge_teacher,4,3,8,fixed,0.011981431951708562,0.010835584810106493,8,1,5,1,0.0108893405210837,0.010910177836408918,0.011990174856861355,0.011998496820227487,8.321963366132029e-06,8.742905152793815e-06,1.7064868518925844e-05,0.09467921951640344,0.09606450561749162,0.001385286101088179,0.08408307366578306,0.13353800463771495,0.13353800463771495,0.0,0.12155657268600639,11,4,0.012014634933134118,False,5,15,49
ridge_teacher,4,3,8,fixed,0.011981431951708562,0.010835584810106493,8,2,0,6,0.0108990968668751,0.010880644032143732,0.01198681215586749,0.011991889511622491,5.077355755001012e-06,5.38020415892862e-06,1.0457559913929632e-05,0.0718505250656167,0.07287709134483218,0.0010265662792154767,0.06089565939312362,0.1480910608698966,0.1480910608698966,0.0,0.13610962891818804,11,4,0.012014634933134118,False,1,14,42
ridge_teacher,4,3,8,moving,0.0129648100669282,0.010835584810106493,8,0,5,4,0.0108893405210837,0.010856435645033117,0.012971760408386428,0.012987872241190806,1.6111832804378487e-05,6.950341458228371e-06,2.3062174262606858e-05,0.1123577140638606,0.11385439073573422,0.0014966766718736285,0.10088958066880602,0.14817281900880636,0.14817281900880636,0.0,0.13520800894187815,11,2,0.024665587825154742,False,7,18,57
ridge_teacher,4,3,8,moving,0.0129648100669282,0.010835584810106493,8,1,3,6,0.010905932197913944,0.010880644032143732,0.012928937970896882,0.012972587731220325,4.3649760323442865e-05,0.0,7.777664292125258e-06,0.024441305105587546,0.02497002772207825,0.0005287226164907045,0.01200521765515005,0.1480910608698966,0.1480910608698966,0.0,0.1351262508029684,11,2,0.024665587825154742,True,0,4,7
ridge_teacher,4,3,8,moving,0.0129648100669282,0.010835584810106493,8,2,2,7,0.010987122070195992,0.010887856044109294,0.012971712053476143,0.012977860995363733,6.148941887589715e-06,6.901986547944161e-06,1.3050928435533876e-05,0.12075637404951838,0.12223547405870697,0.0014791000091885914,0.10927066399177876,0.13350512817622115,0.13350512817622115,0.0,0.12054031810929294,11,2,0.024665587825154742,False,2,18,51
ridge_teacher,4,3,16,fixed,0.011981431951708562,0.010739974505286794,8,0,2,3,0.0107679749983682,0.010780177355501913,0.011989532682801379,0.011997925741357452,8.39305855607382e-06,8.100731092816962e-06,1.6493789648890783e-05,0.09772346757190528,0.09910088965381596,0.0013774220819106758,0.0871194577021074,0.14887148009177179,0.14887148009177179,0.0,0.13689004814006323,11,4,0.012014634933134118,False,8,13,38
ridge_teacher,4,3,16,fixed,0.011981431951708562,0.010739974505286794,8,1,6,1,0.010769291640827077,0.010862059682517019,0.011967637195816208,0.011991240583751263,2.3603387935054385e-05,0.0,9.808632042701201e-06,0.06028357484084494,0.061391719462620564,0.0011081446217756225,0.049410287510912004,0.14854282865274104,0.14854282865274104,0.0,0.13656139670103248,11,4,0.012014634933134118,True,0,8,18
ridge_teacher,4,3,16,fixed,0.011981431951708562,0.010739974505286794,8,2,0,4,0.010804742338122252,0.01076685639119803,0.01196784999690333,0.011990885238543969,2.3035241640639165e-05,0.0,9.453286835407401e-06,0.07330511174122904,0.07443496371658385,0.001129851975354812,0.062453531764875295,0.13441027639309697,0.13441027639309697,0.0,0.1224288444413884,43,4,0.012014634933134118,True,0,8,21
ridge_teacher,4,3,16,moving,0.011523900333927943,0.010739974505286794,8,0,3,2,0.010780177355501913,0.0107679749983682,0.011523877420886137,0.01153389809689198,1.002067600584279e-05,0.0,9.997762964036871e-06,0.09772346757190528,0.09910088965381596,0.0013774220819106758,0.08757698931988801,0.13298833505014376,0.13298833505014376,0.0,0.12146443471621582,33,2,0.024665587825154742,True,0,20,56
ridge_teacher,4,3,16,moving,0.011523900333927943,0.010739974505286794,8,1,5,4,0.010759148146259851,0.01076685639119803,0.011527807685498421,0.011533652986107588,5.845300609166881e-06,3.907351570478501e-06,9.752652179645382e-06,0.06842289123802536,0.06958032162023912,0.0011574303822137616,0.05805642128631118,0.148656746150234,0.148656746150234,0.0,0.13713284581630605,11,2,0.024665587825154742,True,0,14,41
ridge_teacher,4,3,16,moving,0.011523900333927943,0.010739974505286794,8,2,7,0,0.010853278662346737,0.010804742338122252,0.011531618270243536,0.01153777361579841,6.1553455548736535e-06,7.717936315593601e-06,1.3873281870467255e-05,0.08198283850335798,0.08328974444969993,0.0013069059463419463,0.07176584411577198,0.1329518609688641,0.1329518609688641,0.0,0.12142796063493616,43,2,0.024665587825154742,False,4,20,55
ridge_teacher,4,3,32,fixed,0.011981431951708562,0.010721955062073976,8,0,4,0,0.010764095382615198,0.010746685621770384,0.011985039591766779,0.011990591359346162,5.551767579383207e-06,3.607640058217454e-06,9.159407637600661e-06,0.05473197242256734,0.05578903811917604,0.0010570656966087041,0.04380760616746748,0.012014634933134118,0.012014634933134118,0.0,3.320298142555668e-05,138,4,0.012014634933134118,True,0,8,30
ridge_teacher,4,3,32,fixed,0.011981431951708562,0.010721955062073976,8,1,2,3,0.010757754703266847,0.010753087721798497,0.011991246141781658,0.011995778900985115,4.532759203456846e-06,9.814190073096501e-06,1.4346949276553347e-05,0.06268170855559893,0.06386674390624683,0.0011850353506479006,0.05188531195453827,0.012014634933134118,0.012014634933134118,0.0,3.320298142555668e-05,114,4,0.012014634933134118,False,4,9,24
ridge_teacher,4,3,32,fixed,0.011981431951708562,0.010721955062073976,8,2,7,6,0.010806555290120508,0.010771175414345444,0.011959946621233819,0.011986111091898823,2.6164470665003894e-05,0.0,4.67914019026093e-06,0.07945625854294969,0.08078027724874656,0.0013240187057968755,0.068798845297038,0.012014634933134118,0.012014634933134118,0.0,3.320298142555668e-05,135,4,0.012014634933134118,True,0,11,16
ridge_teacher,4,3,32,moving,0.011287951923809743,0.010721955062073976,8,0,4,5,0.010764095382615198,0.010760096043347324,0.011283505338315297,0.011297106924860825,1.3601586545527664e-05,0.0,9.155001051081371e-06,0.051551255687226856,0.05272218347285205,0.001170927785625192,0.04143423154904231,0.010791553700060507,0.010791553700060507,0.0,0.0,129,8,0.010791553700060507,True,0,10,30
ridge_teacher,4,3,32,moving,0.011287951923809743,0.010721955062073976,8,1,6,2,0.010771175414345444,0.010757754703266847,0.011291302814799292,0.011297541766042661,6.23895124336922e-06,3.3508909895486882e-06,9.589842232917908e-06,0.049549130808910304,0.05055577366533867,0.0010066428564283678,0.03926782174152893,0.010791553700060507,0.010791553700060507,0.0,0.0,135,8,0.010791553700060507,True,0,9,40
ridge_teacher,4,3,32,moving,0.011287951923809743,0.010721955062073976,8,2,0,3,0.010746685621770384,0.010753087721798497,0.011297890825919447,0.01130309948963793,5.2086637184825535e-06,9.938902109703912e-06,1.5147565828186466e-05,0.08242428930313207,0.08383711378705043,0.0014128244839183568,0.07254916186324069,0.010791553700060507,0.010791553700060507,0.0,0.0,126,8,0.010791553700060507,False,5,13,47
ridge_teacher,4,3,64,fixed,0.011981431951708562,0.01072097372914641,8,0,0,6,0.010747465251159393,0.010737678064104007,0.011974824228798494,0.011990685628030469,1.5861399231974563e-05,0.0,9.253676321907198e-06,0.06980291334041808,0.07114546428865706,0.0013425509482389852,0.0591640323369485,0.012014634933134118,0.012014634933134118,0.0,3.320298142555668e-05,183,4,0.012014634933134118,True,0,11,26
ridge_teacher,4,3,64,fixed,0.011981431951708562,0.01072097372914641,8,1,7,4,0.01075352511538307,0.010746454088612072,0.011962267383133537,0.011983539887002787,2.1272503869249407e-05,0.0,2.107935294225205e-06,0.0701976669178056,0.07164626011572808,0.001448593197922482,0.05966482816401952,0.012014634933134118,0.012014634933134118,0.0,3.320298142555668e-05,183,4,0.012014634933134118,True,0,9,20
ridge_teacher,4,3,64,fixed,0.011981431951708562,0.01072097372914641,8,2,2,5,0.010735594975841709,0.010752261023469298,0.011967037767830483,0.01199083797776898,2.380020993849631e-05,0.0,9.40602606041771e-06,0.07126744313723496,0.0725666054844076,0.0012991623471726443,0.060585173532699044,0.012014634933134118,0.012014634933134118,0.0,3.320298142555668e-05,177,4,0.012014634933134118,True,0,10,18
ridge_teacher,4,3,64,moving,0.011121914090022531,0.01072097372914641,8,0,3,6,0.010776282169771658,0.010737678064104007,0.011130175471471231,0.011136415712853308,6.2402413820768915e-06,8.261381448699742e-06,1.4501622830776634e-05,0.0629189377447609,0.06423137987738986,0.0013124421326289604,0.05310946578736733,0.010776282169771658,0.010776282169771658,0.0,0.0,177,16,0.010760859438055579,False,4,10,47
ridge_teacher,4,3,64,moving,0.011121914090022531,0.01072097372914641,8,1,7,1,0.01075352511538307,0.010761176773517513,0.011131447233131366,0.011135540622489481,4.093389358115346e-06,9.533143108834616e-06,1.3626532466949962e-05,0.04970329396726139,0.050817794309153445,0.0011145003418920538,0.03969588021913091,0.010761176773517513,0.010761176773517513,0.0,0.0,189,16,0.010760859438055579,False,5,11,40
ridge_teacher,4,3,64,moving,0.011121914090022531,0.01072097372914641,8,2,0,5,0.010747465251159393,0.010752261023469298,0.011127644171813098,0.011134178343998859,6.534172185761189e-06,5.730081790566305e-06,1.2264253976327494e-05,0.06725531156637037,0.06862529783799665,0.0013699862716262806,0.05750338374797412,0.010752261023469298,0.010752261023469298,0.0,0.0,183,32,0.010734249816403812,False,7,13,55
ridge_teacher,4,3,128,fixed,0.011981431951708562,0.01072097372914641,8,0,7,1,0.010753361349646938,0.010782899309223054,0.01196603033116853,0.011986282297975154,2.025196680662325e-05,0.0,4.850346266592476e-06,0.07815323846125322,0.07961451499503527,0.0014612765337820577,0.06763308304332671,0.012014634933134118,0.012014634933134118,0.0,3.320298142555668e-05,222,4,0.012014634933134118,True,0,11,22
ridge_teacher,4,3,128,fixed,0.011981431951708562,0.01072097372914641,8,1,0,3,0.010738137882446047,0.010749065569401719,0.0119894046800307,0.011995515664372323,6.110984341622244e-06,7.972728322138897e-06,1.4083712663761142e-05,0.07313629313209921,0.07462238998639115,0.001486096854291935,0.06264095803468259,0.012014634933134118,0.012014634933134118,0.0,3.320298142555668e-05,252,4,0.012014634933134118,False,4,10,26
ridge_teacher,4,3,128,fixed,0.011981431951708562,0.01072097372914641,8,2,5,4,0.010749591041617193,0.010767597065367222,0.011979462476868584,0.011990379252312689,1.0916775444104465e-05,0.0,8.947300604127129e-06,0.07954539139930884,0.0809476821829521,0.0014022907836432619,0.06896625023124354,0.012014634933134118,0.012014634933134118,0.0,3.320298142555668e-05,243,4,0.012014634933134118,True,0,11,34
ridge_teacher,4,3,128,moving,0.011013441594172132,0.01072097372914641,8,0,3,7,0.010749065569401719,0.010753361349646938,0.01101065382150084,0.011023273057114641,1.261923561380121e-05,0.0,9.831462942509056e-06,0.0856558759985013,0.08712421473405328,0.00146833873555198,0.07611077313988115,0.010753361349646938,0.010753361349646938,0.0,0.0,234,32,0.010734249816403812,True,0,13,42
ridge_teacher,4,3,128,moving,0.011013441594172132,0.01072097372914641,8,1,4,0,0.010767597065367222,0.010738137882446047,0.011019117730963143,0.011026195311614194,7.077580651050977e-06,5.676136791010408e-06,1.2753717442061385e-05,0.06945928786532983,0.07082092402779007,0.001361636162460239,0.059807482433617935,0.010767597065367222,0.010767597065367222,0.0,0.0,234,16,0.010760859438055579,False,4,14,60
ridge_teacher,4,3,128,moving,0.011013441594172132,0.01072097372914641,8,2,1,2,0.010782899309223054,0.010780264071760604,0.011012236059534747,0.011022500534942584,1.0264475407837509e-05,0.0,9.058940770452148e-06,0.06815852504983695,0.06954215768292069,0.001383632633083734,0.05852871608874855,0.010782899309223054,0.010782899309223054,0.0,0.0,234,16,0.010760859438055579,True,0,12,47
ridge_teacher,4,4,8,fixed,0.011981431951708562,0.010835584810106493,8,0,4,5,0.010873488350766587,0.01090854464196138,0.011982180157595402,0.011990479619391108,8.299461795705648e-06,7.482058868406305e-07,9.047667682546279e-06,0.026583782751271393,0.027225846546680147,0.0006420637954087545,0.015244414594971585,0.1331441883315481,0.1331441883315481,0.0,0.12116275637983953,11,4,0.012014634933134118,True,0,8,25
ridge_teacher,4,4,8,fixed,0.011981431951708562,0.010835584810106493,8,1,6,0,0.011003742992659951,0.010992387916456613,0.011985711862445344,0.011990941615824945,5.229753379600716e-06,4.279910736782258e-06,9.509664116382974e-06,0.031540941203704556,0.032142906047803683,0.0006019648440991274,0.020161474096095124,0.14834575055703006,0.14834575055703006,0.0,0.1363643186053215,11,4,0.012014634933134118,True,0,8,29
ridge_teacher,4,4,8,fixed,0.011981431951708562,0.010835584810106493,8,2,7,3,0.010856516887170806,0.01196343557197072,0.023318264636174778,0.02379264546831992,0.00047438083214514093,0.011336832684466216,0.011811213516611357,0.08791316764698837,0.08909642274359245,0.00118325509660408,0.07711499079188389,0.14814964474307696,0.14814964474307696,0.0,0.1361682127913684,11,4,0.012014634933134118,False,7,15,47
ridge_teacher,4,4,8,moving,0.0129648100669282,0.010835584810106493,8,0,2,7,0.01099151408995271,0.010856516887170806,0.01296437211655643,0.012974238653407506,9.866536851076482e-06,0.0,9.428586479306653e-06,0.12318317925123054,0.12474750536344645,0.001564326112215908,0.11178269529651824,0.14814964474307696,0.14814964474307696,0.0,0.13518483467614875,13,2,0.024665587825154742,True,0,16,47
ridge_teacher,4,4,8,moving,0.0129648100669282,0.010835584810106493,8,1,6,3,0.011003742992659951,0.01196343557197072,0.012962002090751427,0.012974686013271371,1.268392251994356e-05,0.0,9.875946343171696e-06,0.06245607907788431,0.06338351862352318,0.0009274395456388695,0.05041870855659498,0.13414095406182985,0.13414095406182985,0.0,0.12117614399490165,11,2,0.024665587825154742,True,0,9,19
ridge_teacher,4,4,8,moving,0.0129648100669282,0.010835584810106493,8,2,0,1,0.010992387916456613,0.010928071893537597,0.012957955446489996,0.012972155100876013,1.4199654386017058e-05,0.0,7.345033947813925e-06,0.030981728156102954,0.03171617582082107,0.0007344476647181165,0.01875136575389287,0.14872339781220312,0.14872339781220312,0.0,0.1357585877452749,11,2,0.024665587825154742,True,0,5,14
ridge_teacher,4,4,16,fixed,0.011981431951708562,0.010739974505286794,8,0,1,4,0.010795352751727156,0.010764628971625246,0.011987400096521087,0.011993181390251946,5.781293730858922e-06,5.968144812525111e-06,1.1749438543384033e-05,0.06820294288414182,0.06933577092109285,0.001132828036951028,0.057354338969384286,0.1486070030224289,0.1486070030224289,0.0,0.13662557107072035,11,4,0.012014634933134118,False,3,8,30
ridge_teacher,4,4,16,fixed,0.011981431951708562,0.010739974505286794,8,1,7,6,0.010784296787184516,0.010830740200394725,0.011987199060849671,0.011991872736194707,4.67367534503528e-06,5.7671091411096165e-06,1.0440784486144897e-05,0.058761563139812296,0.05983785791391464,0.0010762947741023432,0.04785642596220608,0.1344545567781624,0.1344545567781624,0.0,0.12247312482645384,11,4,0.012014634933134118,False,1,10,27
ridge_teacher,4,4,16,fixed,0.011981431951708562,0.010739974505286794,8,2,0,3,0.010833350147863186,0.0107749480029075,0.011989171091805867,0.01199422754955238,5.056457746514115e-06,7.739140097304947e-06,1.2795597843819062e-05,0.08317424711686117,0.08458884618054688,0.001414599063685712,0.07260741422883832,0.14851121180884883,0.14851121180884883,0.0,0.13652977985714027,43,4,0.012014634933134118,False,4,9,37
ridge_teacher,4,4,16,moving,0.011523900333927943,0.010739974505286794,8,0,0,2,0.010833350147863186,0.010754620779535479,0.01152942108061975,0.011533634409184665,4.213328564914298e-06,5.520746691807521e-06,9.73407525672182e-06,0.04543338821435211,0.046313444763088976,0.0008800565487368656,0.03478954442916103,0.14865421427200684,0.14865421427200684,0.0,0.1371303139380789,43,2,0.024665587825154742,True,0,8,31
ridge_teacher,4,4,16,moving,0.011523900333927943,0.010739974505286794,8,1,5,7,0.010788140629871875,0.010784296787184516,0.011523856749035274,0.01153281102563737,8.954276602095648e-06,0.0,8.91069170942671e-06,0.07250900385152871,0.07381408272323595,0.0013050788717072354,0.062290182389308,0.14842656769802462,0.14842656769802462,0.0,0.13690266736409668,11,2,0.024665587825154742,True,0,13,41
ridge_teacher,4,4,16,moving,0.011523900333927943,0.010739974505286794,8,2,3,4,0.0107749480029075,0.010764628971625246,0.011532374368893778,0.01153572615044794,3.3517815541620616e-06,8.474034965835417e-06,1.1825816519997479e-05,0.038465338923514,0.03927470253983337,0.000809363616319364,0.027750802205905423,0.024665587825154742,0.024665587825154742,0.0,0.0131416874912268,57,2,0.024665587825154742,False,5,7,32
ridge_teacher,4,4,32,fixed,0.011981431951708562,0.010721955062073976,8,0,3,1,0.010769685493914922,0.010776752978099234,0.011971306965288322,0.011987696745612128,1.6389780323805905e-05,0.0,6.264793903566768e-06,0.0889261597045985,0.09040674862750928,0.0014805889229107805,0.07842531667580072,0.012014634933134118,0.012014634933134118,0.0,3.320298142555668e-05,114,4,0.012014634933134118,True,0,10,27
ridge_teacher,4,4,32,fixed,0.011981431951708562,0.010721955062073976,8,1,5,2,0.010737827404303986,0.010731671244370296,0.011977320111685515,0.011989926400827987,1.2606289142472193e-05,0.0,8.494449119425193e-06,0.060980290687302464,0.06210551130752896,0.0011252206202264983,0.0501240793558204,0.012014634933134118,0.012014634933134118,0.0,3.320298142555668e-05,150,4,0.012014634933134118,True,0,9,25
ridge_teacher,4,4,32,fixed,0.011981431951708562,0.010721955062073976,8,2,4,0,0.010741096319306013,0.01072490892203315,0.011978131719107403,0.011990556493411087,1.2424774303684133e-05,0.0,9.124541702525829e-06,0.054867832553830716,0.05602950145763666,0.0011616689038059444,0.0440480695059281,0.012014634933134118,0.012014634933134118,0.0,3.320298142555668e-05,129,4,0.012014634933134118,True,0,10,27
ridge_teacher,4,4,32,moving,0.011287951923809743,0.010721955062073976,8,0,4,0,0.010741096319306013,0.01072490892203315,0.011287661681598055,0.011297634731840343,9.973050242287687e-06,0.0,9.682808030599468e-06,0.054867832553830716,0.05602950145763666,0.0011616689038059444,0.04474154953382692,0.010791553700060507,0.010791553700060507,0.0,0.0,129,8,0.010791553700060507,True,0,11,30
ridge_teacher,4,4,32,moving,0.011287951923809743,0.010721955062073976,8,1,3,2,0.010769685493914922,0.010731671244370296,0.011295229842807722,0.011300261534275073,5.031691467351218e-06,7.277918997978389e-06,1.2309610465329607e-05,0.05354204133862654,0.0545572095587088,0.0010151682200822548,0.043269257634899055,0.010791553700060507,0.010791553700060507,0.0,0.0,129,8,0.010791553700060507,False,4,7,32
ridge_teacher,4,4,32,moving,0.011287951923809743,0.010721955062073976,8,2,6,7,0.010752306279817443,0.010756294117328091,0.01128555141760867,0.011296547910006477,1.099649239780752e-05,0.0,8.595986196733782e-06,0.06029865468346455,0.061464827074155695,0.0011661723906911461,0.050176875150345954,0.012014634933134118,0.012014634933134118,0.0,0.0007266830093243751,144,4,0.012014634933134118,True,0,11,40
ridge_teacher,4,4,64,fixed,0.011981431951708562,0.01072097372914641,8,0,2,1,0.01074863208344094,0.010765515509367777,0.011989488965879359,0.011994638170940371,5.1492050610127404e-06,8.05701417079703e-06,1.3206219231809771e-05,0.0698473643964753,0.07113510066852735,0.0012877362720520452,0.05915366871681879,0.012014634933134118,0.012014634933134118,0.0,3.320298142555668e-05,207,4,0.012014634933134118,False,4,7,28
ridge_teacher,4,4,64,fixed,0.011981431951708562,0.01072097372914641,8,1,4,0,0.010735099765057347,0.010757827019400576,0.011975158518047448,0.011990285256835116,1.5126738787667182e-05,0.0,8.85330512655387e-06,0.0633177275540115,0.06468746531340694,0.0013697377593954452,0.05270603336169838,0.012014634933134118,0.012014634933134118,0.0,3.320298142555668e-05,180,4,0.012014634933134118,True,0,9,21
ridge_teacher,4,4,64,fixed,0.011981431951708562,0.01072097372914641,8,2,6,3,0.01074128224457453,0.01074974138655352,0.011977285350837018,0.011988206328724355,1.0920977887336411e-05,0.0,6.774377015792907e-06,0.054197270260127654,0.0554365704774183,0.0012393002172906425,0.04345513852570974,0.012014634933134118,0.012014634933134118,0.0,3.320298142555668e-05,195,4,0.012014634933134118,True,0,8,22
ridge_teacher,4,4,64,moving,0.011121914090022531,0.01072097372914641,8,0,3,7,0.01074974138655352,0.01072097372914641,0.011119467767532448,0.01113188321202622,1.2415444493771646e-05,0.0,9.969122003688699e-06,0.07018667892790605,0.07145264422086205,0.0012659652929560006,0.06033073013083952,0.010749741386553522,0.010749741386553522,0.0,0.0,186,32,0.010734249816403812,True,0,13,36
ridge_teacher,4,4,64,moving,0.011121914090022531,0.01072097372914641,8,1,5,0,0.010766940850390642,0.010757827019400576,0.011130425529439169,0.01113515463925809,4.729109818921509e-06,8.511439416637734e-06,1.3240549235559243e-05,0.07521446946258822,0.0766769167943164,0.0014624473317281783,0.06555500270429387,0.010766940850390642,0.010766940850390642,0.0,0.0,174,16,0.010760859438055579,False,6,12,52
ridge_teacher,4,4,64,moving,0.011121914090022531,0.01072097372914641,8,2,4,2,0.010735099765057347,0.01074863208344094,0.011120494728257989,0.011131653891264713,1.1159163006724607e-05,0.0,9.739801242181906e-06,0.05011258733200277,0.05129789939062594,0.0011853120586231697,0.040175985300603415,0.010760859438055579,0.010760859438055579,0.0,0.0,198,16,0.010760859438055579,True,0,12,34
ridge_teacher,4,4,128,fixed,0.011981431951708562,0.01072097372914641,8,0,0,2,0.010771675219065396,0.010752095545088533,0.011974379445657383,0.011988876677631818,1.4497231974434921e-05,0.0,7.444725923256082e-06,0.06948303036407795,0.07083270886856259,0.0013496785044846416,0.05885127691685403,0.012014634933134118,0.012014634933134118,0.0,3.320298142555668e-05,237,4,0.012014634933134118,True,0,8,23
ridge_teacher,4,4,128,fixed,0.011981431951708562,0.01072097372914641,8,1,5,7,0.010743677196909945,0.010739388986334052,0.011990433751293723,0.011996596111245528,6.162359951805002e-06,9.001799585161771e-06,1.5164159536966773e-05,0.07149937722962209,0.07287680731958766,0.0013774300899655756,0.060895375367879104,0.012014634933134118,0.012014634933134118,0.0,3.320298142555668e-05,258,4,0.012014634933134118,False,4,9,31
ridge_teacher,4,4,128,fixed,0.011981431951708562,0.01072097372914641,8,2,4,1,0.010749911404645325,0.0107509720796851,0.011967558373534153,0.011988685292319204,2.1126918785051296e-05,0.0,7.253340610642589e-06,0.08151877143869904,0.08304394774450694,0.001525176305807896,0.07106251579279838,0.012014634933134118,0.012014634933134118,0.0,3.320298142555668e-05,240,4,0.012014634933134118,True,0,11,25
ridge_teacher,4,4,128,moving,0.011013441594172132,0.01072097372914641,8,0,4,5,0.010749911404645325,0.010743677196909945,0.011015457853818791,0.011022547216059315,7.089362240524089e-06,2.016259646658858e-06,9.105621887182946e-06,0.06898053139773862,0.0702861901668744,0.001305658769135784,0.05927274857270227,0.010749911404645325,0.010749911404645325,0.0,0.0,261,32,0.010734249816403812,True,0,13,46
ridge_teacher,4,4,128,moving,0.011013441594172132,0.01072097372914641,8,1,7,1,0.010739388986334052,0.0107509720796851,0.011013168051509743,0.01102136039677639,8.192345266647486e-06,0.0,7.918802604258215e-06,0.07362818407046609,0.07506833713395511,0.0014401530634890192,0.06405489553978298,0.0107509720796851,0.0107509720796851,0.0,0.0,237,32,0.010734249816403812,True,0,13,46
ridge_teacher,4,4,128,moving,0.011013441594172132,0.01072097372914641,8,2,2,3,0.010752095545088533,0.01078498183674597,0.011015204602482174,0.011022168236585249,6.963634103074323e-06,1.7630083100420024e-06,8.726642413116326e-06,0.08362173457165799,0.08521033638277568,0.0015886018111176958,0.07419689478860356,0.01078498183674597,0.01078498183674597,0.0,0.0,225,16,0.010760859438055579,True,0,13,54
ridge_teacher,4,5,8,fixed,0.011981431951708562,0.010835584810106493,7,0,0,7,0.010845998910257847,0.010886518189113372,0.011986726882147414,0.011998005521161434,1.12786390140205e-05,5.2949304388521384e-06,1.657356945287264e-05,0.05558584629529212,0.05656570112306486,0.0009798548277727415,0.0445842691713563,0.1345074684714362,0.1345074684714362,0.0,0.12252603651972763,11,4,0.012014634933134118,False,9,11,42
ridge_teacher,4,5,8,fixed,0.011981431951708562,0.010835584810106493,7,1,5,3,0.010947239711768782,0.010873362278400914,0.01198600025481381,0.011996509448549969,1.0509193736157885e-05,4.568303105249166e-06,1.5077496841407051e-05,0.07373892110629583,0.07489975609366567,0.0011608349873698381,0.06291832414195711,0.13427287889561024,0.13427287889561024,0.0,0.12229144694390168,11,4,0.012014634933134118,False,4,17,66
ridge_teacher,4,5,8,fixed,0.011981431951708562,0.010835584810106493,7,2,6,2,0.01130735856662875,0.011987831401648386,0.012077526885075828,0.012142336043123592,6.480915804776312e-05,9.609493336726685e-05,0.00016090409141502997,0.05756016855828188,0.05850472098311933,0.0009445524248374512,0.04652328903141077,0.14624236244294925,0.14624236244294925,0.0,0.1342609304912407,14,4,0.012014634933134118,False,2,16,56
ridge_teacher,4,5,8,moving,0.0129648100669282,0.010835584810106493,8,0,2,6,0.011987831401648386,0.01130735856662875,0.012957401903097129,0.012972795876421526,1.5393973324397472e-05,0.0,7.98580949332682e-06,0.05756016855828188,0.05850472098311933,0.0009445524248374512,0.04553991091619113,0.14624236244294925,0.14624236244294925,0.0,0.13327755237602104,14,2,0.024665587825154742,True,0,10,23
ridge_teacher,4,5,8,moving,0.0129648100669282,0.010835584810106493,8,1,5,3,0.010947239711768782,0.010873362278400914,0.012967866826266007,0.012975974081560667,8.107255294660665e-06,3.056759337807455e-06,1.116401463246812e-05,0.07373892110629583,0.07489975609366567,0.0011608349873698381,0.06193494602673747,0.13427287889561024,0.13427287889561024,0.0,0.12130806882868203,11,2,0.024665587825154742,False,2,14,38
ridge_teacher,4,5,8,moving,0.0129648100669282,0.010835584810106493,8,2,0,1,0.010845998910257847,0.011997769524408008,0.012974748519338762,0.012982097125933866,7.348606595103044e-06,9.93845241056314e-06,1.7287059005666183e-05,0.08754291357837164,0.08878123497652872,0.0012383213981570773,0.07581642490960053,0.14627913856383695,0.14627913856383695,0.0,0.13331432849690875,11,2,0.024665587825154742,False,7,15,41
ridge_teacher,4,5,16,fixed,0.011981431951708562,0.010739974505286794,8,0,6,2,0.010786582468178147,0.01076870299396234,0.011989033262217463,0.01199278881990417,3.7555576867069618e-06,7.6013105089010186e-06,1.135686819560798e-05,0.04925510101137087,0.05026740466413886,0.0010123036527679846,0.0382859727124303,0.13529375858441303,0.13529375858441303,0.0,0.12331232663270447,43,4,0.012014634933134118,False,4,7,27
ridge_teacher,4,5,16,fixed,0.011981431951708562,0.010739974505286794,8,1,5,1,0.010783787206718179,0.01078799316010767,0.011976147990836834,0.011991068774134065,1.492078329723076e-05,0.0,9.636822425503067e-06,0.1014241104048098,0.10286206615329822,0.0014379557484884287,0.09088063420158966,0.14856146401022527,0.14856146401022527,0.0,0.1365800320585167,11,4,0.012014634933134118,True,0,13,32
ridge_teacher,4,5,16,fixed,0.011981431951708562,0.010739974505286794,8,2,4,3,0.010780456404406643,0.010783432339186168,0.01198710784944581,0.01199239022985266,5.2823804068506675e-06,5.675897737247512e-06,1.095827814409818e-05,0.0926805221275626,0.09405476456581367,0.001374242438251072,0.08207333261410511,0.13317154858356456,0.13317154858356456,0.0,0.121190116631856,11,4,0.012014634933134118,False,2,8,28
ridge_teacher,4,5,16,moving,0.011523900333927943,0.010739974505286794,8,0,7,0,0.01081458579056581,0.010832749191932075,0.011526631607452207,0.011533850022378436,7.2184149262286e-06,2.7312735242646102e-06,9.94968845049321e-06,0.04708023035504206,0.04794942471959121,0.0008691943645491515,0.036425524385663266,0.1482849337663668,0.1482849337663668,0.0,0.13676103343243887,11,2,0.024665587825154742,True,0,9,32
ridge_teacher,4,5,16,moving,0.011523900333927943,0.010739974505286794,8,1,3,2,0.010783432339186168,0.01076870299396234,0.0115213194207447,0.011532828331340002,1.1508910595302638e-05,0.0,8.927997412059782e-06,0.041285957746305064,0.04209544464304994,0.0008094868967448779,0.030571544309121998,0.024665587825154742,0.024665587825154742,0.0,0.0131416874912268,53,2,0.024665587825154742,True,0,9,27
ridge_teacher,4,5,16,moving,0.011523900333927943,0.010739974505286794,8,2,4,5,0.010780456404406643,0.010783787206718179,0.011533599563499232,0.011537609856491098,4.010292991865616e-06,9.699229571289228e-06,1.3709522563154844e-05,0.09952504313685172,0.10076532764343875,0.0012402845065870305,0.0892414273095108,0.14856146401022527,0.14856146401022527,0.0,0.13703756367629732,11,2,0.024665587825154742,False,4,14,64
ridge_teacher,4,5,32,fixed,0.011981431951708562,0.010721955062073976,8,0,7,6,0.010784471983533037,0.010761470569815548,0.011974623121823652,0.011991299965462408,1.6676843638756267e-05,0.0,9.868013753846702e-06,0.07819993637762919,0.07955247079324582,0.001352534415616627,0.06757103884153726,0.012014634933134118,0.012014634933134118,0.0,3.320298142555668e-05,132,4,0.012014634933134118,True,0,10,17
ridge_teacher,4,5,32,fixed,0.011981431951708562,0.010721955062073976,8,1,2,1,0.010743724448691254,0.010747046997409453,0.011969540620639254,0.011986332313806929,1.6791693167674676e-05,0.0,4.900362098367306e-06,0.08072050811464278,0.08199449154459956,0.0012739834299567848,0.070013059592891,0.012014634933134118,0.012014634933134118,0.0,3.320298142555668e-05,135,4,0.012014634933134118,True,0,10,20
ridge_teacher,4,5,32,fixed,0.011981431951708562,0.010721955062073976,8,2,3,5,0.010743211078949513,0.010721955062073976,0.011963172390740705,0.011991178865236984,2.8006474496279632e-05,0.0,9.74691352842276e-06,0.07784615710400686,0.07904177504068668,0.001195617936679827,0.06706034308897812,0.012014634933134118,0.012014634933134118,0.0,3.320298142555668e-05,141,4,0.012014634933134118,True,0,9,17
ridge_teacher,4,5,32,moving,0.011287951923809743,0.010721955062073976,8,0,7,3,0.010784471983533037,0.010743211078949513,0.011289476604767612,0.011295853907456799,6.377302689186334e-06,1.5246809578692289e-06,7.901983647055563e-06,0.07435140588997237,0.0755803099793878,0.0012289040894154363,0.06429235805557806,0.010791553700060507,0.010791553700060507,0.0,0.0,144,8,0.010791553700060507,True,0,12,39
ridge_teacher,4,5,32,moving,0.011287951923809743,0.010721955062073976,8,1,6,2,0.010761470569815548,0.010743724448691254,0.011283876550960538,0.011297448181312142,1.3571630351604663e-05,0.0,9.496257502399075e-06,0.04183959092680116,0.04286067880390446,0.0010210878771033036,0.03157272688009472,0.010791553700060507,0.010791553700060507,0.0,0.0,129,8,0.010791553700060507,True,0,9,22
ridge_teacher,4,5,32,moving,0.011287951923809743,0.010721955062073976,8,2,0,5,0.010749138081418547,0.010721955062073976,0.011294653047372353,0.011300759813586645,6.106766214292181e-06,6.701123562609379e-06,1.280788977690156e-05,0.08324782650424425,0.08469491955169205,0.0014470930474477922,0.0734069676278823,0.010791553700060507,0.010791553700060507,0.0,0.0,105,8,0.010791553700060507,False,10,14,60
ridge_teacher,4,5,64,fixed,0.011981431951708562,0.01072097372914641,8,0,0,7,0.01074239802886462,0.010759151008574054,0.0119881533584471,0.011992636366352354,4.483007905254147e-06,6.7214067385381465e-06,1.1204414643792293e-05,0.05869600113557652,0.059953162368274825,0.0012571612326983048,0.047971730416566265,0.012014634933134118,0.012014634933134118,0.0,3.320298142555668e-05,180,4,0.012014634933134118,False,3,8,25
ridge_teacher,4,5,64,fixed,0.011981431951708562,0.01072097372914641,8,1,3,2,0.010750501570802344,0.010769788007283418,0.011976384868112144,0.01199048723556276,1.4102367450615286e-05,0.0,9.05528385419796e-06,0.08688745186047779,0.08845181303695934,0.0015643611764815518,0.07647038108525078,0.012014634933134118,0.012014634933134118,0.0,3.320298142555668e-05,177,4,0.012014634933134118,True,0,11,30
ridge_teacher,4,5,64,fixed,0.011981431951708562,0.01072097372914641,8,2,6,5,0.010740190729183823,0.010758226420236352,0.011974565196093336,0.01198688098842146,1.231579232812384e-05,0.0,5.449036712897731e-06,0.0654433607403405,0.06674069083687362,0.0012973300965331142,0.05475925888516506,0.012014634933134118,0.012014634933134118,0.0,3.320298142555668e-05,195,4,0.012014634933134118,True,0,10,22
ridge_teacher,4,5,64,moving,0.011121914090022531,0.01072097372914641,8,0,4,3,0.010731156964812716,0.010750501570802344,0.011119697355303283,0.011131554048899664,1.1856693596381043e-05,0.0,9.639958877132732e-06,0.07040310280923615,0.07168464922296103,0.0012815464137248822,0.0605627351329385,0.010750501570802344,0.010750501570802344,0.0,0.0,189,32,0.010734249816403812,True,0,12,37
ridge_teacher,4,5,64,moving,0.011121914090022531,0.01072097372914641,8,1,0,2,0.01074239802886462,0.010769788007283418,0.01112173866299438,0.011131749434228696,1.0010771234315527e-05,0.0,9.835344206165011e-06,0.054142991240304826,0.05530155533240915,0.001158564092104325,0.044179641242386616,0.010769788007283418,0.010769788007283418,0.0,0.0,174,16,0.010760859438055579,True,0,11,38
ridge_teacher,4,5,64,moving,0.011121914090022531,0.01072097372914641,8,2,7,1,0.010759151008574054,0.010783388832407446,0.011121605197780124,0.011131777898104434,1.017270032430996e-05,0.0,9.86380808190232e-06,0.05781494907674359,0.05908673096576443,0.0012717818890208427,0.0479648168757419,0.010783388832407446,0.010783388832407446,0.0,0.0,186,16,0.010760859438055579,True,0,15,43
ridge_teacher,4,5,128,fixed,0.011981431951708562,0.01072097372914641,8,0,1,0,0.010761128978019435,0.01076271061975716,0.01197559867223069,0.011984855557131595,9.256884900905177e-06,0.0,3.423605423033549e-06,0.04473717809453769,0.04589879990765505,0.0011616218131173597,0.03391736795594649,0.012014634933134118,0.012014634933134118,0.0,3.320298142555668e-05,243,4,0.012014634933134118,True,0,8,25
ridge_teacher,4,5,128,fixed,0.011981431951708562,0.01072097372914641,8,1,7,2,0.010727228457453015,0.010760112261782633,0.011966673338038929,0.011988552635563844,2.1879297524915117e-05,0.0,7.120683855282514e-06,0.0664200705373546,0.06781664019728151,0.001396569659926905,0.05583520824557295,0.012014634933134118,0.012014634933134118,0.0,3.320298142555668e-05,255,4,0.012014634933134118,True,0,8,18
ridge_teacher,4,5,128,fixed,0.011981431951708562,0.01072097372914641,8,2,6,3,0.010758064427641887,0.010756948139446791,0.011980445017802877,0.011991326300934673,1.0881283131796565e-05,0.0,9.894349226111446e-06,0.08369873205727205,0.08517144888210908,0.001472716824837031,0.07319001693040052,0.012014634933134118,0.012014634933134118,0.0,3.320298142555668e-05,252,4,0.012014634933134118,True,0,10,27
ridge_teacher,4,5,128,moving,0.011013441594172132,0.01072097372914641,8,0,4,6,0.0107444501591925,0.010758064427641887,0.011013285501491594,0.011023097473392772,9.811971901177788e-06,0.0,9.655879220639776e-06,0.0807191633838077,0.08216799518408181,0.0014488318002741085,0.07115455358990969,0.010758064427641887,0.010758064427641887,0.0,0.0,249,32,0.010734249816403812,True,0,13,51
ridge_teacher,4,5,128,moving,0.011013441594172132,0.01072097372914641,8,1,1,5,0.010761128978019435,0.010767263062307924,0.011015081251286455,0.011023432730623834,8.351479337379009e-06,1.6396571143224847e-06,9.991136451701493e-06,0.06739695549895473,0.06884680213775404,0.0014498466387993098,0.05783336054358191,0.010767263062307925,0.010767263062307925,0.0,0.0,219,16,0.010760859438055579,True,0,13,53
ridge_teacher,4,5,128,moving,0.011013441594172132,0.01072097372914641,8,2,0,3,0.01076271061975716,0.010756948139446791,0.011015080957521593,0.01102311685454726,8.035897025667274e-06,1.6393633494610899e-06,9.675260375128364e-06,0.06355843956522324,0.06489149094760233,0.0013330513823790885,0.05387804935343019,0.01076271061975716,0.01076271061975716,0.0,0.0,255,16,0.010760859438055579,True,0,13,46
ridge_teacher,4,6,8,fixed,0.011981431951708562,0.010835584810106493,8,0,2,1,0.010849894819737261,0.010950469361627045,0.011980644487071803,0.011992970001889229,1.2325514817425332e-05,0.0,1.1538050180667087e-05,0.06857270933057323,0.06957952267336241,0.0010068133427891812,0.05759809072165385,0.14844824987305222,0.14844824987305222,0.0,0.13646681792134366,11,4,0.012014634933134118,False,1,14,35
ridge_teacher,4,6,8,fixed,0.011981431951708562,0.010835584810106493,8,1,6,4,0.011012978429377498,0.01084497766824463,0.012009124834624853,0.012045871571276913,3.674673665205949e-05,2.769288291629146e-05,6.443961956835095e-05,0.05206692601185763,0.052936477790551745,0.0008695517786941123,0.040955045838843185,0.13436459394267183,0.13436459394267183,0.0,0.12238316199096327,11,4,0.012014634933134118,False,13,19,57
ridge_teacher,4,6,8,fixed,0.011981431951708562,0.010835584810106493,8,2,7,3,0.010865955215610124,0.01088124443766201,0.011992195337951006,0.01200228676974035,1.009143178934413e-05,1.0763386242444717e-05,2.0854818031788847e-05,0.08030632993595609,0.08143094518846629,0.0011246152525102027,0.06944951323675773,0.13368487896216516,0.13368487896216516,0.0,0.1217034470104566,11,4,0.012014634933134118,False,5,23,57
ridge_teacher,4,6,8,moving,0.0129648100669282,0.010835584810106493,8,0,0,7,0.010893228471080343,0.010865955215610124,0.01297260624336093,0.01297920575807105,6.599514710119506e-06,7.796176432730423e-06,1.4395691142849928e-05,0.07533521179886839,0.07653808446013763,0.0012028726612692414,0.06357327439320942,0.13359210073728414,0.13359210073728414,0.0,0.12062729067035594,11,2,0.024665587825154742,False,2,18,41
ridge_teacher,4,6,8,moving,0.0129648100669282,0.010835584810106493,8,1,6,2,0.011012978429377498,0.010849894819737261,0.012971390651734697,0.0129832462185339,1.185556679920291e-05,6.580584806497453e-06,1.8436151605700363e-05,0.050484922868631855,0.051473276087030895,0.0009883532183990393,0.038508466020102695,0.13324226138484963,0.13324226138484963,0.0,0.12027745131792142,11,2,0.024665587825154742,False,5,12,41
ridge_teacher,4,6,8,moving,0.0129648100669282,0.010835584810106493,8,2,3,5,0.01088124443766201,0.010881995455232416,0.012963740385258358,0.012973556596812893,9.81621155453534e-06,0.0,8.746529884693863e-06,0.10272455829207378,0.10399456751357765,0.0012700092215038733,0.09102975744664946,0.13370442393847543,0.13370442393847543,0.0,0.12073961387154722,11,2,0.024665587825154742,True,0,11,36
ridge_teacher,4,6,16,fixed,0.011981431951708562,0.010739974505286794,8,0,1,5,0.010800488104397328,0.010795251836105071,0.011990721377708796,0.011997814983475337,7.093605766540778e-06,9.289426000234219e-06,1.6383031766774997e-05,0.0755128441511901,0.0767534880932196,0.0012406439420294957,0.06477205614151103,0.13405669421641647,0.13405669421641647,0.0,0.12207526226470791,11,4,0.012014634933134118,False,4,12,41
ridge_teacher,4,6,16,fixed,0.011981431951708562,0.010739974505286794,8,1,3,2,0.010808655466545702,0.010875651935758448,0.011960891512767444,0.01199052733506957,2.9635822302125775e-05,0.0,9.0953833610085e-06,0.07474197608457565,0.07594640844989133,0.0012044323653156719,0.06396497649818277,0.14861864462839497,0.14861864462839497,0.0,0.1366372126766864,11,4,0.012014634933134118,True,0,13,18
ridge_teacher,4,6,16,fixed,0.011981431951708562,0.010739974505286794,8,2,7,4,0.01085024825274983,0.01077152133517355,0.01198497777775495,0.011991057285533693,6.079507778743512e-06,3.545826046388173e-06,9.625333825131685e-06,0.08059389708776507,0.08195422591531809,0.00136032882755302,0.06997279396360953,0.13378749858165145,0.13378749858165145,0.0,0.1218060666299429,43,4,0.012014634933134118,True,0,12,31
ridge_teacher,4,6,16,moving,0.011523900333927943,0.010739974505286794,8,0,1,7,0.010800488104397328,0.01085024825274983,0.011532720975543247,0.011538818880501518,6.0979049582715605e-06,8.82064161530395e-06,1.4918546573575511e-05,0.06876318641617676,0.06993076551959553,0.0011675791034187616,0.05840686518566758,0.024665587825154742,0.024665587825154742,0.0,0.0131416874912268,67,2,0.024665587825154742,False,13,13,72
ridge_teacher,4,6,16,moving,0.011523900333927943,0.010739974505286794,8,1,0,5,0.010815058939451942,0.010795251836105071,0.011533612981825054,0.011539260469440997,5.6474876159434e-06,9.712647897111223e-06,1.5360135513054624e-05,0.07652425472232999,0.07774044982752035,0.0012161951051903597,0.0662165494935924,0.13366749401265365,0.13366749401265365,0.0,0.12214359367872571,39,2,0.024665587825154742,False,7,12,42
ridge_teacher,4,6,16,moving,0.011523900333927943,0.010739974505286794,8,2,2,6,0.010875651935758448,0.010790919975451221,0.011533633452790924,0.011538510222685466,4.876769894541361e-06,9.733118862981574e-06,1.4609888757522935e-05,0.08234541705775927,0.08358177895003148,0.0012363618922722058,0.07205787861610354,0.13434395351624856,0.13434395351624856,0.0,0.12282005318232062,39,2,0.024665587825154742,False,4,16,54
ridge_teacher,4,6,32,fixed,0.011981431951708562,0.010721955062073976,8,0,5,3,0.01072835209706825,0.010792829354095673,0.011969571714148166,0.011990458880365762,2.0887166217595926e-05,0.0,9.02692865720027e-06,0.10588354534700221,0.1074429720591535,0.001559426712151285,0.09546154010744494,0.012014634933134118,0.012014634933134118,0.0,3.320298142555668e-05,129,4,0.012014634933134118,True,0,11,32
ridge_teacher,4,6,32,fixed,0.011981431951708562,0.010721955062073976,8,1,1,7,0.010771715951139566,0.010756810193545824,0.011976681283076511,0.011989028899724552,1.2347616648041015e-05,0.0,7.596948015990701e-06,0.07166135134616308,0.0729061146651832,0.0012447633190201118,0.060924682713474634,0.012014634933134118,0.012014634933134118,0.0,3.320298142555668e-05,141,4,0.012014634933134118,True,0,10,24
ridge_teacher,4,6,32,fixed,0.011981431951708562,0.010721955062073976,8,2,2,4,0.01077202135936205,0.010756715147478163,0.01198418239214694,0.011990473491360057,6.291099213117171e-06,2.7504404383777575e-06,9.041539651494929e-06,0.08326989213092266,0.08460825150381979,0.0013383593728971271,0.07262681955211123,0.012014634933134118,0.012014634933134118,0.0,3.320298142555668e-05,114,4,0.012014634933134118,True,0,8,26
ridge_teacher,4,6,32,moving,0.011287951923809743,0.010721955062073976,8,0,6,1,0.010730255668349186,0.010771715951139566,0.011296964530192938,0.011304802782966862,7.83825277392465e-06,9.012606383194607e-06,1.6850859157119258e-05,0.08441262787856918,0.08581967031545341,0.0014070424368842344,0.07453171839164367,0.010791553700060507,0.010791553700060507,0.0,0.0,132,8,0.010791553700060507,False,7,12,55
ridge_teacher,4,6,32,moving,0.011287951923809743,0.010721955062073976,8,1,4,2,0.010756715147478163,0.01077202135936205,0.011287052670876607,0.011297416545192241,1.036387431563486e-05,0.0,9.464621382498234e-06,0.08326989213092266,0.08460825150381979,0.0013383593728971271,0.07332029958001005,0.010791553700060507,0.010791553700060507,0.0,0.0,114,8,0.010791553700060507,True,0,16,39
ridge_teacher,4,6,32,moving,0.011287951923809743,0.010721955062073976,8,2,0,3,0.01073027212493391,0.010792829354095673,0.011286330987229835,0.011297728802108588,1.1397814878752813e-05,0.0,9.776878298844646e-06,0.07831267218947766,0.07960773086303448,0.0012950586735568231,0.06831977893922474,0.010792829354095673,0.010792829354095673,0.0,0.0,129,8,0.010791553700060507,True,0,12,30
ridge_teacher,4,6,64,fixed,0.011981431951708562,0.01072097372914641,8,0,4,3,0.010750724330298715,0.010774237423151405,0.011966988217694312,0.011986648979840189,1.9660762145877128e-05,0.0,5.217028131627305e-06,0.06849155348261164,0.0697660964791511,0.0012745429965394517,0.057784664527442534,0.012014634933134118,0.012014634933134118,0.0,3.320298142555668e-05,210,4,0.012014634933134118,True,0,9,15
ridge_teacher,4,6,64,fixed,0.011981431951708562,0.01072097372914641,8,1,1,5,0.010755957814452202,0.01081252054906325,0.011978836736229015,0.011990552515267955,1.1715779038939944e-05,0.0,9.12056355939321e-06,0.06463410218770434,0.06583450720927099,0.0012004050215666529,0.05385307525756243,0.012014634933134118,0.012014634933134118,0.0,3.320298142555668e-05,171,4,0.012014634933134118,True,0,8,23
ridge_teacher,4,6,64,fixed,0.011981431951708562,0.01072097372914641,8,2,6,0,0.010738173073161604,0.010802261055661696,0.01197491113384845,0.01199014515403011,1.5234020181661284e-05,0.0,8.713202321548874e-06,0.05673572012334588,0.05782914995296606,0.001093429829620178,0.0458477180012575,0.012014634933134118,0.012014634933134118,0.0,3.320298142555668e-05,195,4,0.012014634933134118,True,0,6,20
ridge_teacher,4,6,64,moving,0.011121914090022531,0.01072097372914641,8,0,7,6,0.010769082980130575,0.010738173073161604,0.011126534720540916,0.011131766733276281,5.232012735365693e-06,4.62063051838435e-06,9.852643253750043e-06,0.07185310764234548,0.07329266779247158,0.0014395601501260985,0.06217075370244905,0.010769082980130575,0.010769082980130575,0.0,0.0,183,16,0.010760859438055579,True,0,15,50
ridge_teacher,4,6,64,moving,0.011121914090022531,0.01072097372914641,8,1,4,0,0.010750724330298715,0.010802261055661696,0.011122367889482433,0.01113145054994738,9.082660464947157e-06,4.537994599020101e-07,9.536459924849167e-06,0.06451019318968787,0.06585326956880197,0.0013430763791140998,0.05473135547877944,0.010802261055661698,0.010802261055661698,0.0,0.0,204,8,0.010791553700060507,True,0,13,41
ridge_teacher,4,6,64,moving,0.011121914090022531,0.01072097372914641,8,2,3,2,0.010774237423151405,0.010758407159100737,0.011124582137666178,0.011130948340051022,6.366202384843964e-06,2.6680476436467815e-06,9.034250028490745e-06,0.06676085200153971,0.0680767565545991,0.0013159045530593966,0.05695484246457658,0.010774237423151405,0.010774237423151405,0.0,0.0,195,16,0.010760859438055579,True,0,12,42
ridge_teacher,4,6,128,fixed,0.011981431951708562,0.01072097372914641,8,0,7,5,0.010765229807145484,0.010764766993657755,0.011964007794643338,0.011990868358560428,2.6860563917090186e-05,0.0,9.436406851866252e-06,0.07448803644422926,0.07590889799045877,0.0014208615462295154,0.06392746603875021,0.012014634933134118,0.012014634933134118,0.0,3.320298142555668e-05,237,4,0.012014634933134118,True,0,10,19
ridge_teacher,4,6,128,fixed,0.011981431951708562,0.01072097372914641,8,1,0,6,0.010746395224501038,0.010784852344919861,0.01195868444442488,0.011991013391555557,3.232894713067758e-05,0.0,9.581439846995457e-06,0.07735669476493477,0.07877162306227184,0.0014149282973370675,0.06679019111056328,0.012014634933134118,0.012014634933134118,0.0,3.320298142555668e-05,246,4,0.012014634933134118,True,0,10,25
ridge_teacher,4,6,128,fixed,0.011981431951708562,0.01072097372914641,8,2,4,3,0.010753428375421904,0.010763041369613549,0.011946609203128355,0.01199006333854527,4.345413541691559e-05,0.0,8.631386836708763e-06,0.0810837319968038,0.08255144828409912,0.0014677162872953203,0.07057001633239056,0.012014634933134118,0.012014634933134118,0.0,3.320298142555668e-05,246,4,0.012014634933134118,True,0,12,16
ridge_teacher,4,6,128,moving,0.011013441594172132,0.01072097372914641,8,0,1,6,0.010735382050548798,0.010784852344919861,0.011021451366360825,0.01102690799264266,5.4566262818345895e-06,8.00977218869299e-06,1.346639847052758e-05,0.07293833650805862,0.07429730464137016,0.0013589681333115444,0.06328386304719803,0.010784852344919861,0.010784852344919861,0.0,0.0,252,16,0.010760859438055579,False,6,13,56
ridge_teacher,4,6,128,moving,0.011013441594172132,0.01072097372914641,8,1,2,5,0.010802898011834337,0.010764766993657755,0.011018256647158638,0.011022971037814213,4.71439065557501e-06,4.8150529865058356e-06,9.529443642080845e-06,0.07970079701564627,0.08127654572957536,0.0015757487139290982,0.07026310413540324,0.010802898011834337,0.010802898011834337,0.0,0.0,228,8,0.010791553700060507,True,0,14,45
ridge_teacher,4,6,128,moving,0.011013441594172132,0.01072097372914641,8,2,7,0,0.010765229807145484,0.010746395224501038,0.011013193030170345,0.01102127411383213,8.081083661785893e-06,0.0,7.832519659998344e-06,0.06127468931794502,0.06262726648942231,0.0013525771714772913,0.051613824895250175,0.010765229807145485,0.010765229807145485,0.0,0.0,249,16,0.010760859438055579,True,0,13,44
ridge_teacher,4,7,8,fixed,0.011981431951708562,0.010835584810106493,7,0,3,4,0.01090426798697152,0.011981469450032664,0.10456463982596165,0.10610671287984082,0.00154207305387917,0.09258320787425309,0.09412528092813226,0.10456463982596165,0.10610671287984082,0.00154207305387917,0.09412528092813226,0.1463019391155154,0.1463019391155154,0.0,0.13432050716380683,11,4,0.012014634933134118,False,1,0,2
ridge_teacher,4,7,8,fixed,0.011981431951708562,0.010835584810106493,7,1,5,0,0.010982183584520244,0.010917136646098164,0.011967988456418933,0.011989350869672505,2.136241325357245e-05,0.0,7.918917963943561e-06,0.03504117641597189,0.03573254997359939,0.0006913735576275018,0.02375111802189083,0.13361632498877662,0.13361632498877662,0.0,0.12163489303706806,11,4,0.012014634933134118,True,0,7,18
ridge_teacher,4,7,8,fixed,0.011981431951708562,0.010835584810106493,7,2,7,2,0.010866559424394094,0.010979087404839286,0.011984339607882265,0.01199508407846654,1.0744470584274704e-05,2.9076561737038237e-06,1.3652126757978528e-05,0.04710608474389777,0.04792676987801444,0.0008206851341166707,0.03594533792630588,0.1338624991499701,0.1338624991499701,0.0,0.12188106719826153,11,4,0.012014634933134118,False,2,16,48
ridge_teacher,4,7,8,moving,0.0129648100669282,0.010835584810106493,8,0,2,6,0.010979087404839286,0.011337216242776133,0.08768526086178886,0.08875126843486046,0.0010660075730715979,0.07472045079486067,0.07578645836793227,0.08768526086178886,0.08875126843486046,0.0010660075730715979,0.07578645836793227,0.1476869981672506,0.1476869981672506,0.0,0.13472218810032238,11,2,0.024665587825154742,False,1,0,2
ridge_teacher,4,7,8,moving,0.0129648100669282,0.010835584810106493,8,1,4,3,0.011981469450032664,0.01090426798697152,0.012971353272471264,0.012979509247368874,8.15597489760983e-06,6.543205543064687e-06,1.4699180440674517e-05,0.10456463982596165,0.10610671287984082,0.00154207305387917,0.09314190281291262,0.1463019391155154,0.1463019391155154,0.0,0.1333371290485872,11,2,0.024665587825154742,False,5,17,55
ridge_teacher,4,7,8,moving,0.0129648100669282,0.010835584810106493,8,2,1,7,0.012037211397759255,0.010866559424394094,0.012970668250736696,0.012977475183446338,6.806932709641986e-06,5.858183808497147e-06,1.2665116518139133e-05,0.07704082217616068,0.0780765098459356,0.0010356876697749234,0.06511169977900741,0.14540192672662525,0.14540192672662525,0.0,0.13243711665969704,11,2,0.024665587825154742,False,3,15,42
ridge_teacher,4,7,16,fixed,0.011981431951708562,0.010739974505286794,8,0,3,4,0.010815233738914786,0.010782381944020852,0.011982319052603349,0.011991333525756967,9.014473153618613e-06,8.871008947870795e-07,9.901574048405692e-06,0.10071672907223449,0.10228781105766523,0.001571081985430739,0.09030637910595667,0.13278047104796473,0.13278047104796473,0.0,0.12079903909625617,34,4,0.012014634933134118,True,0,12,41
ridge_teacher,4,7,16,fixed,0.011981431951708562,0.010739974505286794,8,1,5,1,0.010878504872717142,0.010782813638839116,0.011988461909211472,0.011995087969423338,6.626060211865903e-06,7.0299575029107025e-06,1.3656017714776605e-05,0.0927914791023839,0.0940913374354696,0.0012998583330856989,0.08210990548376104,0.14864556384722538,0.14864556384722538,0.0,0.13666413189551682,11,4,0.012014634933134118,False,9,13,44
ridge_teacher,4,7,16,fixed,0.011981431951708562,0.010739974505286794,8,2,0,2,0.010754556555275246,0.010839158303258423,0.011980165049017286,0.011989756900944252,9.591851926966238e-06,0.0,8.324949235690576e-06,0.061065975248899756,0.06218578470311549,0.0011198094542157339,0.05020435275140693,0.13309382171126644,0.13309382171126644,0.0,0.12111238975955788,14,4,0.012014634933134118,True,0,8,26
ridge_teacher,4,7,16,moving,0.011523900333927943,0.010739974505286794,8,0,2,7,0.010839158303258423,0.010797694515732304,0.01153122307272956,0.011536739743984942,5.516671255381689e-06,7.322738801617684e-06,1.2839410056999373e-05,0.0681016123709956,0.06918362132376238,0.0010820089527667776,0.057659720989834434,0.024665587825154742,0.024665587825154742,0.0,0.0131416874912268,89,2,0.024665587825154742,False,7,12,63
ridge_teacher,4,7,16,moving,0.011523900333927943,0.010739974505286794,8,1,0,1,0.010754556555275246,0.010782813638839116,0.011522161510256366,0.011532904564035072,1.0743053778706005e-05,0.0,9.004230107129488e-06,0.05295346762863995,0.05400031013420837,0.0010468425055684197,0.042476409800280425,0.13336378990070247,0.13336378990070247,0.0,0.12183988956677452,11,2,0.024665587825154742,True,0,9,26
ridge_teacher,4,7,16,moving,0.011523900333927943,0.010739974505286794,8,2,6,4,0.010745826459352613,0.010782381944020852,0.011519396921823051,0.011533412500766227,1.4015578943175552e-05,0.0,9.512166838284222e-06,0.08070671534074658,0.08218402997374255,0.0014773146329959685,0.0706601296398146,0.13342630052074964,0.13342630052074964,0.0,0.12190240018682169,34,2,0.024665587825154742,True,0,10,32
ridge_teacher,4,7,32,fixed,0.011981431951708562,0.010721955062073976,8,0,7,6,0.010747295543638131,0.010754067002268658,0.011986181047165527,0.011991531556812169,5.350509646642049e-06,4.7490954569653215e-06,1.009960510360737e-05,0.04694949837935925,0.0480572367720069,0.0011077383926476475,0.03607580482029834,0.012014634933134118,0.012014634933134118,0.0,3.320298142555668e-05,138,4,0.012014634933134118,False,2,7,27
ridge_teacher,4,7,32,fixed,0.011981431951708562,0.010721955062073976,8,1,5,2,0.010755457138719936,0.010737976902183683,0.011971185622206802,0.011990679714924629,1.949409271782658e-05,0.0,9.247763216067156e-06,0.0791261013681937,0.08039134955989924,0.001265248191705537,0.06840991760819068,0.012014634933134118,0.012014634933134118,0.0,3.320298142555668e-05,147,4,0.012014634933134118,True,0,10,21
ridge_teacher,4,7,32,fixed,0.011981431951708562,0.010721955062073976,8,2,3,0,0.010769995449047191,0.010773033468379057,0.011984835615119125,0.01198977099550319,4.935380384065574e-06,3.403663410563376e-06,8.33904379462895e-06,0.07567207519973924,0.07688398092069827,0.0012119057209590278,0.06490254896898971,0.012014634933134118,0.012014634933134118,0.0,3.320298142555668e-05,114,4,0.012014634933134118,True,0,8,25
ridge_teacher,4,7,32,moving,0.011287951923809743,0.010721955062073976,8,0,6,0,0.010754067002268658,0.010773033468379057,0.011297158161775695,0.011301188778832407,4.030617056711636e-06,9.20623796595195e-06,1.3236855022663585e-05,0.07316651634339384,0.07435888340659333,0.001192367063199487,0.06307093148278359,0.010791553700060507,0.010791553700060507,0.0,0.0,123,8,0.010791553700060507,False,4,12,37
ridge_teacher,4,7,32,moving,0.011287951923809743,0.010721955062073976,8,1,1,3,0.010746416178986645,0.010769995449047191,0.01128560478356298,0.011297079304964043,1.147452140106385e-05,0.0,9.12738115430023e-06,0.05403080901432535,0.05509973928048095,0.0010689302661556002,0.04381178735667121,0.010791553700060507,0.010791553700060507,0.0,0.0,141,8,0.010791553700060507,True,0,11,35
ridge_teacher,4,7,32,moving,0.011287951923809743,0.010721955062073976,8,2,4,2,0.01073429959041298,0.010737976902183683,0.01129515075251807,0.011301429233069376,6.278480551305532e-06,7.1988287083275815e-06,1.3477309259633113e-05,0.08795363134019403,0.0893355999589509,0.0013819686187568764,0.07804764803514117,0.010791553700060507,0.010791553700060507,0.0,0.0,138,8,0.010791553700060507,False,3,13,42
ridge_teacher,4,7,64,fixed,0.011981431951708562,0.01072097372914641,8,0,2,5,0.010725944011451534,0.010749160490278013,0.011986612973553093,0.011991264594521121,4.651620968028347e-06,5.181021844531328e-06,9.832642812559675e-06,0.04834578479263595,0.04939248515446972,0.001046700361833769,0.03741105320276116,0.012014634933134118,0.012014634933134118,0.0,3.320298142555668e-05,195,4,0.012014634933134118,True,0,5,20
ridge_teacher,4,7,64,fixed,0.011981431951708562,0.01072097372914641,8,1,0,7,0.010738935201795904,0.01074603269864074,0.011965381129260313,0.011987848368579457,2.2467239319144336e-05,0.0,6.41641687089585e-06,0.0712223577201125,0.07258421013098532,0.0013618524108728186,0.060602778179276756,0.012014634933134118,0.012014634933134118,0.0,3.320298142555668e-05,192,4,0.012014634933134118,True,0,9,17
ridge_teacher,4,7,64,fixed,0.011981431951708562,0.01072097372914641,8,2,1,3,0.010755990614793213,0.01074042270102044,0.011983403853285161,0.011990581932384845,7.178079099683446e-06,1.971901576599752e-06,9.149980676283198e-06,0.05343465413560314,0.05459222623305232,0.0011575720974491832,0.04261079428134376,0.012014634933134118,0.012014634933134118,0.0,3.320298142555668e-05,198,4,0.012014634933134118,True,0,6,28
ridge_teacher,4,7,64,moving,0.011121914090022531,0.01072097372914641,8,0,0,1,0.010738935201795904,0.010755990614793213,0.011121585206435877,0.0111314475121164,9.862305680523667e-06,0.0,9.533422093869343e-06,0.08886266732466991,0.09038187049248766,0.0015192031678177564,0.07925995640246514,0.010755990614793213,0.010755990614793213,0.0,0.0,198,32,0.010734249816403812,True,0,14,60
ridge_teacher,4,7,64,moving,0.011121914090022531,0.01072097372914641,8,1,3,2,0.01074042270102044,0.010725944011451534,0.011124074951355964,0.011131355612920717,7.280661564752766e-06,2.160861333432712e-06,9.441522898185478e-06,0.07476477252966121,0.07615216458304713,0.0013873920533859219,0.0650302504930246,0.010740422701020443,0.010740422701020443,0.0,0.0,192,32,0.010734249816403812,True,0,12,53
ridge_teacher,4,7,64,moving,0.011121914090022531,0.01072097372914641,8,2,5,7,0.010749160490278013,0.01074603269864074,0.011123240780927678,0.011130363205359524,7.122424431845603e-06,1.3266909051467407e-06,8.449115336992344e-06,0.07685831541897402,0.07827353379128366,0.0014152183723096373,0.06715161970126113,0.010749160490278013,0.010749160490278013,0.0,0.0,195,32,0.010734249816403812,True,0,13,52
ridge_teacher,4,7,128,fixed,0.011981431951708562,0.01072097372914641,8,0,7,3,0.010729283082512017,0.010768010746626559,0.011965603434094658,0.011991123806050483,2.5520371955824878e-05,0.0,9.691854341921033e-06,0.077949690267597,0.07936090490379723,0.0014112146362002254,0.06737947295208867,0.012014634933134118,0.012014634933134118,0.0,3.320298142555668e-05,225,4,0.012014634933134118,True,0,11,17
ridge_teacher,4,7,128,fixed,0.011981431951708562,0.01072097372914641,8,1,6,2,0.010747557194540812,0.010737164875024734,0.011981844642967395,0.01199064268445144,8.798041484044464e-06,4.1269125883314217e-07,9.210732742877606e-06,0.06401152862909872,0.06535528634692148,0.0013437577178227605,0.053373854395212916,0.012014634933134118,0.012014634933134118,0.0,3.320298142555668e-05,246,4,0.012014634933134118,True,0,7,24
ridge_teacher,4,7,128,fixed,0.011981431951708562,0.01072097372914641,8,2,4,1,0.010737878133172105,0.010759311399008358,0.011982476838219742,0.011991372679476957,8.895841257215015e-06,1.0448865111808286e-06,9.940727768395843e-06,0.07741475098368673,0.07888716596184454,0.00147241497815781,0.06690573401013598,0.012014634933134118,0.012014634933134118,0.0,3.320298142555668e-05,249,4,0.012014634933134118,True,0,8,33
ridge_teacher,4,7,128,moving,0.011013441594172132,0.01072097372914641,8,0,2,1,0.010737164875024734,0.010759311399008358,0.01101471000905897,0.01102182422275564,7.114213696670507e-06,1.2684148868371409e-06,8.382628583507648e-06,0.07081893627083333,0.07216688181261557,0.0013479455417822472,0.06115344021844344,0.010759311399008358,0.010759311399008358,0.0,0.0,249,32,0.010734249816403812,True,0,14,45
ridge_teacher,4,7,128,moving,0.011013441594172132,0.01072097372914641,8,1,6,3,0.010747557194540812,0.010768010746626559,0.011018558343374304,0.011025180768615918,6.622425241614022e-06,5.116749202171977e-06,1.1739174443785999e-05,0.08801044325567958,0.08952094093524599,0.0015104976795664027,0.07850749934107386,0.010768010746626559,0.010768010746626559,0.0,0.0,240,16,0.010760859438055579,False,4,17,55
ridge_teacher,4,7,128,moving,0.011013441594172132,0.01072097372914641,8,2,5,7,0.010762089235123604,0.010729283082512017,0.011010537680027915,0.011021123802939046,1.0586122911130855e-05,0.0,7.682208766913654e-06,0.06679672364711113,0.06808574979634886,0.001289026149237732,0.05707230820217673,0.010762089235123604,0.010762089235123604,0.0,0.0,225,16,0.010760859438055579,True,0,13,40
ridge_teacher,4,8,8,fixed,0.011981431951708562,0.010835584810106493,8,0,6,1,0.010881133610267685,0.010866026796403193,0.011989029076708027,0.011995591249811727,6.5621731036996644e-06,7.597124999465452e-06,1.4159298103165116e-05,0.0944965911320633,0.09594266127228805,0.001446070140224756,0.08396122932057949,0.134221561110201,0.134221561110201,0.0,0.12224012915849244,11,4,0.012014634933134118,False,3,16,50
ridge_teacher,4,8,8,fixed,0.011981431951708562,0.010835584810106493,8,1,5,0,0.010960296846547915,0.010872981293727813,0.014359268841489272,0.014623997477815176,0.00026472863632590396,0.0023778368897807104,0.0026425655261066144,0.11659274779563494,0.11810300952347247,0.0015102617278375252,0.10612157757176391,0.14827186498383665,0.14827186498383665,0.0,0.1362904330321281,11,4,0.012014634933134118,False,22,24,64
ridge_teacher,4,8,8,fixed,0.011981431951708562,0.010835584810106493,8,2,7,4,0.011985062246082877,0.010840637264579855,0.06164386583024764,0.0625158951586048,0.0008720293283571573,0.04966243387853908,0.05053446320689624,0.06164386583024764,0.0625158951586048,0.0008720293283571573,0.05053446320689624,0.14635971387278282,0.14635971387278282,0.0,0.13437828192107426,11,4,0.012014634933134118,False,1,0,2
ridge_teacher,4,8,8,moving,0.0129648100669282,0.010835584810106493,8,0,7,1,0.011985062246082877,0.010866026796403193,0.012974409430021639,0.012978803976505304,4.39454648366519e-06,9.599363093439756e-06,1.3993909577104946e-05,0.05686739293583644,0.05787677459650965,0.0010093816606732142,0.044911964529581454,0.14635971387278282,0.14635971387278282,0.0,0.13339490380585461,11,2,0.024665587825154742,False,4,11,36
ridge_teacher,4,8,8,moving,0.0129648100669282,0.010835584810106493,8,1,6,5,0.010881133610267685,0.010960296846547915,0.012961353057252304,0.012972105636124652,1.075257887234865e-05,0.0,7.295569196453036e-06,0.05149253578519927,0.05255046628045817,0.001057930495258895,0.03958565621352997,0.134221561110201,0.134221561110201,0.0,0.1212567510432728,11,2,0.024665587825154742,True,0,12,22
ridge_teacher,4,8,8,moving,0.0129648100669282,0.010835584810106493,8,2,3,2,0.010967352248860295,0.010987322954601333,0.01293452098302545,0.012963734533340739,2.9213550315288286e-05,0.0,0.0,0.04044417594880593,0.04115778467449805,0.000713608725692122,0.02819297460756985,0.1334629350819933,0.1334629350819933,0.0,0.1204981250150651,11,2,0.024665587825154742,True,0,7,12
ridge_teacher,4,8,16,fixed,0.011981431951708562,0.010739974505286794,8,0,4,0,0.010781753865710501,0.010821953159699206,0.011986161875679267,0.011992333343976208,6.171468296940416e-06,4.729923970705693e-06,1.090139226764611e-05,0.06498759077369302,0.06613887296011312,0.0011512821864200912,0.054157441008404555,0.134205367448704,0.134205367448704,0.0,0.12222393549699545,11,4,0.012014634933134118,False,2,8,29
ridge_teacher,4,8,16,fixed,0.011981431951708562,0.010739974505286794,8,1,1,2,0.010768191486908716,0.010854081458175036,0.011989486590023888,0.011994286704296668,4.800114272779724e-06,8.054638315326337e-06,1.2854752588106061e-05,0.0442482552135979,0.04510535415992419,0.0008570989463262957,0.03312392220821563,0.1335000842445082,0.1335000842445082,0.0,0.12151865229279965,11,4,0.012014634933134118,False,4,7,28
ridge_teacher,4,8,16,fixed,0.011981431951708562,0.010739974505286794,8,2,7,6,0.010825429196547054,0.01077155420800769,0.011975096745750927,0.01199138511426031,1.628836850938245e-05,0.0,9.953162551748149e-06,0.07590255971845633,0.07714867468133806,0.0012461149628817253,0.0651672427296295,0.136885274486775,0.136885274486775,0.0,0.12490384253506645,46,4,0.012014634933134118,True,0,11,26
ridge_teacher,4,8,16,moving,0.011523900333927943,0.010739974505286794,8,0,3,6,0.01085985655430518,0.01077155420800769,0.011533116239912718,0.011538115183895881,4.99894398316332e-06,9.215905984774966e-06,1.4214849967938287e-05,0.06766222428346824,0.06883094104555017,0.0011687167620819255,0.05730704071162222,0.024665587825154742,0.024665587825154742,0.0,0.0131416874912268,79,2,0.024665587825154742,False,9,14,60
ridge_teacher,4,8,16,moving,0.011523900333927943,0.010739974505286794,8,1,0,5,0.010821953159699206,0.010807697432975674,0.011528208103896313,0.01153591461423959,7.706510343276005e-06,4.307769968370581e-06,1.2014280311646586e-05,0.09220409121384053,0.0936340279550381,0.0014299367411975683,0.08211012762111015,0.024665587825154742,0.024665587825154742,0.0,0.0131416874912268,77,2,0.024665587825154742,False,2,14,44
ridge_teacher,4,8,16,moving,0.011523900333927943,0.010739974505286794,8,2,2,1,0.010854081458175036,0.010768191486908716,0.01153103461531502,0.01153517018293311,4.13556761809028e-06,7.134281387077487e-06,1.1269849005167767e-05,0.0442482552135979,0.04510535415992419,0.0008570989463262957,0.03358145382599625,0.1335000842445082,0.1335000842445082,0.0,0.12197618391058027,11,2,0.024665587825154742,False,3,10,35
ridge_teacher,4,8,32,fixed,0.011981431951708562,0.010721955062073976,8,0,2,6,0.010760574566198586,0.010774596061927908,0.011990140400408694,0.011994773782107584,4.633381698889924e-06,8.708448700132237e-06,1.3341830399022162e-05,0.05664521773923034,0.05775522299483473,0.001110005255604389,0.04577379104312617,0.012014634933134118,0.012014634933134118,0.0,3.320298142555668e-05,149,4,0.012014634933134118,False,4,8,30
ridge_teacher,4,8,32,fixed,0.011981431951708562,0.010721955062073976,8,1,7,0,0.010748233300918513,0.01074618589916525,0.011977351203531949,0.011990801228264417,1.345002473246773e-05,0.0,9.369276555854997e-06,0.08155859084799476,0.08291990069724679,0.0013613098492520348,0.07093846874553823,0.012014634933134118,0.012014634933134118,0.0,3.320298142555668e-05,147,4,0.012014634933134118,True,0,10,29
ridge_teacher,4,8,32,fixed,0.011981431951708562,0.010721955062073976,8,2,1,4,0.01075137183224684,0.01075817130463064,0.01197760406136868,0.011990343744227343,1.273968285866317e-05,0.0,8.911792518781839e-06,0.06505699461423436,0.06633401313157462,0.0012770185173402587,0.054352581179866064,0.012014634933134118,0.012014634933134118,0.0,3.320298142555668e-05,117,4,0.012014634933134118,True,0,10,29
ridge_teacher,4,8,32,moving,0.011287951923809743,0.010721955062073976,8,0,4,0,0.01075817130463064,0.01074618589916525,0.011296060262873503,0.011300099809074112,4.039546200609867e-06,8.108339063759434e-06,1.2147885264369301e-05,0.05579659269972765,0.05679928614325405,0.001002693443526402,0.04551133421944431,0.010791553700060507,0.010791553700060507,0.0,0.0,129,8,0.010791553700060507,False,3,9,46
ridge_teacher,4,8,32,moving,0.011287951923809743,0.010721955062073976,8,1,5,6,0.010797932874090296,0.010774596061927908,0.01129059753288845,0.011297287192524883,6.689659636432976e-06,2.6456090787066455e-06,9.335268715139622e-06,0.04665289543937332,0.04766952229964964,0.001016626860276315,0.036381570375839896,0.012014634933134118,0.012014634933134118,0.0,0.0007266830093243751,134,4,0.012014634933134118,True,0,11,30
ridge_teacher,4,8,32,moving,0.011287951923809743,0.010721955062073976,8,2,2,1,0.010760574566198586,0.01075137183224684,0.011293164917162066,0.011297404927485823,4.2400103237565795e-06,5.212993352323239e-06,9.453003676079819e-06,0.030667465649057354,0.03153498659956165,0.0008675209505042969,0.02024703467575191,0.010791553700060507,0.010791553700060507,0.0,0.0,138,8,0.010791553700060507,True,0,8,31
ridge_teacher,4,8,64,fixed,0.011981431951708562,0.01072097372914641,8,0,7,3,0.010759140441525684,0.010756818397421628,0.011981315321503596,0.011989651822825017,8.336501321421289e-06,0.0,8.219871116455293e-06,0.06850935062262428,0.06974618046020946,0.0012368298375851766,0.0577647485085009,0.012014634933134118,0.012014634933134118,0.0,3.320298142555668e-05,201,4,0.012014634933134118,True,0,9,24
ridge_teacher,4,8,64,fixed,0.011981431951708562,0.01072097372914641,8,1,1,2,0.010727238707196406,0.010740884281129716,0.011991175891417436,0.011995133689491785,3.95779807434854e-06,9.743939708874508e-06,1.3701737783223047e-05,0.06464266205986936,0.06584026312595959,0.001197601066090223,0.053858831174251026,0.012014634933134118,0.012014634933134118,0.0,3.320298142555668e-05,198,4,0.012014634933134118,False,5,7,32
ridge_teacher,4,8,64,fixed,0.011981431951708562,0.01072097372914641,8,2,6,4,0.010738600151135822,0.010730867199841081,0.011979162468524106,0.011989490995205182,1.0328526681075909e-05,0.0,8.059043496620732e-06,0.07414538656659364,0.07558089702225147,0.0014355104556578319,0.06359946507054291,0.012014634933134118,0.012014634933134118,0.0,3.320298142555668e-05,198,4,0.012014634933134118,True,0,8,21
ridge_teacher,4,8,64,moving,0.011121914090022531,0.01072097372914641,8,0,0,3,0.010764899962342162,0.010756818397421628,0.011120812808559847,0.011130455028707483,9.64222014763691e-06,0.0,8.540938684952273e-06,0.0646961997296876,0.06593640736352566,0.0012402076338380585,0.05481449327350313,0.010764899962342162,0.010764899962342162,0.0,0.0,192,16,0.010760859438055579,True,0,11,38
ridge_teacher,4,8,64,moving,0.011121914090022531,0.01072097372914641,8,1,2,5,0.010740884281129716,0.010762765979046815,0.011124042759977517,0.011131034863952923,6.992103975405478e-06,2.1286699549861315e-06,9.12077393039161e-06,0.05741221209803391,0.05866184113735005,0.0012496290393161358,0.04753992704732751,0.010762765979046815,0.010762765979046815,0.0,0.0,186,16,0.010760859438055579,True,0,12,48
ridge_teacher,4,8,64,moving,0.011121914090022531,0.01072097372914641,8,2,7,1,0.010759140441525684,0.010727238707196406,0.011119779305539763,0.01113080671617704,1.1027410637276178e-05,0.0,8.892626154508379e-06,0.07325201295504263,0.07454381927770358,0.001291806322660946,0.06342190518768105,0.010760859438055579,0.010760859438055579,0.0,0.0,198,16,0.010760859438055579,True,0,13,43
ridge_teacher,4,8,128,fixed,0.011981431951708562,0.01072097372914641,8,0,1,0,0.010762632719414614,0.010737617995477289,0.011973386133525754,0.011989797101823019,1.6410968297264975e-05,0.0,8.365150114457084e-06,0.07354067619061175,0.07496014029530136,0.0014194641046896134,0.0629787083435928,0.012014634933134118,0.012014634933134118,0.0,3.320298142555668e-05,246,4,0.012014634933134118,True,0,9,21
ridge_teacher,4,8,128,fixed,0.011981431951708562,0.01072097372914641,8,1,7,3,0.010766156036768034,0.010739949170004842,0.011958234011869611,0.011990914983067716,3.2680971198104786e-05,0.0,9.483031359154223e-06,0.07042590851755871,0.0718201732467208,0.001394264729162084,0.05983874129501224,0.012014634933134118,0.012014634933134118,0.0,3.320298142555668e-05,237,4,0.012014634933134118,True,0,8,17
ridge_teacher,4,8,128,fixed,0.011981431951708562,0.01072097372914641,8,2,4,6,0.010755721740878115,0.010738063402388908,0.011980989387733922,0.01199025636809374,9.26698035981846e-06,0.0,8.824416385179099e-06,0.07325510832600816,0.0747254585873768,0.0014703502613686303,0.06274402663566823,0.012014634933134118,0.012014634933134118,0.0,3.320298142555668e-05,246,4,0.012014634933134118,True,0,10,31
ridge_teacher,4,8,128,moving,0.011013441594172132,0.01072097372914641,8,0,6,7,0.010738063402388908,0.010766156036768034,0.011011299087672916,0.01102233447907409,1.1035391401173142e-05,0.0,8.892884901957193e-06,0.06320028453355342,0.06459543779181379,0.0013951532582603676,0.05358199619764165,0.010766156036768034,0.010766156036768034,0.0,0.0,243,16,0.010760859438055579,True,0,13,38
ridge_teacher,4,8,128,moving,0.011013441594172132,0.01072097372914641,8,1,1,3,0.010762632719414614,0.010739949170004842,0.011010950183352372,0.011022668997281873,1.1718813929501026e-05,0.0,9.227403109740573e-06,0.0771161560706067,0.07860429553073794,0.001488139460131238,0.06759085393656582,0.010762632719414614,0.010762632719414614,0.0,0.0,255,16,0.010760859438055579,True,0,13,44
ridge_teacher,4,8,128,moving,0.011013441594172132,0.01072097372914641,8,2,2,4,0.010725960371834913,0.010755721740878115,0.01101334021529577,0.011023322363936177,9.982148640405933e-06,0.0,9.880769764044478e-06,0.06548136222170486,0.06680198046646467,0.0013206182447598053,0.055788538872292535,0.010755721740878115,0.010755721740878115,0.0,0.0,249,32,0.010734249816403812,True,0,13,46
ridge_teacher,4,9,8,fixed,0.011981431951708562,0.010835584810106493,7,0,2,5,0.010905181495324524,0.010901642692456682,0.01197758940975473,0.011989727322257008,1.213791250227747e-05,0.0,8.295370548446271e-06,0.05734107068891972,0.05830426010154216,0.0009631894126224394,0.0463228281498336,0.13462124029147357,0.13462124029147357,0.0,0.12263980833976501,11,4,0.012014634933134118,True,0,11,29
ridge_teacher,4,9,8,fixed,0.011981431951708562,0.010835584810106493,7,1,7,3,0.010984348149038066,0.010932871824921385,0.11089285614867815,0.11220058276632819,0.0013077266176500374,0.09891142419696959,0.10021915081461963,0.11089285614867815,0.11220058276632819,0.0013077266176500374,0.10021915081461963,0.13340073865835292,0.13340073865835292,0.0,0.12141930670664436,11,4,0.012014634933134118,False,1,0,2
ridge_teacher,4,9,8,fixed,0.011981431951708562,0.010835584810106493,7,2,1,4,0.010881222044620527,0.010942946902905173,0.011986011038190464,0.011993287148647051,7.27611045658709e-06,4.579086481902583e-06,1.1855196938489673e-05,0.08767952740041453,0.08902402364851708,0.001344496248102553,0.07704259169680852,0.1342001923273367,0.1342001923273367,0.0,0.12221876037562815,11,4,0.012014634933134118,False,2,20,53
ridge_teacher,4,9,8,moving,0.0129648100669282,0.010835584810106493,7,0,2,0,0.010905181495324524,0.010861189265950534,0.012974765307731033,0.012994849129006588,2.0083821275555108e-05,9.955240802833262e-06,3.003906207838837e-05,0.11526368301523544,0.11677086031468177,0.0015071772994463273,0.10380605024775358,0.14829055270215805,0.14829055270215805,0.0,0.13532574263522984,11,2,0.024665587825154742,False,16,21,62
ridge_teacher,4,9,8,moving,0.0129648100669282,0.010835584810106493,7,1,3,1,0.010932871824921385,0.010881222044620527,0.012958013294685765,0.012973488108371064,1.547481368529939e-05,0.0,8.678041442864576e-06,0.08664211401961368,0.08801502992984755,0.0013729159102338767,0.07505021986291935,0.1342001923273367,0.1342001923273367,0.0,0.1212353822604085,11,2,0.024665587825154742,True,0,10,31
ridge_teacher,4,9,8,moving,0.0129648100669282,0.010835584810106493,7,2,4,7,0.010942946902905173,0.010984348149038066,0.01295457608532437,0.0129676660696161,1.308998429173057e-05,0.0,2.8560026879009826e-06,0.04043016527619113,0.04104455025775566,0.0006143849815645336,0.028079740190827464,0.13340073865835292,0.13340073865835292,0.0,0.12043592859142471,11,2,0.024665587825154742,True,0,8,12
ridge_teacher,4,9,16,fixed,0.011981431951708562,0.010739974505286794,8,0,6,7,0.010792672704513853,0.01078767457307238,0.01198412642039057,0.011991427407486181,7.300987095610126e-06,2.694468682009135e-06,9.995455777619261e-06,0.06165101231323747,0.06284712921755833,0.0011961169043208653,0.050865697265849774,0.13409108234597467,0.13409108234597467,0.0,0.1221096503942661,11,4,0.012014634933134118,True,0,8,35
ridge_teacher,4,9,16,fixed,0.011981431951708562,0.010739974505286794,8,1,1,5,0.010818872022794229,0.010842455905827351,0.011990892252029414,0.01199542750333834,4.535251308925015e-06,9.460300320852585e-06,1.39955516297776e-05,0.07869005074868599,0.07995003505837607,0.0012599843096900848,0.06796860310666751,0.136030959733546,0.136030959733546,0.0,0.12404952778183745,11,4,0.012014634933134118,False,3,13,31
ridge_teacher,4,9,16,fixed,0.011981431951708562,0.010739974505286794,8,2,4,2,0.010800889494134358,0.010795443468519933,0.011970689791289237,0.011990307002571634,1.961721128239738e-05,0.0,8.875050863072637e-06,0.08694532033151073,0.0882693089311366,0.001323988599625875,0.07628787697942804,0.133625474960131,0.133625474960131,0.0,0.12164404300842244,14,4,0.012014634933134118,True,0,13,27
ridge_teacher,4,9,16,moving,0.011523900333927943,0.010739974505286794,8,0,6,4,0.010792672704513853,0.010800889494134358,0.011523722545649942,0.011533593504258222,9.870958608279926e-06,0.0,9.69317033027925e-06,0.10447239071463814,0.10596555359689389,0.001493162882255747,0.09444165326296594,0.024665587825154742,0.024665587825154742,0.0,0.0131416874912268,80,2,0.024665587825154742,True,0,16,53
ridge_teacher,4,9,16,moving,0.011523900333927943,0.010739974505286794,8,1,3,0,0.010794480796025286,0.010798230024491661,0.011533735289417105,0.01153760368588707,3.8683964699651185e-06,9.834955489161981e-06,1.37033519591271e-05,0.03346172367789585,0.03421924173531908,0.0007575180574232315,0.022695341401391136,0.14868987542766646,0.14868987542766646,0.0,0.1371659750937385,37,2,0.024665587825154742,False,4,6,31
ridge_teacher,4,9,16,moving,0.011523900333927943,0.010739974505286794,8,2,7,2,0.01078767457307238,0.010795443468519933,0.01152379563941551,0.011533892998009034,1.0097358593523509e-05,0.0,9.992664081090799e-06,0.09509122445380463,0.09656272027556412,0.0014714958217594831,0.08503881994163617,0.13409108234597467,0.13409108234597467,0.0,0.12256718201204672,11,2,0.024665587825154742,True,0,13,41
ridge_teacher,4,9,32,fixed,0.011981431951708562,0.010721955062073976,8,0,2,5,0.010734500115825316,0.010739933704771866,0.011979329846061136,0.011989981702708982,1.0651856647845084e-05,0.0,8.549751000419895e-06,0.0802847919186781,0.08163215124173498,0.0013473593230568792,0.06965071929002642,0.012014634933134118,0.012014634933134118,0.0,3.320298142555668e-05,129,4,0.012014634933134118,True,0,10,20
ridge_teacher,4,9,32,fixed,0.011981431951708562,0.010721955062073976,8,1,6,0,0.010764807424877532,0.010756335743952015,0.011981573512500055,0.011990368511549759,8.794999049703545e-06,1.4156079149348078e-07,8.936559841197025e-06,0.06773646581255872,0.06896208806781653,0.0012256222552578105,0.056980656116107975,0.012014634933134118,0.012014634933134118,0.0,3.320298142555668e-05,129,4,0.012014634933134118,True,0,9,25
ridge_teacher,4,9,32,fixed,0.011981431951708562,0.010721955062073976,8,2,7,3,0.010779396967234359,0.010743957748134343,0.011980889291943006,0.011991414462727785,1.0525170784779492e-05,0.0,9.982511019223858e-06,0.07836009009884769,0.07967656927188829,0.001316479173040605,0.06769513732017973,0.012014634933134118,0.012014634933134118,0.0,3.320298142555668e-05,129,4,0.012014634933134118,True,0,9,24
ridge_teacher,4,9,32,moving,0.011287951923809743,0.010721955062073976,8,0,6,7,0.010764807424877532,0.010779396967234359,0.011291652126141508,0.01129942572720611,7.773601064601718e-06,3.700202331764768e-06,1.1473803396366486e-05,0.08884976210409115,0.09029014719740823,0.0014403850933170786,0.07900219527359849,0.010791553700060507,0.010791553700060507,0.0,0.0,120,8,0.010791553700060507,False,3,15,40
ridge_teacher,4,9,32,moving,0.011287951923809743,0.010721955062073976,8,1,5,3,0.010739933704771866,0.010743957748134343,0.011295140044114242,0.011300802491392732,5.662447278490315e-06,7.188120304498988e-06,1.2850567582989303e-05,0.08029734822184027,0.08164721901189578,0.0013498707900555101,0.07035926708808604,0.010791553700060507,0.010791553700060507,0.0,0.0,129,8,0.010791553700060507,False,4,12,45
ridge_teacher,4,9,32,moving,0.011287951923809743,0.010721955062073976,8,2,1,2,0.010744875757906292,0.010734500115825316,0.011277605183241527,0.011297933728516263,2.03285452747351e-05,0.0,9.981804706519354e-06,0.07119475835388939,0.07236192269008002,0.0011671643361906292,0.061073970766270275,0.010791553700060507,0.010791553700060507,0.0,0.0,132,8,0.010791553700060507,True,0,12,25
ridge_teacher,4,9,64,fixed,0.011981431951708562,0.01072097372914641,8,0,1,0,0.010733289954260873,0.010752696774333758,0.011976150247175027,0.011991147382424586,1.4997135249559049e-05,0.0,9.715430716024029e-06,0.044584514170426984,0.0456779386390998,0.0010934244686728184,0.03369650668739124,0.012014634933134118,0.012014634933134118,0.0,3.320298142555668e-05,171,4,0.012014634933134118,True,0,8,25
ridge_teacher,4,9,64,fixed,0.011981431951708562,0.01072097372914641,8,1,5,7,0.010740444825445936,0.010740750413491568,0.011968229645228713,0.011990505681797643,2.227603656893007e-05,0.0,9.073730089081272e-06,0.07544296748037221,0.07681782984149364,0.001374862361121429,0.06483639788978508,0.012014634933134118,0.012014634933134118,0.0,3.320298142555668e-05,180,4,0.012014634933134118,True,0,9,24
ridge_teacher,4,9,64,fixed,0.011981431951708562,0.01072097372914641,8,2,2,3,0.01077499575147635,0.01072165605251277,0.011972571036700203,0.01198548326222048,1.2912225520276405e-05,0.0,4.051310511917969e-06,0.05974619613649944,0.06106330717185155,0.0013171110353521129,0.04908187522014299,0.012014634933134118,0.012014634933134118,0.0,3.320298142555668e-05,174,4,0.012014634933134118,True,0,8,26
ridge_teacher,4,9,64,moving,0.011121914090022531,0.01072097372914641,8,0,2,3,0.01077499575147635,0.01072165605251277,0.011127910891883946,0.011134095001422768,6.184109538821814e-06,5.996801861415241e-06,1.2180911400237054e-05,0.05974619613649944,0.06106330717185155,0.0013171110353521129,0.049941393081829016,0.01077499575147635,0.01077499575147635,0.0,0.0,174,16,0.010760859438055579,False,4,12,46
ridge_teacher,4,9,64,moving,0.011121914090022531,0.01072097372914641,8,1,5,0,0.010740444825445936,0.010752696774333758,0.011121164847808349,0.011131497691216736,1.0332843408386583e-05,0.0,9.583601194204303e-06,0.06733083464037165,0.06864587347141085,0.0013150388310392003,0.05752395938138832,0.010752696774333758,0.010752696774333758,0.0,0.0,168,32,0.010734249816403812,True,0,13,48
ridge_teacher,4,9,64,moving,0.011121914090022531,0.01072097372914641,8,2,6,4,0.010724979989175255,0.010739522210048235,0.011129536483637693,0.011135053011502602,5.5165278649085825e-06,7.622393615161829e-06,1.3138921480070412e-05,0.07628167171052254,0.07763041217317808,0.00134874046265554,0.06650849808315555,0.010739522210048235,0.010739522210048235,0.0,0.0,171,32,0.010734249816403812,False,7,12,61
ridge_teacher,4,9,128,fixed,0.011981431951708562,0.01072097372914641,8,0,0,5,0.01074523135368398,0.010763252360492595,0.0119623343533722,0.011984441560212304,2.210720684010445e-05,0.0,3.009608503742184e-06,0.061116406064679295,0.062411552864969834,0.0012951468002905392,0.050430120913261274,0.012014634933134118,0.012014634933134118,0.0,3.320298142555668e-05,231,4,0.012014634933134118,True,0,5,21
ridge_teacher,4,9,128,fixed,0.011981431951708562,0.01072097372914641,8,1,4,7,0.010757374115316817,0.010741287404242638,0.011986498868569426,0.011991259056307726,4.760187738300087e-06,5.066916860864759e-06,9.827104599164846e-06,0.08647181414432266,0.08797455140254434,0.0015027372582216841,0.07599311945083578,0.012014634933134118,0.012014634933134118,0.0,3.320298142555668e-05,243,4,0.012014634933134118,True,0,10,30
ridge_teacher,4,9,128,fixed,0.011981431951708562,0.01072097372914641,8,2,1,6,0.010754554149442735,0.010743027358164308,0.01196699936392846,0.011981913245912367,1.4913881983907862e-05,0.0,4.812942038055074e-07,0.06771240759406139,0.06906522379147637,0.00135281619741498,0.057083791839767806,0.012014634933134118,0.012014634933134118,0.0,3.320298142555668e-05,249,4,0.012014634933134118,True,0,10,20
ridge_teacher,4,9,128,moving,0.011013441594172132,0.01072097372914641,8,0,2,0,0.010741944368777618,0.01074523135368398,0.011016466449447659,0.011023349783318356,6.883333870697644e-06,3.024855275526525e-06,9.90818914622417e-06,0.07141843024907528,0.07282958507543419,0.0014111548263589097,0.061816143481262055,0.010745231353683982,0.010745231353683982,0.0,0.0,255,32,0.010734249816403812,True,0,12,58
ridge_teacher,4,9,128,moving,0.011013441594172132,0.01072097372914641,8,1,4,3,0.010757374115316817,0.010781797261737756,0.011022343317485757,0.011028465348759208,6.122031273451609e-06,8.901723313624668e-06,1.5023754587076277e-05,0.07986485038439475,0.08131560378620344,0.0014507534018086826,0.07030216219203131,0.010781797261737756,0.010781797261737756,0.0,0.0,237,16,0.010760859438055579,False,4,14,49
ridge_teacher,4,9,128,moving,0.011013441594172132,0.01072097372914641,8,2,6,5,0.010743027358164308,0.010763252360492595,0.01101271916310557,0.011021418742394788,8.69957928921819e-06,0.0,7.977148222655661e-06,0.08400876518168941,0.085530041688051,0.0015212765063615935,0.07451660009387888,0.010763252360492595,0.010763252360492595,0.0,0.0,231,16,0.010760859438055579,True,0,13,48
