dataset,input_dim,replicate,width,level_type,threshold,optimization_proxy,eligible_models,pair_index,model_left,model_right,endpoint_left,endpoint_right,sampled_path_max,certified_path_upper,certificate_width,sampled_gap,certified_gap_upper,direct_sampled_max,direct_certified_upper,direct_certificate_width,direct_certified_gap_upper,proof_node_max,proof_certified_upper,proof_certificate_width,proof_certified_gap_upper,proof_path_nodes,proof_bridge_width,proof_reference_objective,certified_below_level,unresolved_segments,trained_midpoints,path_nodes
ridge_teacher_binary,1,0,8,fixed,0.5961500282892952,0.5961500197619644,8,0,0,1,0.5961500268407957,0.596150019921962,0.5961574937854662,0.5961609717419285,3.4779564622722248e-06,7.4654961710329815e-06,1.0943452633305206e-05,0.5984372406720423,0.5993531691282211,0.0009159284561788272,0.003203140838925922,0.6786593147999276,0.6786593147999276,0.0,0.08250928651063238,11,4,0.596150019925957,False,5,7,72
ridge_teacher_binary,1,0,8,fixed,0.5961500282892952,0.5961500197619644,8,1,2,3,0.5961500205091372,0.5961500274930858,0.5961579448326182,0.5961716463316309,1.3701499012697127e-05,7.916543322994407e-06,2.1618042335691534e-05,0.6190492558084666,0.6218646236993617,0.002815367890895093,0.025714595410066488,0.6786806990081851,0.6786806990081851,0.0,0.08253067071888986,11,4,0.596150019925957,False,68,14,117
ridge_teacher_binary,1,0,8,fixed,0.5961500282892952,0.5961500197619644,8,2,4,5,0.59615002092132,0.5961500294008313,0.5961563338202458,0.5961698923376038,1.3558517357958877e-05,6.305530950601046e-06,1.9864048308559923e-05,0.6213177242094731,0.6233237496475673,0.00200602543809425,0.027173721358272118,0.6786683204165745,0.6786683204165745,0.0,0.08251829212727935,11,4,0.596150019925957,False,92,9,101
ridge_teacher_binary,1,0,8,moving,0.6010513190066379,0.5961500197619644,8,0,1,2,0.596150019921962,0.5961500205091372,0.6009608498820923,0.6010563211859505,9.547130385823e-05,0.0,5.002179312652011e-06,0.6210457615746148,0.6234393404067176,0.002393578832102783,0.022388021400079672,0.5961500218374359,0.5961500218374359,0.0,0.0,23,2,0.5961500218374359,True,0,6,11
ridge_teacher_binary,1,0,8,moving,0.6010513190066379,0.5961500197619644,8,1,0,4,0.5961500268407957,0.59615002092132,0.6008322284915719,0.6009850304110713,0.00015280191949940125,0.0,0.0,0.6026628612992341,0.604160679455827,0.0014978181565928894,0.0031093604491890803,0.5961500268407957,0.5961500268407957,0.0,0.0,29,2,0.5961500218374359,True,0,2,6
ridge_teacher_binary,1,0,8,moving,0.6010513190066379,0.5961500197619644,8,2,5,3,0.5961500294008313,0.5961500274930858,0.6010540876278491,0.6010607736818943,6.686054045190737e-06,2.7686212111799335e-06,9.45467525637067e-06,0.6395834964586634,0.6424993312668772,0.0029158348082137797,0.04144801226023931,0.5961500294008313,0.5961500294008313,0.0,0.0,29,2,0.5961500218374359,True,0,11,30
ridge_teacher_binary,1,0,16,fixed,0.5961500282892952,0.5961500197619644,8,0,7,0,0.596150023884468,0.5961500213894709,0.5961599851102245,0.5961790972635018,1.9112153277323074e-05,9.956820929302168e-06,2.9068974206625242e-05,0.6244498165137374,0.627872059096602,0.0034222425828646097,0.031722030807306845,0.596150023884468,0.596150023884468,0.0,0.0,68,4,0.596150019925957,False,90,15,129
ridge_teacher_binary,1,0,16,fixed,0.5961500282892952,0.5961500197619644,8,1,5,2,0.596150020019264,0.5961500204346883,0.5961583516641998,0.5961789353616737,2.0583697473819385e-05,8.323374904639635e-06,2.890707237845902e-05,0.6257075407018384,0.6292695355175942,0.003561994815755809,0.03311950722829904,0.5961500204346883,0.5961500204346883,0.0,0.0,55,4,0.596150019925957,False,94,16,129
ridge_teacher_binary,1,0,16,fixed,0.5961500282892952,0.5961500197619644,8,2,3,1,0.596150019835984,0.5961500244256429,0.5961587184623568,0.596185664286877,2.694582452023031e-05,8.690173061598472e-06,3.563599758182878e-05,0.634973274980516,0.6382844241672601,0.0033111491867440224,0.04213439587796486,0.5961500244256429,0.5961500244256429,0.0,0.0,58,4,0.596150019925957,False,88,16,117
ridge_teacher_binary,1,0,16,moving,0.599615762526353,0.5961500197619644,8,0,3,6,0.596150019835984,0.5961500227742677,0.5995694521896914,0.5996210951851272,5.164299543580775e-05,0.0,5.332658774226395e-06,0.6530733633938022,0.6572612949723948,0.004187931578592652,0.05764553244604187,0.5961500227742677,0.5961500227742677,0.0,0.0,65,2,0.5961500218374359,True,0,9,27
ridge_teacher_binary,1,0,16,moving,0.599615762526353,0.5961500197619644,8,1,7,4,0.596150023884468,0.5961500318299708,0.5996148562188673,0.5996376526067705,2.2796387903145643e-05,0.0,2.1890080417530378e-05,0.6545633106559134,0.6594283786514428,0.004865067995529326,0.05981261612508981,0.5961500318299708,0.5961500318299708,0.0,0.0,65,2,0.5961500218374359,False,3,13,36
ridge_teacher_binary,1,0,16,moving,0.599615762526353,0.5961500197619644,8,2,0,2,0.5961500213894709,0.5961500204346883,0.5996083692985713,0.5996216915204217,1.33222218503537e-05,0.0,5.928994068704618e-06,0.626409639045271,0.6297626754983612,0.0033530364530901524,0.030146912972008222,0.5961500213894709,0.5961500213894709,0.0,0.0,66,4,0.596150019925957,True,0,7,26
ridge_teacher_binary,1,0,32,fixed,0.5961500282892952,0.5961500197619644,8,0,3,5,0.5961500197637692,0.5961500230317377,0.5961586313087485,0.5961898285680277,3.119725927924755e-05,8.603019453268246e-06,3.980027873251579e-05,0.6431349188671642,0.6476218895397331,0.0044869706725688685,0.0514718612504379,0.5961500230317377,0.5961500230317377,0.0,0.0,114,4,0.596150019925957,False,120,15,129
ridge_teacher_binary,1,0,32,fixed,0.5961500282892952,0.5961500197619644,8,1,4,0,0.5961500250692892,0.596150024837144,0.5961562166336261,0.5961797222519549,2.3505618328867328e-05,6.188344330859685e-06,2.9693962659727013e-05,0.6294291732995565,0.6335414485365125,0.004112275236956009,0.03739142024721731,0.5961500250692892,0.5961500250692892,0.0,0.0,117,4,0.596150019925957,False,112,16,129
ridge_teacher_binary,1,0,32,fixed,0.5961500282892952,0.5961500197619644,8,2,7,1,0.5961500254417919,0.5961500210034688,0.5961580035580518,0.5961821774988006,2.4173940748828393e-05,7.975268756621468e-06,3.214920950544986e-05,0.6298008655353098,0.6338390998037342,0.004038234268424423,0.03768907151443901,0.5961500254417919,0.5961500254417919,0.0,0.0,120,4,0.596150019925957,False,118,16,129
ridge_teacher_binary,1,0,32,moving,0.5986006723948069,0.5961500197619644,8,0,3,6,0.5961500197637692,0.596150021887244,0.5985831972412476,0.5986082810580227,2.508381677501781e-05,0.0,7.608663215807887e-06,0.62543403990496,0.6293288102687541,0.0038947703637940423,0.030728137873947237,0.596150021887244,0.596150021887244,0.0,0.0,126,2,0.5961500218374359,True,0,4,18
ridge_teacher_binary,1,0,32,moving,0.5986006723948069,0.5961500197619644,8,1,5,0,0.5961500230317377,0.596150024837144,0.5984622771768048,0.5985819054183833,0.0001196282415785177,0.0,0.0,0.6200915612617827,0.6238691172080222,0.003777555946239519,0.02526844481321533,0.596150024837144,0.596150024837144,0.0,0.0,111,2,0.5961500218374359,True,0,3,12
ridge_teacher_binary,1,0,32,moving,0.5986006723948069,0.5961500197619644,8,2,4,7,0.5961500250692892,0.5961500254417919,0.5985912975675992,0.5986096380952943,1.8340527695115405e-05,0.0,8.96570048747325e-06,0.6254285338046738,0.6288446397257758,0.003416105921101975,0.0302439673309689,0.5961500254417919,0.5961500254417919,0.0,0.0,117,2,0.5961500218374359,True,0,2,20
ridge_teacher_binary,1,0,64,fixed,0.5961500282892952,0.5961500197619644,8,0,3,1,0.5961500199659248,0.5961500198902414,0.5961593626228844,0.5961773559231264,1.799330024199186e-05,9.334333589183785e-06,2.7327633831175646e-05,0.624112501615308,0.6290508384247628,0.00493833680945488,0.03290081013546764,0.5961500199659248,0.5961500199659248,0.0,0.0,162,4,0.596150019925957,False,128,16,129
ridge_teacher_binary,1,0,64,fixed,0.5961500282892952,0.5961500197619644,8,1,4,7,0.5961500201380521,0.5961500253991147,0.5961574284621769,0.5961723541854851,1.4925723308190086e-05,7.400172881699696e-06,2.2325896189889782e-05,0.6134102759559681,0.6166023257471674,0.0031920497911993584,0.02045229745787225,0.5961500253991147,0.5961500253991147,0.0,0.0,165,4,0.596150019925957,False,125,11,129
ridge_teacher_binary,1,0,64,fixed,0.5961500282892952,0.5961500197619644,8,2,5,0,0.5961500227101915,0.5961500197808037,0.5961582702215961,0.5961739748771399,1.570465554379119e-05,8.24193230086756e-06,2.394658784465875e-05,0.611294596698219,0.6147896268942026,0.0034950301959836283,0.01863959860490738,0.5961500227101915,0.5961500227101915,0.0,0.0,156,4,0.596150019925957,False,116,11,129
ridge_teacher_binary,1,0,64,moving,0.5978828927430196,0.5961500197619644,8,0,3,2,0.5961500199659248,0.5961500200901916,0.5977959685194011,0.5978907856434447,9.4817124043578e-05,0.0,7.892900425021665e-06,0.6140669820900986,0.6178582151178441,0.003791233027745533,0.019975322374824467,0.5961500200901916,0.5961500200901916,0.0,0.0,168,4,0.596150019925957,True,0,5,16
ridge_teacher_binary,1,0,64,moving,0.5978828927430196,0.5961500197619644,8,1,0,1,0.5961500197808037,0.5961500198902414,0.5978580759469169,0.597890434396907,3.235844999016635e-05,0.0,7.5416538873884775e-06,0.6239808750820252,0.6285802749571695,0.00459939987514435,0.03069738221414986,0.5961500198902414,0.5961500198902414,0.0,0.0,159,8,0.5961500197739396,True,0,6,36
ridge_teacher_binary,1,0,64,moving,0.5978828927430196,0.5961500197619644,8,2,6,5,0.5961500206488537,0.5961500227101915,0.5978786124113431,0.5978904996649933,1.1887253650200158e-05,0.0,7.606921973657421e-06,0.618581248735469,0.6228453193455041,0.004264070610035087,0.02496242660248449,0.5961500227101915,0.5961500227101915,0.0,0.0,150,2,0.5961500218374359,True,0,5,44
ridge_teacher_binary,1,0,128,fixed,0.5961500282892952,0.5961500197619644,8,0,5,6,0.5961500214214921,0.5961500236324809,0.5961594998372597,0.5961777823110384,1.8282473778663544e-05,9.471547964490235e-06,2.775402174315378e-05,0.6259566565655721,0.6304193170579168,0.004462660492344672,0.034269288768621564,0.5961500236324809,0.5961500236324809,0.0,0.0,219,4,0.596150019925957,False,128,14,129
ridge_teacher_binary,1,0,128,fixed,0.5961500282892952,0.5961500197619644,8,1,0,4,0.5961500201415612,0.596150019840145,0.596157278406771,0.596178601839166,2.132343239502621e-05,7.25011747582105e-06,2.857354987084726e-05,0.6178951567732077,0.6223229885434036,0.0044278317701959,0.026172960254108424,0.5961500201415612,0.5961500201415612,0.0,0.0,207,4,0.596150019925957,False,128,14,129
ridge_teacher_binary,1,0,128,fixed,0.5961500282892952,0.5961500197619644,8,2,1,3,0.5961500219227116,0.5961500197744718,0.5961596467011592,0.5961796412811458,1.999457998658194e-05,9.618411863976384e-06,2.9612991850558323e-05,0.6234000670335137,0.6278613293288468,0.004461262295333057,0.031711301039551554,0.5961500219227116,0.5961500219227116,0.0,0.0,198,4,0.596150019925957,False,128,14,129
ridge_teacher_binary,1,0,128,moving,0.597375345967672,0.5961500197619644,8,0,5,2,0.5961500214214921,0.5961500234811437,0.5973767412092162,0.5973999467526637,2.3205543447479826e-05,1.395241544299708e-06,2.4600784991779534e-05,0.6263389356346754,0.6313053709044141,0.004966435269738723,0.03393002493674213,0.5961500234811437,0.5961500234811437,0.0,0.0,219,2,0.5961500218374359,False,11,7,46
ridge_teacher_binary,1,0,128,moving,0.597375345967672,0.5961500197619644,8,1,7,0,0.5961500198742231,0.5961500201415612,0.5973765135500871,0.5973976005602655,2.1087010178333365e-05,1.167582415195767e-06,2.2254592593529132e-05,0.6183703852774445,0.6224785338615932,0.004108148584148763,0.025103187893921297,0.5961500201415612,0.5961500201415612,0.0,0.0,225,4,0.596150019925957,False,6,5,49
ridge_teacher_binary,1,0,128,moving,0.597375345967672,0.5961500197619644,8,2,6,3,0.5961500236324809,0.5961500197744718,0.5973808566794293,0.5974046011193187,2.3744439889394897e-05,5.510711757361619e-06,2.9255151646756516e-05,0.6273174751739358,0.6322886782324435,0.004971203058507734,0.03491333226477156,0.5961500236324809,0.5961500236324809,0.0,0.0,213,2,0.5961500218374359,False,12,9,58
ridge_teacher_binary,1,1,8,fixed,0.5961500282892952,0.5961500197619644,8,0,2,5,0.5961500272252354,0.5961500203017293,0.5961590112419548,0.5961883894905609,2.9378248606048984e-05,8.982952659608578e-06,3.836120126565756e-05,0.6529705140194667,0.657813661406465,0.004843147386998314,0.061663633117169825,0.6786722469295927,0.6786722469295927,0.0,0.08252221864029752,14,4,0.596150019925957,False,92,18,120
ridge_teacher_binary,1,1,8,fixed,0.5961500282892952,0.5961500197619644,8,1,0,4,0.5961500197652175,0.5961500287323036,0.596156201264121,0.5961706887638187,1.4487499697679596e-05,6.172974825857658e-06,2.0660474523537253e-05,0.6098220210838006,0.6119172271936167,0.0020952061098161723,0.015767198904321544,0.6786638102109249,0.6786638102109249,0.0,0.08251378192162973,20,4,0.596150019925957,False,87,12,105
ridge_teacher_binary,1,1,8,fixed,0.5961500282892952,0.5961500197619644,8,2,6,1,0.5961500199893818,0.5961500215236407,0.5961600118265813,0.5961708349901044,1.0823163523077106e-05,9.98353728609569e-06,2.0806700809172796e-05,0.6018546094148045,0.6030404949518129,0.0011858855370083798,0.006890466662517691,0.6786724098224157,0.6786724098224157,0.0,0.08252238153312053,11,4,0.596150019925957,False,64,6,91
ridge_teacher_binary,1,1,8,moving,0.6010513190066379,0.5961500197619644,8,0,2,5,0.5961500272252354,0.5961500203017293,0.6010494977342854,0.601070196983224,2.0699248938549353e-05,0.0,1.8877976586062495e-05,0.6529705140194667,0.657813661406465,0.004843147386998314,0.05676234239982714,0.5961500272252354,0.5961500272252354,0.0,0.0,29,2,0.5961500218374359,False,2,12,41
ridge_teacher_binary,1,1,8,moving,0.6010513190066379,0.5961500197619644,8,1,6,3,0.5961500199893818,0.5961500228510093,0.6010211494862606,0.6010447813090578,2.3631822797187674e-05,0.0,0.0,0.6037269092667894,0.6051220907010636,0.0013951814342741953,0.004070771694425712,0.5961500228510093,0.5961500228510093,0.0,0.0,23,2,0.5961500218374359,True,0,1,10
ridge_teacher_binary,1,1,8,moving,0.6010513190066379,0.5961500197619644,8,2,1,7,0.5961500215236407,0.5961500202062534,0.6010481049667661,0.6010736153495289,2.5510382762772288e-05,0.0,2.22963428909706e-05,0.6515950193385042,0.6544392872545347,0.0028442679160305406,0.05338796824789682,0.5961500218374359,0.5961500218374359,0.0,0.0,26,2,0.5961500218374359,False,2,12,29
ridge_teacher_binary,1,1,16,fixed,0.5961500282892952,0.5961500197619644,8,0,7,0,0.5961500210114548,0.5961500198186882,0.5961568395973755,0.5961631468628978,6.307265522309535e-06,6.811308080334477e-06,1.3118573602644013e-05,0.5998872134712399,0.6016504421254991,0.0017632286542592635,0.005500413836203921,0.5961500210114548,0.5961500210114548,0.0,0.0,74,4,0.596150019925957,False,66,9,129
ridge_teacher_binary,1,1,16,fixed,0.5961500282892952,0.5961500197619644,8,1,5,6,0.5961500203028203,0.5961500226944153,0.5961590328699046,0.5961816910010873,2.265813118274007e-05,9.004580609373036e-06,3.166271179211311e-05,0.6406594114582468,0.6445994481427166,0.00394003668446985,0.04844941985342144,0.5961500226944153,0.5961500226944153,0.0,0.0,69,4,0.596150019925957,False,95,17,129
ridge_teacher_binary,1,1,16,fixed,0.5961500282892952,0.5961500197619644,8,2,3,4,0.5961500216628878,0.5961500213946888,0.5961579537594281,0.5961695556451331,1.160188570492604e-05,7.925470132952306e-06,1.9527355837878346e-05,0.6089595791823506,0.611658171188313,0.0026985920059624524,0.015508142899017807,0.5961500216628878,0.5961500216628878,0.0,0.0,55,4,0.596150019925957,False,86,13,113
ridge_teacher_binary,1,1,16,moving,0.599615762526353,0.5961500197619644,8,0,1,2,0.5961500198143873,0.5961500211823559,0.599615407000805,0.5996299683611419,1.456136033695099e-05,0.0,1.4205834788949545e-05,0.6369368062376145,0.6404838877298752,0.003547081492260684,0.04086812520352223,0.5961500211823559,0.5961500211823559,0.0,0.0,61,4,0.596150019925957,False,4,6,26
ridge_teacher_binary,1,1,16,moving,0.599615762526353,0.5961500197619644,8,1,5,7,0.5961500203028203,0.5961500210114548,0.5995926555773853,0.5996193838212666,2.6728243881279923e-05,0.0,3.621294913602746e-06,0.6428999368798092,0.6462945345142805,0.0033945976344713635,0.04667877198792758,0.5961500210114548,0.5961500210114548,0.0,0.0,69,4,0.596150019925957,True,0,9,30
ridge_teacher_binary,1,1,16,moving,0.599615762526353,0.5961500197619644,8,2,6,0,0.5961500226944153,0.5961500198186882,0.5996134939551482,0.5996233358584605,9.841903312324263e-06,0.0,7.5733321075466264e-06,0.6189097926974275,0.6221300056555331,0.003220212958105595,0.022514243129180156,0.5961500226944153,0.5961500226944153,0.0,0.0,74,2,0.5961500218374359,True,0,4,23
ridge_teacher_binary,1,1,32,fixed,0.5961500282892952,0.5961500197619644,8,0,5,2,0.5961500201132369,0.5961500197678375,0.5961590927225284,0.5961741696689732,1.5076946444758654e-05,9.06443323323014e-06,2.4141379677988795e-05,0.6252172550928536,0.629033982642308,0.0038167275494543906,0.032883954353012834,0.5961500201132369,0.5961500201132369,0.0,0.0,105,4,0.596150019925957,False,112,15,129
ridge_teacher_binary,1,1,32,fixed,0.5961500282892952,0.5961500197619644,8,1,7,6,0.5961500325372687,0.5961500198397369,0.5961593137915531,0.5961692860201325,9.972228579457898e-06,9.285502257871947e-06,1.9257730837329845e-05,0.6121060796601527,0.615181585978819,0.0030755063186662657,0.019031557689523804,0.5961500325372687,0.5961500325372687,0.0,4.247973528492821e-09,99,4,0.596150019925957,False,127,13,129
ridge_teacher_binary,1,1,32,fixed,0.5961500282892952,0.5961500197619644,8,2,3,0,0.5961500276229619,0.5961500245370639,0.596154603036654,0.5961722989003805,1.769586372646348e-05,4.5747473588209076e-06,2.2270611085284386e-05,0.6095508246997571,0.6123545531227803,0.002803728423023233,0.016204524833485112,0.5961500276229619,0.5961500276229619,0.0,0.0,114,4,0.596150019925957,False,82,14,129
ridge_teacher_binary,1,1,32,moving,0.5986006723948069,0.5961500197619644,8,0,0,5,0.5961500245370639,0.5961500201132369,0.5984659398352468,0.5986099365142757,0.00014399667902897928,0.0,9.264119468888055e-06,0.6215031068147087,0.6251196944818384,0.0036165876671296893,0.026519022087031496,0.5961500245370639,0.5961500245370639,0.0,0.0,108,2,0.5961500218374359,True,0,5,15
ridge_teacher_binary,1,1,32,moving,0.5986006723948069,0.5961500197619644,8,1,3,2,0.5961500276229619,0.5961500197678375,0.5983600567236078,0.5986071730625876,0.00024711633897978036,0.0,6.500667780739988e-06,0.6080728699402448,0.6117102728911606,0.003637402950915858,0.01310960049635379,0.5961500276229619,0.5961500276229619,0.0,0.0,111,2,0.5961500218374359,True,0,1,9
ridge_teacher_binary,1,1,32,moving,0.5986006723948069,0.5961500197619644,8,2,6,4,0.5961500198397369,0.5961500216394925,0.5986002325300656,0.5986188561704016,1.8623640336001834e-05,0.0,1.818377559470452e-05,0.6258308582393923,0.6293963942178133,0.0035655359784210194,0.030795721823006494,0.5961500216394925,0.5961500216394925,0.0,0.0,105,4,0.596150019925957,False,5,3,31
ridge_teacher_binary,1,1,64,fixed,0.5961500282892952,0.5961500197619644,8,0,7,6,0.5961500241112574,0.5961500197721575,0.5961596352499207,0.5961768089929752,1.7173743054543777e-05,9.606960625463401e-06,2.678070368000718e-05,0.6185706652346677,0.6226638080769276,0.0040931428422598115,0.026513779787632363,0.5961500241112574,0.5961500241112574,0.0,0.0,144,4,0.596150019925957,False,128,13,129
ridge_teacher_binary,1,1,64,fixed,0.5961500282892952,0.5961500197619644,8,1,5,1,0.5961500222034649,0.5961500197631725,0.5961597407838226,0.5961782242973708,1.8483513548162023e-05,9.712494527414073e-06,2.8196008075576096e-05,0.6196969571048598,0.6238928704707254,0.004195913365865556,0.027742842181430194,0.5961500222034649,0.5961500222034649,0.0,0.0,162,4,0.596150019925957,False,128,12,129
ridge_teacher_binary,1,1,64,fixed,0.5961500282892952,0.5961500197619644,8,2,3,2,0.5961500256572932,0.5961500198766501,0.5961566627028393,0.5961734235827085,1.6760879869237577e-05,6.634413544093221e-06,2.3395293413330798e-05,0.6139024710676554,0.6176513388281745,0.003748867760519081,0.02150131053887927,0.5961500256572932,0.5961500256572932,0.0,0.0,147,4,0.596150019925957,False,128,11,129
ridge_teacher_binary,1,1,64,moving,0.5978828927430196,0.5961500197619644,8,0,6,0,0.5961500197721575,0.5961500242093065,0.597842770903633,0.5978868315315434,4.406062791040277e-05,0.0,3.938788523782932e-06,0.6240545968723015,0.6286237982432549,0.004569201370953402,0.030740905500235227,0.5961500242093067,0.5961500242093067,0.0,0.0,153,2,0.5961500218374359,True,0,5,26
ridge_teacher_binary,1,1,64,moving,0.5978828927430196,0.5961500197619644,8,1,5,1,0.5961500222034649,0.5961500197631725,0.5978706183328515,0.597895939292349,2.5320959497476814e-05,0.0,1.3046549329320811e-05,0.6196969571048598,0.6238928704707254,0.004195913365865556,0.026009977727705746,0.5961500222034649,0.5961500222034649,0.0,0.0,162,2,0.5961500218374359,False,2,4,27
ridge_teacher_binary,1,1,64,moving,0.5978828927430196,0.5961500197619644,8,2,4,2,0.5961500214139908,0.5961500198766501,0.5978605730071405,0.5978858312687935,2.5258261653005043e-05,0.0,2.9385257738212545e-06,0.6193039772866316,0.6231999393026179,0.0038959620159862984,0.02531704655959821,0.5961500214139908,0.5961500214139908,0.0,0.0,153,4,0.596150019925957,True,0,7,35
ridge_teacher_binary,1,1,128,fixed,0.5961500282892952,0.5961500197619644,8,0,1,6,0.5961500232883362,0.596150026796317,0.5961583945529649,0.5961802643608453,2.1869807880325887e-05,8.366263669734586e-06,3.0236071550060473e-05,0.6273801061459678,0.6324462427206833,0.005066136574715441,0.036296214431388085,0.596150026796317,0.596150026796317,0.0,0.0,219,4,0.596150019925957,False,128,15,129
ridge_teacher_binary,1,1,128,fixed,0.5961500282892952,0.5961500197619644,8,1,7,2,0.5961500198410328,0.5961500197774838,0.5961572208744252,0.5961846037159225,2.7382841497280985e-05,7.192585130044726e-06,3.457542662732571e-05,0.6280699490877837,0.6326552660872853,0.0045853169995015985,0.03650523779799009,0.596150019925957,0.596150019925957,0.0,0.0,237,4,0.596150019925957,False,128,14,129
ridge_teacher_binary,1,1,128,fixed,0.5961500282892952,0.5961500197619644,8,2,4,5,0.5961500249532721,0.5961500199425774,0.5961568856874886,0.5961830679193012,2.6182231812610368e-05,6.8573981933939265e-06,3.3039630006004295e-05,0.6287528994916803,0.6335608806860508,0.004807981194370425,0.03741085239675557,0.5961500249532721,0.5961500249532721,0.0,0.0,216,4,0.596150019925957,False,128,15,129
ridge_teacher_binary,1,1,128,moving,0.597375345967672,0.5961500197619644,8,0,6,7,0.596150026796317,0.5961500198410328,0.5973338090039375,0.597378379507035,4.4570503097474123e-05,0.0,3.03353936303985e-06,0.6230159056065491,0.6276546852631741,0.004638779656625069,0.030279339295502194,0.596150026796317,0.596150026796317,0.0,0.0,240,2,0.5961500218374359,True,0,5,31
ridge_teacher_binary,1,1,128,moving,0.597375345967672,0.5961500197619644,8,1,5,4,0.5961500199425774,0.5961500249532721,0.5973711454772043,0.5973931052389219,2.195976171759373e-05,0.0,1.7759271249917497e-05,0.6287528994916803,0.6335608806860508,0.004807981194370425,0.03618553471837882,0.5961500249532721,0.5961500249532721,0.0,0.0,216,2,0.5961500218374359,False,10,7,45
ridge_teacher_binary,1,1,128,moving,0.597375345967672,0.5961500197619644,8,2,2,1,0.5961500197774838,0.5961500232883362,0.5973717882901397,0.5973933350932428,2.1546803103067447e-05,0.0,1.7989125570827547e-05,0.6177567395159247,0.6217940888026364,0.004037349286711733,0.02441874283496448,0.5961500232883362,0.5961500232883362,0.0,0.0,216,2,0.5961500218374359,False,2,6,37
ridge_teacher_binary,1,2,8,fixed,0.5961500282892952,0.5961500197619644,7,0,0,2,0.5961500203009042,0.5961500262137633,0.5961583137315527,0.5961796505135559,2.1336782003222865e-05,8.28544225750516e-06,2.9622224260728025e-05,0.6264274550491533,0.6293654422590939,0.00293798720994054,0.03321541396979866,0.6745728689355027,0.6745728689355027,0.0,0.07842284064620753,11,4,0.596150019925957,False,104,15,114
ridge_teacher_binary,1,2,8,fixed,0.5961500282892952,0.5961500197619644,7,1,4,6,0.5961500215546985,0.5961500198639406,0.6763589400345129,0.6804818604711383,0.004122920436625432,0.08020891174521771,0.08433183218184315,0.6763589400345129,0.6804818604711383,0.004122920436625432,0.08433183218184315,0.6786661899187331,0.6786661899187331,0.0,0.08251616162943787,11,4,0.596150019925957,False,1,0,2
ridge_teacher_binary,1,2,8,fixed,0.5961500282892952,0.5961500197619644,7,2,5,1,0.5961500227243387,0.5961500211839585,0.5961590779157103,0.596181669445154,2.2591529443727332e-05,9.04962641512519e-06,3.164115585885252e-05,0.6628193029505065,0.6667765424955053,0.003957239544998825,0.07062651420621013,0.6786453705086745,0.6786453705086745,0.0,0.08249534221937926,11,4,0.596150019925957,False,108,21,120
ridge_teacher_binary,1,2,8,moving,0.6010513190066379,0.5961500197619644,7,0,2,4,0.5961500262137633,0.5961500215546985,0.6009419972344606,0.6010564427666709,0.00011444553221029441,0.0,5.123760033032276e-06,0.6281568027518374,0.6309244135848662,0.0027676108330287885,0.029873094578228288,0.5961500262137633,0.5961500262137633,0.0,0.0,26,2,0.5961500218374359,True,0,6,13
ridge_teacher_binary,1,2,8,moving,0.6010513190066379,0.5961500197619644,7,1,0,1,0.5961500203009042,0.5961500211839585,0.6010542344119978,0.601059958612193,5.724200195178497e-06,2.9154053599045326e-06,8.63960555508303e-06,0.6111798685482291,0.6136852730577689,0.0025054045095397326,0.012633954051130991,0.5961500218374359,0.5961500218374359,0.0,0.0,20,2,0.5961500218374359,True,0,5,14
ridge_teacher_binary,1,2,8,moving,0.6010513190066379,0.5961500197619644,7,2,6,5,0.5961500198639406,0.5961500227243387,0.6010452434858866,0.6010579622848965,1.2718799009880932e-05,0.0,6.643278258611218e-06,0.6111267708525232,0.6129644828763013,0.0018377120237781375,0.011913163869663457,0.5961500227243387,0.5961500227243387,0.0,0.0,26,2,0.5961500218374359,True,0,5,12
ridge_teacher_binary,1,2,16,fixed,0.5961500282892952,0.5961500197619644,8,0,0,7,0.5961500217678386,0.596150021075607,0.5961585706811895,0.5961874006909053,2.8830009715763438e-05,8.542391894295065e-06,3.73724016100585e-05,0.6472562715797117,0.6506853243309756,0.003429052751263928,0.05453529604168039,0.5961500217678386,0.5961500217678386,0.0,0.0,51,4,0.596150019925957,False,102,17,117
ridge_teacher_binary,1,2,16,fixed,0.5961500282892952,0.5961500197619644,8,1,3,6,0.5961500243349268,0.5961500198115959,0.5961589105432422,0.5961708007532815,1.189021003933366e-05,8.882253947017915e-06,2.0772463986351575e-05,0.6187826241275082,0.621929695433381,0.003147071305872773,0.02577966714408575,0.5961500243349268,0.5961500243349268,0.0,0.0,63,4,0.596150019925957,False,95,14,125
ridge_teacher_binary,1,2,16,fixed,0.5961500282892952,0.5961500197619644,8,2,4,2,0.5961500354427459,0.5961500198894337,0.5961593973576095,0.596179370841774,1.997348416449274e-05,9.369068314279971e-06,2.934255247877271e-05,0.6372482727788261,0.6419414385661216,0.004693165787295506,0.04579141027682643,0.5961500354427459,0.5961500354427459,0.0,7.153450720664978e-09,45,4,0.596150019925957,False,128,15,129
ridge_teacher_binary,1,2,16,moving,0.599615762526353,0.5961500197619644,8,0,2,4,0.5961500198894337,0.5961500354427459,0.599561748387166,0.5996225914713714,6.0843084205397524e-05,0.0,6.828945018466648e-06,0.6372482727788261,0.6419414385661216,0.004693165787295506,0.04232567603976867,0.5961500354427459,0.5961500354427459,0.0,0.0,45,2,0.5961500218374359,True,0,8,23
ridge_teacher_binary,1,2,16,moving,0.599615762526353,0.5961500197619644,8,1,3,0,0.5961500243349268,0.5961500217678386,0.5995324987046617,0.5995988816414229,6.63829367612001e-05,0.0,0.0,0.6152906805737322,0.6179460968078523,0.0026554162341201337,0.018330334281499328,0.5961500243349268,0.5961500243349268,0.0,0.0,54,2,0.5961500218374359,True,0,7,14
ridge_teacher_binary,1,2,16,moving,0.599615762526353,0.5961500197619644,8,2,1,5,0.5961500232615675,0.5961500197814744,0.5995707389203726,0.5996193861226427,4.864720227004682e-05,0.0,3.6235962896924434e-06,0.6261273747626257,0.6297930057127082,0.0036656309500825435,0.030177243186355285,0.5961500232615675,0.5961500232615675,0.0,0.0,53,2,0.5961500218374359,True,0,7,19
ridge_teacher_binary,1,2,32,fixed,0.5961500282892952,0.5961500197619644,8,0,4,5,0.5961500208711132,0.596150022811142,0.5961580334753821,0.5961859247630816,2.7891287699532974e-05,8.005186086901261e-06,3.5896473786434235e-05,0.6354521993191984,0.6404149207813481,0.004962721462149711,0.0442648924920529,0.596150022811142,0.596150022811142,0.0,0.0,105,4,0.596150019925957,False,120,17,129
ridge_teacher_binary,1,2,32,fixed,0.5961500282892952,0.5961500197619644,8,1,0,7,0.5961500308224398,0.5961500217081306,0.5961552773921717,0.5961783314913895,2.3054099217878488e-05,5.249102876470069e-06,2.8303202094348556e-05,0.6329711180253745,0.6375238982923198,0.004552780266945278,0.041373870003024615,0.5961500308224398,0.5961500308224398,0.0,2.533144582983482e-09,102,4,0.596150019925957,False,114,17,129
ridge_teacher_binary,1,2,32,fixed,0.5961500282892952,0.5961500197619644,8,2,1,6,0.5961500336206861,0.5961500201933779,0.5961595079732227,0.5961897257576513,3.02177844285767e-05,9.479683927504645e-06,3.9697468356081345e-05,0.6401604698984172,0.6444822495304152,0.0043217796319979795,0.04833222124112002,0.5961500336206861,0.5961500336206861,0.0,5.331390884322218e-09,114,4,0.596150019925957,False,124,16,129
ridge_teacher_binary,1,2,32,moving,0.5986006723948069,0.5961500197619644,8,0,0,2,0.5961500308224398,0.5961500198906325,0.5985908769900488,0.5986130112670099,2.2134276961183197e-05,0.0,1.2338872203088158e-05,0.6341414125183124,0.6380856526657073,0.003944240147394917,0.039484980270900416,0.5961500308224398,0.5961500308224398,0.0,0.0,111,2,0.5961500218374359,False,1,5,25
ridge_teacher_binary,1,2,32,moving,0.5986006723948069,0.5961500197619644,8,1,6,3,0.5961500201933779,0.5961500215615674,0.5985776353875022,0.5986106448179201,3.300943041795179e-05,0.0,9.972423113291384e-06,0.6429376401005701,0.647903728157991,0.0049660880574209365,0.04930305576318417,0.5961500215615674,0.5961500215615674,0.0,0.0,111,4,0.596150019925957,True,0,7,33
ridge_teacher_binary,1,2,32,moving,0.5986006723948069,0.5961500197619644,8,2,7,4,0.5961500217081306,0.5961500208711132,0.5986056549781318,0.598620389926163,1.4734948031169814e-05,4.982583324930623e-06,1.9717531356100437e-05,0.634248627672145,0.6385035584381888,0.004254930766043885,0.03990288604338199,0.5961500217081306,0.5961500217081306,0.0,0.0,99,4,0.596150019925957,False,8,7,55
ridge_teacher_binary,1,2,64,fixed,0.5961500282892952,0.5961500197619644,8,0,0,6,0.596150021844522,0.5961500198180593,0.5961599526079218,0.5961775574364264,1.7604828504658165e-05,9.924318626564066e-06,2.752914713122223e-05,0.6229822840734577,0.6271990684242665,0.004216784350808855,0.03104904013497134,0.596150021844522,0.596150021844522,0.0,0.0,153,4,0.596150019925957,False,110,14,129
ridge_teacher_binary,1,2,64,fixed,0.5961500282892952,0.5961500197619644,8,1,5,7,0.5961500210019798,0.5961500223911868,0.5961573788359961,0.5961887138696024,3.133503360630563e-05,7.350546700868321e-06,3.868558030717395e-05,0.6385939655453927,0.6430720523944095,0.004478086849016738,0.04692202410511426,0.5961500223911869,0.5961500223911869,0.0,0.0,138,4,0.596150019925957,False,128,16,129
ridge_teacher_binary,1,2,64,fixed,0.5961500282892952,0.5961500197619644,8,2,2,1,0.5961500198361817,0.5961500214837179,0.5961599591722422,0.5961850445727075,2.5085400465307828e-05,9.930882946984632e-06,3.501628341229246e-05,0.6224621252884173,0.6268574877410191,0.004395362452601859,0.03070745945172393,0.5961500214837179,0.5961500214837179,0.0,0.0,147,4,0.596150019925957,False,122,13,129
ridge_teacher_binary,1,2,64,moving,0.5978828927430196,0.5961500197619644,8,0,5,7,0.5961500210019798,0.5961500223911868,0.5978816842880172,0.5978936830023931,1.1998714375849318e-05,0.0,1.0790259373449906e-05,0.6385939655453927,0.6430720523944095,0.004478086849016738,0.04518915965138981,0.5961500223911869,0.5961500223911869,0.0,0.0,138,2,0.5961500218374359,False,4,7,49
ridge_teacher_binary,1,2,64,moving,0.5978828927430196,0.5961500197619644,8,1,2,1,0.5961500198361817,0.5961500214837179,0.5978609553339068,0.5978888608939616,2.790556005483058e-05,0.0,5.96815094200398e-06,0.6224621252884173,0.6268574877410191,0.004395362452601859,0.02897459499799948,0.5961500214837179,0.5961500214837179,0.0,0.0,147,4,0.596150019925957,True,0,7,26
ridge_teacher_binary,1,2,64,moving,0.5978828927430196,0.5961500197619644,8,2,3,0,0.5961500215047831,0.596150021844522,0.5978687937788886,0.5978911790465061,2.2385267617552884e-05,0.0,8.286303486482183e-06,0.6222830138366785,0.6261693911467238,0.0038863773100452637,0.02828649840370412,0.596150021844522,0.596150021844522,0.0,0.0,156,2,0.5961500218374359,True,0,5,26
ridge_teacher_binary,1,2,128,fixed,0.5961500282892952,0.5961500197619644,8,0,1,5,0.5961500218266665,0.5961500198730991,0.5961588662479896,0.5961797390539878,2.0872805998162214e-05,8.837958694440928e-06,2.9710764692603142e-05,0.6149971841267432,0.6191660400479876,0.004168855921244385,0.02301601175869239,0.5961500218266665,0.5961500218266665,0.0,0.0,216,4,0.596150019925957,False,120,12,129
ridge_teacher_binary,1,2,128,fixed,0.5961500282892952,0.5961500197619644,8,1,3,2,0.5961500206684541,0.5961500209622853,0.5961572595821671,0.5961836621316605,2.640254949337617e-05,7.2312928719453495e-06,3.363384236532152e-05,0.6274109818256333,0.6323586984872751,0.004947716661641843,0.03620867019797991,0.5961500209622853,0.5961500209622853,0.0,0.0,216,4,0.596150019925957,False,128,14,129
ridge_teacher_binary,1,2,128,fixed,0.5961500282892952,0.5961500197619644,8,2,6,0,0.5961500198573566,0.5961500198361328,0.5961590461205959,0.5961814245917587,2.2378471162820546e-05,9.017831300695e-06,3.1396302463515546e-05,0.6237241805067798,0.6284341816738439,0.004710001167064104,0.03228415338454871,0.596150019925957,0.596150019925957,0.0,0.0,216,4,0.596150019925957,False,128,14,129
ridge_teacher_binary,1,2,128,moving,0.597375345967672,0.5961500197619644,8,0,4,5,0.5961500199189329,0.5961500198730991,0.5973741485650371,0.5973889183061406,1.4769741103481948e-05,0.0,1.357233846865924e-05,0.6174796979743518,0.6219850575257313,0.00450535955137954,0.024609711558059355,0.5961500199189329,0.5961500199189329,0.0,0.0,201,8,0.5961500197739396,False,2,5,52
ridge_teacher_binary,1,2,128,moving,0.597375345967672,0.5961500197619644,8,1,0,1,0.5961500198361328,0.5961500218266665,0.5973712905817375,0.5973848217427623,1.3531161024760152e-05,0.0,9.475775090361793e-06,0.6259970079450853,0.6303140528469223,0.004317044901837042,0.03293870687925038,0.5961500218266665,0.5961500218266665,0.0,0.0,231,4,0.596150019925957,True,0,8,43
ridge_teacher_binary,1,2,128,moving,0.597375345967672,0.5961500197619644,8,2,7,2,0.5961500197813906,0.5961500209622853,0.5973565787580449,0.597380383260036,2.3804501991020466e-05,0.0,5.037292364007406e-06,0.6223578811450583,0.6264420896879995,0.004084208542941226,0.02906674372032758,0.5961500209622853,0.5961500209622853,0.0,0.0,237,4,0.596150019925957,True,0,5,48
ridge_teacher_binary,1,3,8,fixed,0.5961500282892952,0.5961500197619644,8,0,3,6,0.5961500209956654,0.5961500270331651,0.5961590106584079,0.5961651356789043,6.125020496350331e-06,8.982369112731092e-06,1.5107389609081423e-05,0.605927024425731,0.6082017045294189,0.0022746801036879205,0.01205167624012371,0.6745487194892503,0.6745487194892503,0.0,0.07839869119995513,11,4,0.596150019925957,False,51,11,121
ridge_teacher_binary,1,3,8,fixed,0.5961500282892952,0.5961500197619644,8,1,2,4,0.5961500197619644,0.5961500235755578,0.5961562924084909,0.5961764071888745,2.01147803836621e-05,6.2641191956869235e-06,2.6378899579349024e-05,0.6325546929645999,0.6356081612561991,0.0030534682915992484,0.039458132966903925,0.6786630074054055,0.6786630074054055,0.0,0.08251297911611033,11,4,0.596150019925957,False,96,12,115
ridge_teacher_binary,1,3,8,fixed,0.5961500282892952,0.5961500197619644,8,2,1,7,0.5961500200842932,0.5961500219438234,0.5961590026243062,0.5961783379233767,1.93352990704998e-05,8.974335011013856e-06,2.8309634081513657e-05,0.6208476426758799,0.6234257484556677,0.002578105779787787,0.027275720166372475,0.6786681445211057,0.6786681445211057,0.0,0.08251811623181049,11,4,0.596150019925957,False,83,13,112
ridge_teacher_binary,1,3,8,moving,0.6010513190066379,0.5961500197619644,8,0,3,6,0.5961500209956654,0.5961500270331651,0.6010303152162485,0.6010605707016822,3.025548543367229e-05,0.0,9.2516950442878e-06,0.605927024425731,0.6082017045294189,0.0022746801036879205,0.007150385522781022,0.5961500270331651,0.5961500270331651,0.0,0.0,17,2,0.5961500218374359,True,0,4,14
ridge_teacher_binary,1,3,8,moving,0.6010513190066379,0.5961500197619644,8,1,2,4,0.5961500197619644,0.5961500235755578,0.6010521346363527,0.6010597724261226,7.637789769976422e-06,8.156297147676739e-07,8.453419484744096e-06,0.6325546929645999,0.6356081612561991,0.0030534682915992484,0.03455684224956124,0.5961500235755578,0.5961500235755578,0.0,0.0,29,2,0.5961500218374359,True,0,8,28
ridge_teacher_binary,1,3,8,moving,0.6010513190066379,0.5961500197619644,8,2,1,5,0.5961500200842932,0.5961500225373433,0.6010572481406818,0.6010655705882613,8.32244757942302e-06,5.9291340439582285e-06,1.4251581623381249e-05,0.6328603584440239,0.6362108055141931,0.0033504470701691824,0.03515948650755518,0.5961500225373433,0.5961500225373433,0.0,0.0,29,2,0.5961500218374359,False,3,7,27
ridge_teacher_binary,1,3,16,fixed,0.5961500282892952,0.5961500197619644,8,0,4,3,0.5961500197783137,0.5961500208722967,0.5961575546897225,0.5961697524902926,1.2197800570046269e-05,7.526400427337876e-06,1.9724200997384145e-05,0.6083863746205814,0.6104916530606438,0.0021052784400623636,0.014341624771348593,0.5961500208722967,0.5961500208722967,0.0,0.0,58,4,0.596150019925957,False,74,12,105
ridge_teacher_binary,1,3,16,fixed,0.5961500282892952,0.5961500197619644,8,1,6,1,0.5961500227280392,0.5961500250887858,0.5961581155714938,0.5961806990249802,2.2583453486380023e-05,8.087282198587786e-06,3.067073568496781e-05,0.6338241830456325,0.6370273177430823,0.0032031346974498165,0.0408772894537871,0.5961500250887858,0.5961500250887858,0.0,0.0,71,4,0.596150019925957,False,88,17,117
ridge_teacher_binary,1,3,16,fixed,0.5961500282892952,0.5961500197619644,8,2,7,5,0.5961500460071105,0.596150019879027,0.5961589674043324,0.5961980745354108,3.9107131078464086e-05,8.939115037187584e-06,4.804624611565167e-05,0.6742410131724008,0.6785785960432552,0.004337582870854395,0.08242856775396001,0.5961500460071105,0.5961500460071105,0.0,1.7717815326001585e-08,75,4,0.596150019925957,False,112,23,129
ridge_teacher_binary,1,3,16,moving,0.599615762526353,0.5961500197619644,8,0,6,1,0.5961500227280392,0.5961500250887858,0.5995983113345007,0.5996229382851371,2.46269506364305e-05,0.0,7.175758784172537e-06,0.6338241830456325,0.6370273177430823,0.0032031346974498165,0.03741155521672934,0.5961500250887858,0.5961500250887858,0.0,0.0,71,2,0.5961500218374359,True,0,9,26
ridge_teacher_binary,1,3,16,moving,0.599615762526353,0.5961500197619644,8,1,0,2,0.5961500198204124,0.5961500197651788,0.5995798032832195,0.5996054064024896,2.5603119270134478e-05,0.0,0.0,0.6270784105439932,0.6304693731346627,0.0033909625906695107,0.03085361060830971,0.596150019925957,0.596150019925957,0.0,0.0,46,4,0.596150019925957,True,0,4,17
ridge_teacher_binary,1,3,16,moving,0.599615762526353,0.5961500197619644,8,2,7,4,0.5961500460071105,0.5961500197783137,0.5995364337812644,0.599625420270839,8.898648957456068e-05,0.0,9.657744486024633e-06,0.6249042631658277,0.6276002892304727,0.0026960260646450296,0.027984526704119772,0.5961500460071105,0.5961500460071105,0.0,0.0,65,2,0.5961500218374359,True,0,5,15
ridge_teacher_binary,1,3,32,fixed,0.5961500282892952,0.5961500197619644,8,0,5,6,0.5961500198211582,0.5961500219109039,0.5961548300851128,0.5961759481334253,2.1118048312507298e-05,4.801795817632737e-06,2.5919844130140035e-05,0.6228755795198007,0.6265779392457886,0.0037023597259879804,0.030427910956493442,0.5961500219109039,0.5961500219109039,0.0,0.0,123,4,0.596150019925957,False,116,16,129
ridge_teacher_binary,1,3,32,fixed,0.5961500282892952,0.5961500197619644,8,1,3,0,0.5961500341557141,0.596150019778343,0.5961561237583002,0.5961781521601562,2.20284018560557e-05,6.0954690049852545e-06,2.8123870861040956e-05,0.6179174770067768,0.6209627378606736,0.0030452608538967807,0.024812709571378377,0.5961500341557142,0.5961500341557142,0.0,5.8664190172308395e-09,102,4,0.596150019925957,False,89,12,113
ridge_teacher_binary,1,3,32,fixed,0.5961500282892952,0.5961500197619644,8,2,1,7,0.5961500253530053,0.5961500202013322,0.596153615985654,0.5961710257066951,1.740972104113947e-05,3.5876963587755384e-06,2.0997417399915008e-05,0.6147939575890735,0.6178109647791781,0.003017007190104559,0.021660936489882876,0.5961500253530053,0.5961500253530053,0.0,0.0,117,4,0.596150019925957,False,88,14,121
ridge_teacher_binary,1,3,32,moving,0.5986006723948069,0.5961500197619644,8,0,7,5,0.5961500202013322,0.5961500198211582,0.5985892816420639,0.5986099076161265,2.062597406260469e-05,0.0,9.23522131968113e-06,0.6335549444726826,0.6372003241954272,0.0036453797227445905,0.038599651800620305,0.5961500202013322,0.5961500202013322,0.0,0.0,123,4,0.596150019925957,True,0,6,33
ridge_teacher_binary,1,3,32,moving,0.5986006723948069,0.5961500197619644,8,1,2,1,0.5961500197647565,0.5961500253530053,0.598593588453616,0.5986154511927744,2.186273915838477e-05,0.0,1.4778797967518464e-05,0.6332732539149616,0.6376061143406255,0.0043328604256639425,0.039005441945818675,0.5961500253530053,0.5961500253530053,0.0,0.0,111,2,0.5961500218374359,False,2,8,40
ridge_teacher_binary,1,3,32,moving,0.5986006723948069,0.5961500197619644,8,2,6,3,0.5961500219109039,0.5961500341557141,0.5985793647710779,0.59860119358888,2.1828817802105327e-05,0.0,5.21194073122011e-07,0.6197692134390425,0.6233730927269289,0.0036038792878864134,0.024772420332122014,0.5961500341557142,0.5961500341557142,0.0,0.0,114,2,0.5961500218374359,True,0,1,31
ridge_teacher_binary,1,3,64,fixed,0.5961500282892952,0.5961500197619644,8,0,1,0,0.5961500197757024,0.5961500204942147,0.59615996189555,0.5961794393768516,1.9477481301599653e-05,9.93360625478612e-06,2.9411087556385773e-05,0.6336193689662428,0.6388155559004671,0.0051961869342243006,0.04266552761117193,0.5961500204942147,0.5961500204942147,0.0,0.0,138,4,0.596150019925957,False,128,14,129
ridge_teacher_binary,1,3,64,fixed,0.5961500282892952,0.5961500197619644,8,1,4,7,0.5961500227129154,0.5961500210726391,0.5961572365642999,0.596176517049835,1.9280485535122516e-05,7.208275004666476e-06,2.648876053978899e-05,0.6150137327022133,0.6185247856563618,0.0035110529541485525,0.022374757367066622,0.5961500227129154,0.5961500227129154,0.0,0.0,159,4,0.596150019925957,False,123,13,129
ridge_teacher_binary,1,3,64,fixed,0.5961500282892952,0.5961500197619644,8,2,5,6,0.5961500239502233,0.5961500201443649,0.5961597166091385,0.5961905534482554,3.0836839116976655e-05,9.688319843270676e-06,4.052515896024733e-05,0.6438739094270538,0.6479947696008655,0.004120860173811747,0.05184474131157035,0.5961500239502233,0.5961500239502233,0.0,0.0,159,4,0.596150019925957,False,128,16,129
ridge_teacher_binary,1,3,64,moving,0.5978828927430196,0.5961500197619644,8,0,7,1,0.5961500210726391,0.5961500197757024,0.5978618804666237,0.5978905528188045,2.8672352180847405e-05,0.0,7.660075784898801e-06,0.6147843568316511,0.6189767530231549,0.0041923961915038,0.021093860280135268,0.5961500210726393,0.5961500210726393,0.0,0.0,153,4,0.596150019925957,True,0,6,37
ridge_teacher_binary,1,3,64,moving,0.5978828927430196,0.5961500197619644,8,1,2,3,0.5961500230881591,0.5961500202646701,0.5978672496828867,0.5978909080396279,2.3658356741118602e-05,0.0,8.01529660821032e-06,0.6264027467158545,0.6305646267411777,0.00416188002532325,0.0326817339981581,0.5961500230881591,0.5961500230881591,0.0,0.0,159,2,0.5961500218374359,True,0,5,34
ridge_teacher_binary,1,3,64,moving,0.5978828927430196,0.5961500197619644,8,2,6,0,0.5961500201443649,0.5961500204942147,0.5978824082752936,0.5979044990648578,2.2090789564166435e-05,0.0,2.1606321838119058e-05,0.637988032513005,0.6431055523432888,0.0051175198302838565,0.045222659600269166,0.5961500204942147,0.5961500204942147,0.0,0.0,141,4,0.596150019925957,False,6,7,39
ridge_teacher_binary,1,3,128,fixed,0.5961500282892952,0.5961500197619644,8,0,2,1,0.5961500325302628,0.5961500226025795,0.5961570542461696,0.5961734607436193,1.6406497449716895e-05,7.02595687440688e-06,2.3432454324123775e-05,0.6185797855004116,0.6232371166870555,0.004657331186643909,0.027087088397760306,0.5961500325302628,0.5961500325302628,0.0,4.2409675771182265e-09,213,4,0.596150019925957,False,128,14,129
ridge_teacher_binary,1,3,128,fixed,0.5961500282892952,0.5961500197619644,8,1,0,7,0.5961500206590428,0.596150019777381,0.5961578407871935,0.5961845168975354,2.6676110341905535e-05,7.812497898274096e-06,3.448860824017963e-05,0.6244281259524285,0.6289344410785653,0.004506315126136862,0.032784412789270134,0.5961500206590429,0.5961500206590429,0.0,0.0,210,4,0.596150019925957,False,128,13,129
ridge_teacher_binary,1,3,128,fixed,0.5961500282892952,0.5961500197619644,8,2,4,5,0.5961500198257569,0.5961500199626955,0.596159737944332,0.5961808135543349,2.1075610002974088e-05,9.709655036771458e-06,3.0785265039745546e-05,0.6153250360406028,0.6194302102434731,0.004105174202870265,0.023280181954177914,0.5961500199626955,0.5961500199626955,0.0,0.0,213,4,0.596150019925957,False,128,11,129
ridge_teacher_binary,1,3,128,moving,0.597375345967672,0.5961500197619644,8,0,7,1,0.596150019777381,0.5961500226025795,0.5973673216684795,0.59738471889844,1.7397229960525173e-05,0.0,9.372930768081211e-06,0.6194559588093098,0.6237502687879978,0.00429430997868796,0.02637492282032583,0.5961500226025795,0.5961500226025795,0.0,0.0,207,2,0.5961500218374359,True,0,5,47
ridge_teacher_binary,1,3,128,moving,0.597375345967672,0.5961500197619644,8,1,0,2,0.5961500206590428,0.5961500325302628,0.5973556165159687,0.5973848302774853,2.9213761516655445e-05,0.0,9.484309813401204e-06,0.6120598668333771,0.6159275814599147,0.003867714626537566,0.01855223549224272,0.5961500325302628,0.5961500325302628,0.0,0.0,216,2,0.5961500218374359,True,0,5,37
ridge_teacher_binary,1,3,128,moving,0.597375345967672,0.5961500197619644,8,2,4,5,0.5961500198257569,0.5961500199626955,0.597372404565487,0.597387853657563,1.544909207595868e-05,0.0,1.2507689891028129e-05,0.6153250360406028,0.6194302102434731,0.004105174202870265,0.022054864275801167,0.5961500199626955,0.5961500199626955,0.0,0.0,213,4,0.596150019925957,False,6,4,39
ridge_teacher_binary,1,4,8,fixed,0.5961500282892952,0.5961500197619644,8,0,3,0,0.5961500258311043,0.5961500218553769,0.5961585640315892,0.5961836218537857,2.505782219652808e-05,8.535742293980242e-06,3.359356449050832e-05,0.6418960421134285,0.6448124934962596,0.0029164513828310312,0.04866246520696438,0.6786682746212716,0.6786682746212716,0.0,0.08251824633197635,11,4,0.596150019925957,False,98,18,111
ridge_teacher_binary,1,4,8,fixed,0.5961500282892952,0.5961500197619644,8,1,6,2,0.596150024388385,0.5961500197722931,0.5961578310420378,0.5961777783395034,1.9947297465572333e-05,7.802752742591679e-06,2.7750050208164012e-05,0.6197208225471474,0.62221279888503,0.002491976337882562,0.026062770595734808,0.6786555735644464,0.6786555735644464,0.0,0.0825055452751512,14,4,0.596150019925957,False,96,13,110
ridge_teacher_binary,1,4,8,fixed,0.5961500282892952,0.5961500197619644,8,2,5,7,0.5961500327933313,0.5961500489617421,0.5961597536639803,0.5961799072875665,2.0153623586205427e-05,9.725374685132238e-06,2.9878998271337665e-05,0.6215125447336056,0.6245404296490907,0.003027884915485113,0.028390401359795536,0.6786140401237912,0.6786140401237912,0.0,0.08246401183449603,20,4,0.596150019925957,False,104,15,119
ridge_teacher_binary,1,4,8,moving,0.6010513190066379,0.5961500197619644,8,0,1,2,0.5961500199126268,0.5961500197722931,0.6010392618647896,0.6010569949602145,1.773309542485446e-05,0.0,5.675953576589343e-06,0.6543381995052518,0.6583687364321198,0.004030536926867945,0.05731741742548191,0.5961500218374359,0.5961500218374359,0.0,0.0,30,2,0.5961500218374359,True,0,14,28
ridge_teacher_binary,1,4,8,moving,0.6010513190066379,0.5961500197619644,8,1,7,4,0.5961500489617421,0.5961500231402372,0.6010411569579316,0.6010597037733754,1.8546815443776232e-05,0.0,8.384766737479232e-06,0.6104804007760563,0.6130377789624604,0.0025573781864041134,0.011986459955822482,0.5961500489617421,0.5961500489617421,0.0,0.0,26,2,0.5961500218374359,True,0,5,21
ridge_teacher_binary,1,4,8,moving,0.6010513190066379,0.5961500197619644,8,2,6,5,0.596150024388385,0.5961500327933313,0.6010533223236013,0.6010846293615815,3.1307037980154995e-05,2.003316963428148e-06,3.331035494358314e-05,0.6539292324942851,0.6583823080712555,0.004453075576970389,0.05733098906461764,0.5961500327933313,0.5961500327933313,0.0,0.0,30,2,0.5961500218374359,False,4,12,30
ridge_teacher_binary,1,4,16,fixed,0.5961500282892952,0.5961500197619644,8,0,5,2,0.5961500293503996,0.596150030883481,0.5961596713315661,0.59617452460585,1.4853274283854745e-05,9.643042270912616e-06,2.449631655476736e-05,0.6189250874636236,0.6228886944133476,0.0039636069497239745,0.0267386661240524,0.596150030883481,0.596150030883481,0.0,2.5941857551003977e-09,69,4,0.596150019925957,False,100,13,129
ridge_teacher_binary,1,4,16,fixed,0.5961500282892952,0.5961500197619644,8,1,7,3,0.5961500213374223,0.5961500263309609,0.5961551666688012,0.5961717598693904,1.659320058922109e-05,5.1383795059978254e-06,2.1731580095218916e-05,0.609689164732699,0.6120709362633392,0.002381771530640231,0.015920907974043996,0.5961500263309609,0.5961500263309609,0.0,0.0,66,4,0.596150019925957,False,64,12,105
ridge_teacher_binary,1,4,16,fixed,0.5961500282892952,0.5961500197619644,8,2,0,1,0.5961500211730624,0.5961500215255643,0.5961573767856488,0.596177507903769,2.0131118120159108e-05,7.348496353642986e-06,2.7479614473802094e-05,0.6162942880894311,0.6192657825543797,0.0029714944649485986,0.023115754265084498,0.5961500215255643,0.5961500215255643,0.0,0.0,44,4,0.596150019925957,False,80,13,119
ridge_teacher_binary,1,4,16,moving,0.599615762526353,0.5961500197619644,8,0,4,3,0.5961500206341658,0.5961500263309609,0.59959744069127,0.5996226883594183,2.524766814837598e-05,0.0,6.925833065385412e-06,0.6250279244573581,0.6283710572858311,0.0033431328284729833,0.028755294759478134,0.5961500263309609,0.5961500263309609,0.0,0.0,54,2,0.5961500218374359,True,0,6,17
ridge_teacher_binary,1,4,16,moving,0.599615762526353,0.5961500197619644,8,1,5,2,0.5961500293503996,0.596150030883481,0.59937015344365,0.5995885575786657,0.0002184041350157262,0.0,0.0,0.6189250874636236,0.6228886944133476,0.0039636069497239745,0.02327293188699464,0.596150030883481,0.596150030883481,0.0,0.0,69,2,0.5961500218374359,True,0,2,13
ridge_teacher_binary,1,4,16,moving,0.599615762526353,0.5961500197619644,8,2,1,7,0.5961500215255643,0.5961500213374223,0.5995024480905564,0.5996059684152711,0.00010352032471472317,0.0,0.0,0.6281444370985818,0.632165466121031,0.004021029022449163,0.032549703594678014,0.5961500215255643,0.5961500215255643,0.0,0.0,58,4,0.596150019925957,True,0,5,15
ridge_teacher_binary,1,4,32,fixed,0.5961500282892952,0.5961500197619644,8,0,2,0,0.5961500214193657,0.5961500198026836,0.596158569915368,0.5961801181587274,2.1548243359426067e-05,8.541626072777753e-06,3.008986943220382e-05,0.6215031844277276,0.6251022787770621,0.003599094349334586,0.02895225048776695,0.5961500214193657,0.5961500214193657,0.0,0.0,99,4,0.596150019925957,False,117,14,129
ridge_teacher_binary,1,4,32,fixed,0.5961500282892952,0.5961500197619644,8,1,1,6,0.596150020157573,0.5961500210054602,0.5961562020179603,0.5961795415654035,2.3339547443268494e-05,6.173728665070932e-06,2.9513276108339426e-05,0.6229829738747826,0.6264877400498439,0.0035047661750612358,0.03033771176054867,0.5961500210054602,0.5961500210054602,0.0,0.0,111,4,0.596150019925957,False,128,14,129
ridge_teacher_binary,1,4,32,fixed,0.5961500282892952,0.5961500197619644,8,2,7,3,0.5961500203448128,0.5961500199624048,0.59615862888591,0.5961756638815414,1.703499563143751e-05,8.600596614782852e-06,2.5635592246220362e-05,0.6191497528741094,0.6228617093330825,0.0037119564589730425,0.026711681043787294,0.5961500203448128,0.5961500203448128,0.0,0.0,111,4,0.596150019925957,False,109,14,129
ridge_teacher_binary,1,4,32,moving,0.5986006723948069,0.5961500197619644,8,0,5,1,0.59615002089165,0.596150020157573,0.5985012335027011,0.5985780465472123,7.681304451112592e-05,0.0,0.0,0.6198920496746917,0.623188965538741,0.0032969158640493434,0.02458829314393418,0.59615002089165,0.59615002089165,0.0,0.0,114,4,0.596150019925957,True,0,4,15
ridge_teacher_binary,1,4,32,moving,0.5986006723948069,0.5961500197619644,8,1,7,3,0.5961500203448128,0.5961500199624048,0.5985842729354623,0.5986060905637818,2.181762831943157e-05,0.0,5.41816897492442e-06,0.6191497528741094,0.6228617093330825,0.0037119564589730425,0.024261036938275637,0.5961500203448128,0.5961500203448128,0.0,0.0,111,4,0.596150019925957,True,0,5,19
ridge_teacher_binary,1,4,32,moving,0.5986006723948069,0.5961500197619644,8,2,0,2,0.5961500198026836,0.5961500214193657,0.5985704914740175,0.5986051662527924,3.4674778774834714e-05,0.0,4.4938579855102745e-06,0.6215031844277276,0.6251022787770621,0.003599094349334586,0.026501606382255294,0.5961500214193657,0.5961500214193657,0.0,0.0,99,4,0.596150019925957,True,0,3,17
ridge_teacher_binary,1,4,64,fixed,0.5961500282892952,0.5961500197619644,8,0,2,3,0.5961500206024052,0.5961500234593478,0.5961598509661655,0.5961814220273667,2.1571061201153263e-05,9.822676870330227e-06,3.139373807148349e-05,0.6225246633477413,0.6262438187567654,0.003719155409024122,0.030093790467470183,0.5961500234593478,0.5961500234593478,0.0,0.0,168,4,0.596150019925957,False,107,13,129
ridge_teacher_binary,1,4,64,fixed,0.5961500282892952,0.5961500197619644,8,1,6,4,0.5961500197654678,0.5961500247916198,0.5961582433011874,0.5961784693286085,2.0226027421132997e-05,8.21501189218754e-06,2.8441039313320537e-05,0.6207138774443784,0.6248863905506197,0.004172513106241227,0.028736362261324477,0.5961500247916198,0.5961500247916198,0.0,0.0,153,4,0.596150019925957,False,127,15,129
ridge_teacher_binary,1,4,64,fixed,0.5961500282892952,0.5961500197619644,8,2,1,5,0.5961500283063483,0.5961500213013743,0.5961595659690897,0.5961759875728665,1.6421603776795024e-05,9.537679794502374e-06,2.5959283571297398e-05,0.6072001857435261,0.6104726304693061,0.0032724447257800326,0.014322602180010913,0.5961500283063483,0.5961500283063483,0.0,1.7053136680544867e-11,141,4,0.596150019925957,False,124,9,129
ridge_teacher_binary,1,4,64,moving,0.5978828927430196,0.5961500197619644,8,0,7,0,0.5961500197987264,0.5961500766284055,0.5978679676481996,0.5978911029864501,2.3135338250490634e-05,0.0,8.210243430450959e-06,0.6281897129331858,0.6332115450096397,0.005021832076453903,0.035328652266620075,0.5961500766284056,0.5961500766284056,0.0,0.0,159,2,0.5961500218374359,True,0,6,46
ridge_teacher_binary,1,4,64,moving,0.5978828927430196,0.5961500197619644,8,1,5,1,0.5961500213013743,0.5961500283063483,0.5978852158043292,0.5978929951448065,7.779340477354069e-06,2.3230613095392982e-06,1.0102401786893367e-05,0.6072001857435261,0.6104726304693061,0.0032724447257800326,0.012589737726286465,0.5961500283063483,0.5961500283063483,0.0,0.0,141,2,0.5961500218374359,False,2,4,27
ridge_teacher_binary,1,4,64,moving,0.5978828927430196,0.5961500197619644,8,2,6,4,0.5961500197654678,0.5961500247916198,0.5978795466439861,0.5978947674100149,1.522076602877842e-05,0.0,1.187466699525963e-05,0.6207138774443784,0.6248863905506197,0.004172513106241227,0.02700349780760003,0.5961500247916198,0.5961500247916198,0.0,0.0,153,2,0.5961500218374359,False,5,4,39
ridge_teacher_binary,1,4,128,fixed,0.5961500282892952,0.5961500197619644,8,0,5,6,0.5961500197784313,0.5961500199784745,0.5961597197495978,0.596173321566869,1.360181727116938e-05,9.691460302607702e-06,2.3293277573777083e-05,0.6130758199428481,0.6169929170935157,0.00391709715066757,0.020842888804220472,0.5961500199784745,0.5961500199784745,0.0,0.0,210,4,0.596150019925957,False,128,13,129
ridge_teacher_binary,1,4,128,fixed,0.5961500282892952,0.5961500197619644,8,1,1,2,0.5961500224313041,0.5961500217137541,0.5961583860131345,0.5961764615177667,1.8075504632175665e-05,8.357723839336195e-06,2.643322847151186e-05,0.6177708890985538,0.6221053410646317,0.004334451966077846,0.02595531277533647,0.5961500224313041,0.5961500224313041,0.0,0.0,219,4,0.596150019925957,False,128,13,129
ridge_teacher_binary,1,4,128,fixed,0.5961500282892952,0.5961500197619644,8,2,4,3,0.5961500198458853,0.5961500308221913,0.5961572744578227,0.5961817955978698,2.45211400470291e-05,7.246168527541563e-06,3.176730857457066e-05,0.622534127291866,0.6268469682760948,0.004312840984228794,0.030696939986799565,0.5961500308221914,0.5961500308221914,0.0,2.5328962260928733e-09,213,4,0.596150019925957,False,128,14,129
ridge_teacher_binary,1,4,128,moving,0.597375345967672,0.5961500197619644,8,0,4,3,0.5961500198458853,0.5961500308221913,0.5973747164153778,0.5973969183247114,2.2201909333663394e-05,0.0,2.1572357039478796e-05,0.622534127291866,0.6268469682760948,0.004312840984228794,0.029471622308422818,0.5961500308221914,0.5961500308221914,0.0,0.0,213,2,0.5961500218374359,False,12,5,52
ridge_teacher_binary,1,4,128,moving,0.597375345967672,0.5961500197619644,8,1,7,2,0.5961500197762759,0.5961500217137541,0.5973634634361779,0.5973847252922386,2.1261856060772466e-05,0.0,9.37932456668289e-06,0.6181226182759052,0.6224217204746555,0.004299102198750293,0.02504637450698355,0.5961500217137543,0.5961500217137543,0.0,0.0,204,4,0.596150019925957,True,0,6,43
ridge_teacher_binary,1,4,128,moving,0.597375345967672,0.5961500197619644,8,2,5,1,0.5961500197784313,0.5961500224313041,0.5973615549528302,0.5973845857817276,2.3030828897430133e-05,0.0,9.239814055650442e-06,0.6268794631450177,0.6318409161446882,0.004961452999670435,0.034465570177016236,0.5961500224313041,0.5961500224313041,0.0,0.0,225,2,0.5961500218374359,True,0,6,42
ridge_teacher_binary,1,5,8,fixed,0.5961500282892952,0.5961500197619644,8,0,7,6,0.5961500288337407,0.5961500197675186,0.5961570386508037,0.5961768172865588,1.977863575508554e-05,7.010361508519303e-06,2.678899726360484e-05,0.627225467765471,0.6303323189157697,0.0031068511502987395,0.03418229062647449,0.6786556079060989,0.6786556079060989,0.0,0.08250557961680371,11,4,0.596150019925957,False,99,15,112
ridge_teacher_binary,1,5,8,fixed,0.5961500282892952,0.5961500197619644,8,1,2,5,0.5961500201035422,0.5961500288130032,0.5961553055218438,0.5961816496857806,2.634416393676453e-05,5.277232548617228e-06,3.162139648538176e-05,0.6367768272735602,0.6396447090379631,0.002867881764402891,0.04349468074866791,0.6745811020472117,0.6745811020472117,0.0,0.07843107375791647,14,4,0.596150019925957,False,104,14,117
ridge_teacher_binary,1,5,8,fixed,0.5961500282892952,0.5961500197619644,8,2,0,1,0.5961500197797552,0.5961500224138198,0.5961599933976163,0.5961742855612406,1.4292163624363141e-05,9.965108321075e-06,2.425727194543814e-05,0.6100302877424709,0.6118928710955602,0.0018625833530893088,0.015742842806265034,0.6786619582139888,0.6786619582139888,0.0,0.08251192992469358,11,4,0.596150019925957,False,69,10,105
ridge_teacher_binary,1,5,8,moving,0.6010513190066379,0.5961500197619644,8,0,4,5,0.5961500258046453,0.5961500288130032,0.6010612479192147,0.6010623967302451,1.1488110304158639e-06,9.928912576784299e-06,1.1077723607200163e-05,0.6124694572727848,0.6141971997793266,0.0017277425065418406,0.013145880772688745,0.5961500288130032,0.5961500288130032,0.0,0.0,32,2,0.5961500218374359,False,3,4,18
ridge_teacher_binary,1,5,8,moving,0.6010513190066379,0.5961500197619644,8,1,7,3,0.5961500288337407,0.5961500282892952,0.6010419850348724,0.60108774128493,4.575625005764916e-05,0.0,3.64222782921475e-05,0.6743052555730557,0.6781381717491122,0.0038329161760565222,0.07708685274247429,0.5961500288337407,0.5961500288337407,0.0,0.0,29,2,0.5961500218374359,False,2,12,36
ridge_teacher_binary,1,5,8,moving,0.6010513190066379,0.5961500197619644,8,2,2,0,0.5961500201035422,0.5961500197797552,0.599574927713991,0.6006036022761447,0.0010286745621537197,0.0,0.0,0.599574927713991,0.6006036022761447,0.0010286745621537197,0.0,0.5961500218374359,0.5961500218374359,0.0,0.0,23,2,0.5961500218374359,True,0,0,2
ridge_teacher_binary,1,5,16,fixed,0.5961500282892952,0.5961500197619644,8,0,1,6,0.5961500238122437,0.5961500254057217,0.596159909673091,0.5961751165293613,1.5206856270322255e-05,9.88138379576231e-06,2.5088240066084566e-05,0.6218451864421942,0.6247431577001528,0.0028979712579585426,0.028593129410857565,0.5961500254057217,0.5961500254057217,0.0,0.0,42,4,0.596150019925957,False,96,14,113
ridge_teacher_binary,1,5,16,fixed,0.5961500282892952,0.5961500197619644,8,1,7,3,0.5961500216369303,0.5961500198900886,0.5961564989756462,0.5961790119403716,2.251296472544073e-05,6.470686350956711e-06,2.8983651076397443e-05,0.6205528113620059,0.6244116881037394,0.0038588767417334635,0.028261659814444173,0.5961500216369303,0.5961500216369303,0.0,0.0,57,4,0.596150019925957,False,102,15,129
ridge_teacher_binary,1,5,16,fixed,0.5961500282892952,0.5961500197619644,8,2,4,2,0.5961500248807495,0.5961500208624082,0.5961583740626158,0.5961823951823555,2.4021119739647823e-05,8.345773320650451e-06,3.2366893060298274e-05,0.6350772656262542,0.6386088115850349,0.0035315459587806908,0.04245878329573971,0.5961500248807495,0.5961500248807495,0.0,0.0,62,4,0.596150019925957,False,91,17,129
ridge_teacher_binary,1,5,16,moving,0.599615762526353,0.5961500197619644,8,0,1,3,0.5961500238122437,0.5961500198900886,0.599589825656642,0.5996223900804277,3.2564423785741425e-05,0.0,6.627554074767339e-06,0.633899764688883,0.6372299975229269,0.003330232834043878,0.0376142349965739,0.5961500238122437,0.5961500238122437,0.0,0.0,36,2,0.5961500218374359,True,0,6,30
ridge_teacher_binary,1,5,16,moving,0.599615762526353,0.5961500197619644,8,1,2,6,0.5961500208624082,0.5961500254057217,0.5996017580452601,0.5996254146362002,2.3656590940168698e-05,0.0,9.652109847269053e-06,0.6352476214452405,0.6389929091299401,0.0037452876846996164,0.039377146603587154,0.5961500254057217,0.5961500254057217,0.0,0.0,50,2,0.5961500218374359,True,0,9,22
ridge_teacher_binary,1,5,16,moving,0.599615762526353,0.5961500197619644,8,2,7,4,0.5961500216369303,0.5961500248807495,0.5996085104662413,0.5996231860333107,1.4675567069355466e-05,0.0,7.42350695770444e-06,0.628976821935458,0.6325927103779474,0.00361588844248939,0.03297694785159444,0.5961500248807495,0.5961500248807495,0.0,0.0,75,2,0.5961500218374359,True,0,6,23
ridge_teacher_binary,1,5,32,fixed,0.5961500282892952,0.5961500197619644,8,0,5,7,0.5961500215920305,0.5961500284612457,0.5961567795861648,0.5961776284809092,2.084889474440743e-05,6.7512968695560005e-06,2.7600191613963432e-05,0.6203701550000082,0.6243634237880064,0.0039932687879981055,0.028213395498711158,0.5961500284612458,0.5961500284612458,0.0,1.71950564897827e-10,111,4,0.596150019925957,False,112,14,129
ridge_teacher_binary,1,5,32,fixed,0.5961500282892952,0.5961500197619644,8,1,6,1,0.5961500198342685,0.5961500200260272,0.5961596786429074,0.5961848139878246,2.5135344917215363e-05,9.650353612222773e-06,3.4785698529438136e-05,0.6235112004173278,0.6271178441583578,0.0036066437410300356,0.03096781586906261,0.5961500200260272,0.5961500200260272,0.0,0.0,120,4,0.596150019925957,False,101,13,129
ridge_teacher_binary,1,5,32,fixed,0.5961500282892952,0.5961500197619644,8,2,4,2,0.5961500316782863,0.5961500198809795,0.5961571591307957,0.5961754995354744,1.834040467874054e-05,7.13084150050225e-06,2.547124617924279e-05,0.6214795508331717,0.6253478440894209,0.0038682932562491557,0.029197815800125704,0.5961500316782863,0.5961500316782863,0.0,3.3889910877604734e-09,96,4,0.596150019925957,False,128,15,129
ridge_teacher_binary,1,5,32,moving,0.5986006723948069,0.5961500197619644,8,0,4,2,0.5961500316782863,0.5961500198809795,0.5986016726427906,0.5986141098862235,1.2437243432916745e-05,1.0002479837734057e-06,1.343749141669015e-05,0.6214795508331717,0.6253478440894209,0.0038682932562491557,0.026747171694614047,0.5961500316782863,0.5961500316782863,0.0,0.0,96,2,0.5961500218374359,False,4,6,33
ridge_teacher_binary,1,5,32,moving,0.5986006723948069,0.5961500197619644,8,1,6,7,0.5961500198342685,0.5961500284612457,0.5985945936232299,0.5986155916009164,2.0997977686509905e-05,0.0,1.4919206109520466e-05,0.6151080131555059,0.6184741190485239,0.003366105893018001,0.019873446653717042,0.5961500284612457,0.5961500284612457,0.0,0.0,59,16,0.5961500198011945,False,1,5,27
ridge_teacher_binary,1,5,32,moving,0.5986006723948069,0.5961500197619644,8,2,5,3,0.5961500215920305,0.5961500197657758,0.5985792260154262,0.598610384131758,3.115811633180865e-05,0.0,9.711736951190097e-06,0.6050035908115786,0.6080068679338746,0.0030032771222959775,0.009406195539067741,0.5961500215920305,0.5961500215920305,0.0,0.0,108,4,0.596150019925957,True,0,1,19
ridge_teacher_binary,1,5,64,fixed,0.5961500282892952,0.5961500197619644,8,0,0,4,0.5961500350510375,0.596150020880443,0.596159529290731,0.596184639690711,2.511039997998843e-05,9.501001435818779e-06,3.461140141580721e-05,0.6394418847187259,0.6442234014101459,0.004781516691420018,0.04807337312085069,0.5961500350510375,0.5961500350510375,0.0,6.76174227720594e-09,159,4,0.596150019925957,False,128,17,129
ridge_teacher_binary,1,5,64,fixed,0.5961500282892952,0.5961500197619644,8,1,6,3,0.5961500200384,0.5961500198963995,0.5961586607288505,0.596173949568872,1.5288840021554506e-05,8.632439555289473e-06,2.392127957684398e-05,0.6181365883670341,0.62221151459362,0.004074926226585895,0.02606148630432481,0.5961500200384,0.5961500200384,0.0,0.0,147,4,0.596150019925957,False,116,16,129
ridge_teacher_binary,1,5,64,fixed,0.5961500282892952,0.5961500197619644,8,2,1,7,0.5961500212943757,0.5961500257178166,0.5961597643943436,0.596182275236734,2.251084239035528e-05,9.736105048396837e-06,3.2246947438752116e-05,0.6200018683903901,0.6235708805358063,0.0035690121454162727,0.02742085224651114,0.5961500257178166,0.5961500257178166,0.0,0.0,156,4,0.596150019925957,False,119,13,129
ridge_teacher_binary,1,5,64,moving,0.5978828927430196,0.5961500197619644,8,0,6,2,0.5961500200384,0.5961500201491053,0.5978477789575001,0.5978914812012857,4.370224378558163e-05,0.0,8.588458266012289e-06,0.6384402291300455,0.6436697053415897,0.005229476211544237,0.04578681259857009,0.5961500201491055,0.5961500201491055,0.0,0.0,153,4,0.596150019925957,True,0,5,39
ridge_teacher_binary,1,5,64,moving,0.5978828927430196,0.5961500197619644,8,1,7,5,0.5961500257178166,0.5961500222314374,0.5978659228838982,0.5978862972191631,2.037433526491661e-05,0.0,3.4044761434426363e-06,0.6099577853991773,0.6131660514962498,0.0032082660970724763,0.015283158753230164,0.5961500257178166,0.5961500257178166,0.0,0.0,168,2,0.5961500218374359,True,0,5,25
ridge_teacher_binary,1,5,64,moving,0.5978828927430196,0.5961500197619644,8,2,4,1,0.596150020880443,0.5961500212943757,0.5978861603528198,0.5979005207036487,1.4360350828912516e-05,3.2676098001838128e-06,1.762796062909633e-05,0.6082219699790794,0.6114878943317374,0.003265924352658045,0.013605001588717802,0.5961500212943757,0.5961500212943757,0.0,0.0,150,4,0.596150019925957,False,9,1,39
ridge_teacher_binary,1,5,128,fixed,0.5961500282892952,0.5961500197619644,8,0,3,0,0.596150070836856,0.5961500225433921,0.5961568958367939,0.5961803371193654,2.344128257147915e-05,6.867547498679016e-06,3.0308830070158166e-05,0.6234808759069985,0.6280947265372552,0.004613850630256655,0.03194469824795998,0.5961500708368561,0.5961500708368561,0.0,4.254756091892631e-08,192,4,0.596150019925957,False,128,14,129
ridge_teacher_binary,1,5,128,fixed,0.5961500282892952,0.5961500197619644,8,1,2,7,0.5961500204826561,0.5961500198596321,0.5961553387072331,0.5961806842863607,2.534557912758917e-05,5.310417937942624e-06,3.065599706553179e-05,0.626200848194001,0.6310919551887723,0.004891106994771244,0.03494192689947706,0.5961500204826561,0.5961500204826561,0.0,0.0,201,4,0.596150019925957,False,128,15,129
ridge_teacher_binary,1,5,128,fixed,0.5961500282892952,0.5961500197619644,8,2,1,5,0.5961500218401519,0.5961500213001266,0.5961588522739942,0.5961774803355541,1.862806155983332e-05,8.82398469903567e-06,2.745204625886899e-05,0.6231335726085392,0.6277899358801761,0.004656363271636876,0.03163990759088087,0.5961500218401519,0.5961500218401519,0.0,0.0,228,4,0.596150019925957,False,128,14,129
ridge_teacher_binary,1,5,128,moving,0.597375345967672,0.5961500197619644,8,0,7,6,0.5961500198596321,0.5961500263180428,0.5973655854026654,0.5973822675526885,1.6682150023150655e-05,0.0,6.921585016583798e-06,0.6217781528668928,0.6263957461066645,0.004617593239771733,0.02902040013899254,0.5961500263180428,0.5961500263180428,0.0,0.0,204,2,0.5961500218374359,True,0,6,38
ridge_teacher_binary,1,5,128,moving,0.597375345967672,0.5961500197619644,8,1,2,1,0.5961500204826561,0.5961500218401519,0.5973819631737695,0.5974037749566926,2.1811782923153444e-05,6.617206097514483e-06,2.8428989020667927e-05,0.6237021253012858,0.6283009702372351,0.004598844935949309,0.030925624269563134,0.5961500218401519,0.5961500218401519,0.0,0.0,213,2,0.5961500218374359,False,15,7,56
ridge_teacher_binary,1,5,128,moving,0.597375345967672,0.5961500197619644,8,2,0,5,0.5961500225433921,0.5961500213001266,0.5973420643410806,0.5973842003465119,4.213600543123697e-05,0.0,8.854378839906474e-06,0.616021216212182,0.6202337882831147,0.00421257207093273,0.022858442315442762,0.5961500225433921,0.5961500225433921,0.0,0.0,213,2,0.5961500218374359,True,0,5,36
ridge_teacher_binary,1,6,8,fixed,0.5961500282892952,0.5961500197619644,8,0,6,3,0.5961500200408268,0.5961500224667153,0.5961578265248535,0.5961702813722219,1.2454847368448263e-05,7.798235558298394e-06,2.0253082926746657e-05,0.6152030305582367,0.6178693959161766,0.0026663653579399593,0.021719367626881425,0.6745403708081387,0.6745403708081387,0.0,0.07839034251884347,20,4,0.596150019925957,False,93,13,121
ridge_teacher_binary,1,6,8,fixed,0.5961500282892952,0.5961500197619644,8,1,5,1,0.5961500368764315,0.5961500231331255,0.5961593180403445,0.5961750738484859,1.5755808141393324e-05,9.289751049301742e-06,2.5045559190695066e-05,0.6186446248318995,0.6213233783390365,0.0026787535071369772,0.025173350049741305,0.678640184093291,0.678640184093291,0.0,0.08249015580399577,11,4,0.596150019925957,False,80,13,113
ridge_teacher_binary,1,6,8,fixed,0.5961500282892952,0.5961500197619644,8,2,4,7,0.5961500236324746,0.5961500333009563,0.5961562301302554,0.5961800799174345,2.3849787179064386e-05,6.2018409602293545e-06,3.005162813929374e-05,0.6541010908378992,0.6581128066261586,0.004011715788259318,0.06196277833686337,0.6745527300811778,0.6745527300811778,0.0,0.07840270179188258,11,4,0.596150019925957,False,111,15,119
ridge_teacher_binary,1,6,8,moving,0.6010513190066379,0.5961500197619644,8,0,4,3,0.5961500236324746,0.5961500224667153,0.6010532124806576,0.6010593476188685,6.135138210905389e-06,1.8934740196874245e-06,8.028612230592813e-06,0.6224267821267976,0.6249031533503793,0.002476371223581686,0.023851834343741385,0.5961500236324746,0.5961500236324746,0.0,0.0,29,2,0.5961500218374359,True,0,8,23
ridge_teacher_binary,1,6,8,moving,0.6010513190066379,0.5961500197619644,8,1,7,6,0.5961500333009563,0.5961500200408268,0.6010381386209891,0.6010558914930112,1.7752872022103183e-05,0.0,4.57248637331098e-06,0.6146816975269205,0.6174047926446209,0.0027230951177004137,0.016353473637983007,0.5961500333009563,0.5961500333009563,0.0,0.0,30,2,0.5961500218374359,True,0,5,16
ridge_teacher_binary,1,6,8,moving,0.6010513190066379,0.5961500197619644,8,2,0,2,0.5961500241140977,0.5961500214088159,0.6010591877722181,0.6010620641025824,2.8763303643319915e-06,7.868765580232306e-06,1.0745095944564298e-05,0.6510784226766442,0.6558237578451064,0.004745335168462206,0.054772438838468496,0.5961500241140977,0.5961500241140977,0.0,0.0,30,2,0.5961500218374359,False,2,18,40
ridge_teacher_binary,1,6,16,fixed,0.5961500282892952,0.5961500197619644,8,0,4,3,0.5961500252160378,0.5961500197807591,0.5961585179568707,0.5961839301340344,2.5412177163675054e-05,8.489667575495297e-06,3.390184473917035e-05,0.6271059316703993,0.6303226024292462,0.003216670758846907,0.034172574139951006,0.5961500252160379,0.5961500252160379,0.0,0.0,55,4,0.596150019925957,False,78,14,120
ridge_teacher_binary,1,6,16,fixed,0.5961500282892952,0.5961500197619644,8,1,2,5,0.596150019966396,0.596150024100075,0.596159306643303,0.5961803841468786,2.1077503575606116e-05,9.278354007768996e-06,3.0355857583375112e-05,0.6278287343881898,0.6310324698873078,0.00320373549911801,0.03488244159801257,0.596150024100075,0.596150024100075,0.0,0.0,60,4,0.596150019925957,False,87,17,129
ridge_teacher_binary,1,6,16,fixed,0.5961500282892952,0.5961500197619644,8,2,0,1,0.5961500235100248,0.5961500287985112,0.5961572171189604,0.596175069359633,1.7852240672633357e-05,7.188829665216723e-06,2.504107033785008e-05,0.6193695714262606,0.6226231203831196,0.0032535489568590314,0.026473092093824424,0.5961500287985112,0.5961500287985112,0.0,5.092160026975989e-10,66,4,0.596150019925957,False,107,13,129
ridge_teacher_binary,1,6,16,moving,0.599615762526353,0.5961500197619644,8,0,1,5,0.5961500287985112,0.596150024100075,0.5994884894500394,0.5996022991822153,0.00011380973217589574,0.0,0.0,0.6335386599305923,0.6372668301956458,0.0037281702650534543,0.037651067669292826,0.5961500287985112,0.5961500287985112,0.0,0.0,51,2,0.5961500218374359,True,0,6,14
ridge_teacher_binary,1,6,16,moving,0.599615762526353,0.5961500197619644,8,1,2,6,0.596150019966396,0.5961500211011873,0.5995993094115416,0.599624908149547,2.5598738005450095e-05,0.0,9.14562319409562e-06,0.6191363112330909,0.6226304112490294,0.0034941000159385283,0.023014648722676445,0.5961500211011873,0.5961500211011873,0.0,0.0,66,4,0.596150019925957,True,0,5,22
ridge_teacher_binary,1,6,16,moving,0.599615762526353,0.5961500197619644,8,2,7,4,0.5961500198393537,0.5961500252160378,0.5995602524432421,0.5996239904863575,6.373804311543552e-05,0.0,8.227960004547619e-06,0.6487707553447296,0.6529904585026859,0.004219703157956278,0.05337469597633293,0.5961500252160378,0.5961500252160378,0.0,0.0,38,8,0.5961500197739396,True,0,8,26
ridge_teacher_binary,1,6,32,fixed,0.5961500282892952,0.5961500197619644,8,0,3,6,0.5961500201406883,0.5961500277804025,0.5961591320019616,0.5961906509877382,3.151898577657963e-05,9.103712666380659e-06,4.062269844296029e-05,0.6411861325797492,0.6451946248212714,0.004008492241522221,0.04904459653197624,0.5961500277804025,0.5961500277804025,0.0,0.0,120,4,0.596150019925957,False,92,15,126
ridge_teacher_binary,1,6,32,fixed,0.5961500282892952,0.5961500197619644,8,1,2,0,0.5961500247731486,0.5961500223339501,0.5961590649073758,0.5961719491633356,1.2884255959799695e-05,9.03661808060452e-06,2.1920874040404215e-05,0.610992368025732,0.6140636385383198,0.0030712705125878204,0.017913610249024603,0.5961500247731486,0.5961500247731486,0.0,0.0,99,4,0.596150019925957,False,124,13,129
ridge_teacher_binary,1,6,32,fixed,0.5961500282892952,0.5961500197619644,8,2,4,7,0.5961500215320651,0.5961500203366669,0.5961549949615093,0.5961702292244725,1.5234262963237377e-05,4.966672214057333e-06,2.020093517729471e-05,0.6166406466007677,0.6200689027144994,0.0034282561137317646,0.02391887442520424,0.5961500215320651,0.5961500215320651,0.0,0.0,96,4,0.596150019925957,False,122,14,129
ridge_teacher_binary,1,6,32,moving,0.5986006723948069,0.5961500197619644,8,0,2,1,0.5961500247731486,0.5961500266493249,0.5984672755365258,0.5985968725716233,0.0001295970350975173,0.0,0.0,0.6138673451536889,0.6174310834751106,0.00356373832142165,0.0188304110803037,0.5961500266493249,0.5961500266493249,0.0,0.0,105,2,0.5961500218374359,True,0,2,12
ridge_teacher_binary,1,6,32,moving,0.5986006723948069,0.5961500197619644,8,1,5,3,0.5961500245713552,0.5961500201406883,0.5985879988812546,0.5986063960102803,1.839712902573787e-05,0.0,5.723615473463006e-06,0.6097002307591741,0.6125073778009316,0.0028071470417574407,0.013906705406124709,0.5961500245713552,0.5961500245713552,0.0,0.0,117,2,0.5961500218374359,True,0,3,20
ridge_teacher_binary,1,6,32,moving,0.5986006723948069,0.5961500197619644,8,2,0,7,0.5961500223339501,0.5961500203366669,0.5985888056249664,0.598604373125177,1.556750021058928e-05,0.0,3.7007303701486194e-06,0.6203971108769266,0.6238968828588692,0.003499771981942623,0.025296210464062385,0.5961500223339501,0.5961500223339501,0.0,0.0,90,2,0.5961500218374359,True,0,4,27
ridge_teacher_binary,1,6,64,fixed,0.5961500282892952,0.5961500197619644,8,0,4,2,0.5961500219440069,0.5961500218241098,0.596158490394345,0.5961830108435063,2.4520449161347102e-05,8.46210504978906e-06,3.298255421113616e-05,0.6320873368445212,0.6362169050786176,0.004129568234096381,0.040066876789322414,0.5961500219440069,0.5961500219440069,0.0,0.0,150,4,0.596150019925957,False,124,16,129
ridge_teacher_binary,1,6,64,fixed,0.5961500282892952,0.5961500197619644,8,1,7,0,0.596150029287791,0.5961500198336844,0.5961582901837005,0.5961746872820869,1.6397098386411457e-05,8.261894405281467e-06,2.4658992791692924e-05,0.6151122887134773,0.6190508054129933,0.003938516699515948,0.02290077712369809,0.596150029287791,0.596150029287791,0.0,9.984958415643064e-10,147,4,0.596150019925957,False,116,14,129
ridge_teacher_binary,1,6,64,fixed,0.5961500282892952,0.5961500197619644,8,2,3,5,0.5961500199329883,0.596150019765214,0.596157985926948,0.5961802419669615,2.2256040013490797e-05,7.957637652822314e-06,3.021367766631311e-05,0.6181384490646572,0.6216756113547665,0.0035371622901092525,0.025525583065471258,0.5961500199329883,0.5961500199329883,0.0,0.0,162,4,0.596150019925957,False,115,12,129
ridge_teacher_binary,1,6,64,moving,0.5978828927430196,0.5961500197619644,8,0,7,4,0.596150029287791,0.5961500219440069,0.5978705498525075,0.5978921447899646,2.1594937457014574e-05,0.0,9.252046944907555e-06,0.620514487499703,0.62488524810129,0.0043707606015870315,0.027002355358270336,0.596150029287791,0.596150029287791,0.0,0.0,150,2,0.5961500218374359,True,0,5,38
ridge_teacher_binary,1,6,64,moving,0.5978828927430196,0.5961500197619644,8,1,5,3,0.596150019765214,0.5961500199329883,0.5978751738806115,0.5978897084510644,1.4534570452862106e-05,0.0,6.815708044727309e-06,0.6181384490646572,0.6216756113547665,0.0035371622901092525,0.02379271861174681,0.5961500199329883,0.5961500199329883,0.0,0.0,162,4,0.596150019925957,True,0,5,22
ridge_teacher_binary,1,6,64,moving,0.5978828927430196,0.5961500197619644,8,2,0,1,0.5961500198336844,0.5961500197661188,0.5977838920970779,0.5978828283169952,9.89362199173005e-05,0.0,0.0,0.6209550116214188,0.6251036499561159,0.004148638334697141,0.027220757213096247,0.5961500198336844,0.5961500198336844,0.0,0.0,150,8,0.5961500197739396,True,0,5,15
ridge_teacher_binary,1,6,128,fixed,0.5961500282892952,0.5961500197619644,8,0,0,4,0.5961500210142714,0.5961500241416516,0.5961573067647448,0.5961766333715199,1.932660677517184e-05,7.278475449568056e-06,2.6605082224739895e-05,0.6228235809822265,0.6276281829799611,0.004804601997734692,0.03147815469066595,0.5961500241416516,0.5961500241416516,0.0,0.0,210,4,0.596150019925957,False,128,13,129
ridge_teacher_binary,1,6,128,fixed,0.5961500282892952,0.5961500197619644,8,1,1,7,0.596150025678072,0.5961500206381962,0.5961576076546539,0.5961791300219393,2.1522367285475852e-05,7.579365358667545e-06,2.9101732644143397e-05,0.6203924231315009,0.6246576446847698,0.004265221553268916,0.02850761639547461,0.596150025678072,0.596150025678072,0.0,0.0,222,4,0.596150019925957,False,128,13,129
ridge_teacher_binary,1,6,128,fixed,0.5961500282892952,0.5961500197619644,8,2,3,2,0.5961500208778272,0.5961500197897814,0.5961594977850289,0.5961797800799684,2.0282294939555356e-05,9.469495733660516e-06,2.9751790673215872e-05,0.6202474425574661,0.6248324233722516,0.004584980814785533,0.028682395082956447,0.5961500208778272,0.5961500208778272,0.0,0.0,210,4,0.596150019925957,False,128,13,129
ridge_teacher_binary,1,6,128,moving,0.597375345967672,0.5961500197619644,8,0,5,2,0.596150019770211,0.5961500197897814,0.5973662445715421,0.5973866373032836,2.039273174148093e-05,0.0,1.1291335611618436e-05,0.618102226540585,0.622360844386735,0.0042586178461500035,0.024985498419063057,0.5961500197897814,0.5961500197897814,0.0,0.0,222,8,0.5961500197739396,False,4,5,49
ridge_teacher_binary,1,6,128,moving,0.597375345967672,0.5961500197619644,8,1,0,6,0.5961500210142714,0.5961500224885484,0.597360784315197,0.5973838614953505,2.30771801534857e-05,0.0,8.515527678554236e-06,0.6304955335691808,0.6353076775343327,0.004812143965151949,0.03793233156666076,0.5961500224885484,0.5961500224885484,0.0,0.0,201,2,0.5961500218374359,True,0,7,49
ridge_teacher_binary,1,6,128,moving,0.597375345967672,0.5961500197619644,8,2,1,3,0.596150025678072,0.5961500208778272,0.59738018632733,0.5974020932088568,2.1906881526811972e-05,4.840359658087046e-06,2.6747241184899018e-05,0.6346867560167011,0.6397415408423105,0.005054784825609393,0.04236619487463855,0.596150025678072,0.596150025678072,0.0,0.0,222,2,0.5961500218374359,False,13,7,61
ridge_teacher_binary,1,7,8,fixed,0.5961500282892952,0.5961500197619644,8,0,6,2,0.5961500198985752,0.5961500258223209,0.5961557385507731,0.5961665563796706,1.0817828897558002e-05,5.710261477887002e-06,1.6528090375445004e-05,0.6061232474678182,0.6080918993645508,0.001968651896732565,0.011941871075255572,0.6786598442570881,0.6786598442570881,0.0,0.08250981596779294,11,4,0.596150019925957,False,87,9,99
ridge_teacher_binary,1,7,8,fixed,0.5961500282892952,0.5961500197619644,8,1,0,5,0.5961500198560908,0.5961500229190309,0.5961583226944053,0.5961718033215844,1.3480627179096594e-05,8.294405110076397e-06,2.177503228917299e-05,0.6156881769555435,0.6185433603071897,0.002855183351646251,0.022393332017894507,0.6786659619886178,0.6786659619886178,0.0,0.08251593369932264,17,4,0.596150019925957,False,96,14,116
ridge_teacher_binary,1,7,8,fixed,0.5961500282892952,0.5961500197619644,8,2,1,7,0.5961500238147843,0.5961500231393015,0.5961578250076034,0.5961796911957973,2.1866188193886416e-05,7.79671830819506e-06,2.9662906502081476e-05,0.637794941431064,0.6408230511177955,0.003028109686731506,0.044673022828500275,0.6786401419539093,0.6786401419539093,0.0,0.08249011366461412,11,4,0.596150019925957,False,102,15,115
ridge_teacher_binary,1,7,8,moving,0.6010513190066379,0.5961500197619644,8,0,6,7,0.5961500198985752,0.5961500231393015,0.60105537551712,0.6010801780983662,2.4802581246263777e-05,4.056510482075559e-06,2.8859091728339337e-05,0.6520465328426103,0.6564686125096059,0.004422079666995593,0.05541729350296798,0.5961500231393015,0.5961500231393015,0.0,0.0,25,2,0.5961500218374359,False,4,14,33
ridge_teacher_binary,1,7,8,moving,0.6010513190066379,0.5961500197619644,8,1,4,0,0.5961500335669129,0.5961500198560908,0.6010175765032074,0.6010582622990983,4.0685795890893495e-05,0.0,6.9432924604262425e-06,0.6246962786743249,0.6272288395916156,0.002532560917290705,0.026177520584977687,0.5961500335669129,0.5961500335669129,0.0,0.0,20,2,0.5961500218374359,True,0,7,12
ridge_teacher_binary,1,7,8,moving,0.6010513190066379,0.5961500197619644,8,2,1,3,0.5961500238147843,0.596150032337046,0.6010381153627895,0.6010595920943576,2.1476731568048635e-05,0.0,8.273087719667949e-06,0.6107025302117417,0.6127961989021944,0.002093668690452688,0.011744879895556504,0.596150032337046,0.596150032337046,0.0,0.0,26,2,0.5961500218374359,True,0,7,12
ridge_teacher_binary,1,7,16,fixed,0.5961500282892952,0.5961500197619644,8,0,2,0,0.5961500198530049,0.5961500207353799,0.5961595727502914,0.59617513343449,1.556068419861223e-05,9.544460996213644e-06,2.5105145194825873e-05,0.6146013104732617,0.6176547280788997,0.0030534176056379314,0.021504699789604453,0.5961500207353799,0.5961500207353799,0.0,0.0,75,4,0.596150019925957,False,109,13,129
ridge_teacher_binary,1,7,16,fixed,0.5961500282892952,0.5961500197619644,8,1,1,4,0.5961500201290556,0.5961500220239273,0.596159451132612,0.5961777228313051,1.8271698693062e-05,9.422843316841956e-06,2.7694542009903955e-05,0.6102284363001329,0.6128646255788329,0.0026361892787000185,0.016714597289537725,0.5961500220239273,0.5961500220239273,0.0,0.0,52,4,0.596150019925957,False,88,11,129
ridge_teacher_binary,1,7,16,fixed,0.5961500282892952,0.5961500197619644,8,2,3,7,0.5961500202145121,0.596150020727732,0.5961582488253844,0.5961810649386556,2.2816113271262317e-05,8.220536089176278e-06,3.1036649360438595e-05,0.6274994491271076,0.6306879371670998,0.0031884880399921656,0.03453790887780461,0.596150020727732,0.596150020727732,0.0,0.0,40,4,0.596150019925957,False,103,15,129
ridge_teacher_binary,1,7,16,moving,0.599615762526353,0.5961500197619644,8,0,5,1,0.5961500197652823,0.5961500201290556,0.5996206455476244,0.5996340420642221,1.3396516597707908e-05,4.8830212714401355e-06,1.8279537869148044e-05,0.6599115638484496,0.6648164075745355,0.004904843726085906,0.06520064504818257,0.5961500201290556,0.5961500201290556,0.0,0.0,58,4,0.596150019925957,False,3,10,30
ridge_teacher_binary,1,7,16,moving,0.599615762526353,0.5961500197619644,8,1,0,6,0.5961500207353799,0.596150022852687,0.5996015309494686,0.5996251638480186,2.363289855000783e-05,0.0,9.401321665603035e-06,0.627441632309878,0.6312830933616387,0.003841461051760642,0.03166733083528572,0.596150022852687,0.596150022852687,0.0,0.0,72,2,0.5961500218374359,True,0,5,20
ridge_teacher_binary,1,7,16,moving,0.599615762526353,0.5961500197619644,8,2,2,7,0.5961500198530049,0.596150020727732,0.5995254099290254,0.5996166461978312,9.123626880580549e-05,0.0,8.836714782134436e-07,0.6157259251895496,0.6190388694705138,0.0033129442809641807,0.01942310694416083,0.596150020727732,0.596150020727732,0.0,0.0,69,4,0.596150019925957,True,0,4,12
ridge_teacher_binary,1,7,32,fixed,0.5961500282892952,0.5961500197619644,8,0,4,5,0.5961500204953489,0.5961500321375295,0.5961580176927842,0.5961829645462401,2.4946853455887208e-05,7.989403489006008e-06,3.2936256944893216e-05,0.6389744719350509,0.643538655399845,0.004564183464794147,0.04738862711054981,0.5961500321375296,0.5961500321375296,0.0,3.8482343978074596e-09,102,4,0.596150019925957,False,127,17,129
ridge_teacher_binary,1,7,32,fixed,0.5961500282892952,0.5961500197619644,8,1,7,0,0.5961500203733454,0.5961500204966331,0.5961589047805014,0.5961715101377844,1.2605357282979845e-05,8.876491206177839e-06,2.1481848489157684e-05,0.6049226011150624,0.6076146018068175,0.0026920006917551254,0.01146457351752228,0.5961500204966331,0.5961500204966331,0.0,0.0,108,4,0.596150019925957,False,101,10,129
ridge_teacher_binary,1,7,32,fixed,0.5961500282892952,0.5961500197619644,8,2,6,3,0.596150029459262,0.5961500198308745,0.5961596601052874,0.5961811931098729,2.1533004585516657e-05,9.631815992228177e-06,3.1164820577744834e-05,0.6217650776516892,0.6256925065362625,0.003927428884573314,0.02954247824696732,0.596150029459262,0.596150029459262,0.0,1.1699667901154953e-09,111,4,0.596150019925957,False,119,14,129
ridge_teacher_binary,1,7,32,moving,0.5986006723948069,0.5961500197619644,8,0,1,5,0.596150020121597,0.5961500321375295,0.5985540489013527,0.5986079799392269,5.393103787421083e-05,0.0,7.307544420021017e-06,0.62673351255396,0.630849309866321,0.0041157973123610025,0.032248637471514185,0.5961500321375296,0.5961500321375296,0.0,0.0,111,2,0.5961500218374359,True,0,4,25
ridge_teacher_binary,1,7,32,moving,0.5986006723948069,0.5961500197619644,8,1,6,2,0.596150029459262,0.5961500209610817,0.598497751246588,0.5986078234290938,0.00011007218250580486,0.0,7.15103428694519e-06,0.6206539457153826,0.6242966347295231,0.0036426890141405543,0.02569596233471627,0.596150029459262,0.596150029459262,0.0,0.0,108,2,0.5961500218374359,True,0,3,19
ridge_teacher_binary,1,7,32,moving,0.5986006723948069,0.5961500197619644,8,2,4,3,0.5961500204953489,0.5961500198308745,0.5985741588314164,0.5986075948667425,3.343603532612871e-05,0.0,6.922471935677521e-06,0.6202112872745652,0.6244953686076874,0.004284081333122192,0.02589469621288054,0.5961500204953489,0.5961500204953489,0.0,0.0,111,4,0.596150019925957,True,0,3,19
ridge_teacher_binary,1,7,64,fixed,0.5961500282892952,0.5961500197619644,8,0,2,7,0.5961500209021209,0.5961500205171438,0.5961596992017106,0.5961745433916712,1.4844189960561138e-05,9.67091241543816e-06,2.4515102375999298e-05,0.6129780956994493,0.6166021630010227,0.003624067301573386,0.020452134711727465,0.5961500209021209,0.5961500209021209,0.0,0.0,159,4,0.596150019925957,False,112,11,129
ridge_teacher_binary,1,7,64,fixed,0.5961500282892952,0.5961500197619644,8,1,3,1,0.5961500197647982,0.596150024335778,0.5961597611392513,0.5961783600677444,1.8598928493096523e-05,9.732849956090028e-06,2.833177844918655e-05,0.6222631138747267,0.6259956681546452,0.0037325542799185873,0.02984563986535005,0.596150024335778,0.596150024335778,0.0,0.0,141,4,0.596150019925957,False,125,14,129
ridge_teacher_binary,1,7,64,fixed,0.5961500282892952,0.5961500197619644,8,2,5,0,0.5961500375154583,0.5961500202042735,0.5961578718493363,0.5961817058478969,2.3833998560540692e-05,7.843560041131958e-06,3.167755860167265e-05,0.6287058399640421,0.6330619731097037,0.004356133145661634,0.03691194482040849,0.5961500375154583,0.5961500375154583,0.0,9.226163055764403e-09,165,4,0.596150019925957,False,128,16,129
ridge_teacher_binary,1,7,64,moving,0.5978828927430196,0.5961500197619644,8,0,3,7,0.5961500197647982,0.5961500205171438,0.5978662764302497,0.5978924149020243,2.6138471774572736e-05,0.0,9.522159004626829e-06,0.6315984187137944,0.6360864108036328,0.004487992089838411,0.03820351806061317,0.5961500205171439,0.5961500205171439,0.0,0.0,150,4,0.596150019925957,True,0,5,44
ridge_teacher_binary,1,7,64,moving,0.5978828927430196,0.5961500197619644,8,1,1,6,0.596150024335778,0.596150020370915,0.5978828482935525,0.597897741808991,1.4893515438485494e-05,0.0,1.4849065971378472e-05,0.6326397774702843,0.6372144811502866,0.0045747036800022345,0.039331588407266915,0.596150024335778,0.596150024335778,0.0,0.0,150,2,0.5961500218374359,False,2,7,35
ridge_teacher_binary,1,7,64,moving,0.5978828927430196,0.5961500197619644,8,2,0,2,0.5961500202042735,0.5961500209021209,0.5978460685186977,0.5978901715559726,4.410303727486742e-05,0.0,7.27881295292665e-06,0.6241032581270113,0.62833523687912,0.004231978752108678,0.030452344136100318,0.5961500209021209,0.5961500209021209,0.0,0.0,153,4,0.596150019925957,True,0,5,24
ridge_teacher_binary,1,7,128,fixed,0.5961500282892952,0.5961500197619644,8,0,4,2,0.5961500198956515,0.5961500197950989,0.5961569194580648,0.5961783835833987,2.146412533388098e-05,6.891168769618261e-06,2.835529410349924e-05,0.618694622182038,0.6229603923611825,0.004265770179144535,0.026810364071887305,0.596150019925957,0.596150019925957,0.0,0.0,198,4,0.596150019925957,False,128,13,129
ridge_teacher_binary,1,7,128,fixed,0.5961500282892952,0.5961500197619644,8,1,0,5,0.5961500197752455,0.5961500207608296,0.5961599186424483,0.5961789642945488,1.9045652100424526e-05,9.890353153130249e-06,2.8936005253554775e-05,0.6188281424646962,0.6232444219903195,0.00441627952562329,0.02709439370102429,0.5961500207608296,0.5961500207608296,0.0,0.0,213,4,0.596150019925957,False,128,14,129
ridge_teacher_binary,1,7,128,fixed,0.5961500282892952,0.5961500197619644,8,2,7,1,0.5961500197810309,0.5961500238158928,0.596157133823036,0.5961792560525592,2.2122229523136028e-05,7.105533740836556e-06,2.9227763263972584e-05,0.6245888464870614,0.6290737080270422,0.0044848615399808445,0.032923679737747014,0.5961500238158928,0.5961500238158928,0.0,0.0,228,4,0.596150019925957,False,128,13,129
ridge_teacher_binary,1,7,128,moving,0.597375345967672,0.5961500197619644,8,0,6,4,0.5961500197824773,0.5961500198956515,0.5973657852172699,0.597383348619433,1.7563402163078834e-05,0.0,8.00265176104098e-06,0.6158312280051457,0.6197365082381425,0.003905280232996855,0.02236116227047058,0.5961500198956516,0.5961500198956516,0.0,0.0,198,8,0.5961500197739396,True,0,5,48
ridge_teacher_binary,1,7,128,moving,0.597375345967672,0.5961500197619644,8,1,1,7,0.5961500238158928,0.5961500197810309,0.5973743920126109,0.5973910699587132,1.667794610227258e-05,0.0,1.572399104121658e-05,0.6245888464870614,0.6290737080270422,0.0044848615399808445,0.031698362059370266,0.5961500238158928,0.5961500238158928,0.0,0.0,228,2,0.5961500218374359,False,7,6,57
ridge_teacher_binary,1,7,128,moving,0.597375345967672,0.5961500197619644,8,2,0,2,0.5961500197752455,0.5961500197950989,0.5973436294331859,0.5973784573532485,3.482792006259672e-05,0.0,3.1113855765152465e-06,0.6176188856810834,0.6218011381028091,0.004182252421725763,0.02442579213513718,0.5961500197950989,0.5961500197950989,0.0,0.0,207,8,0.5961500197739396,True,0,5,35
ridge_teacher_binary,1,8,8,fixed,0.5961500282892952,0.5961500197619644,8,0,0,5,0.5961500249838344,0.596150089116747,0.5961596261199296,0.5961802570201927,2.0630900263163277e-05,9.597830634366922e-06,3.0228730897530198e-05,0.6330064075831353,0.635621739707646,0.0026153321245107053,0.03947171141835082,0.6786027195393975,0.6786027195393975,0.0,0.08245269125010235,11,4,0.596150019925957,False,104,12,115
ridge_teacher_binary,1,8,8,fixed,0.5961500282892952,0.5961500197619644,8,1,6,4,0.596150033315448,0.5961500259081163,0.5961599200504496,0.5961857828070999,2.586275665028559e-05,9.89176115440138e-06,3.575451780468697e-05,0.6445934506685927,0.6477547496148633,0.0031612989462705965,0.05160472132556815,0.678684900880134,0.678684900880134,0.0,0.0825348725908388,11,4,0.596150019925957,False,103,16,117
ridge_teacher_binary,1,8,8,fixed,0.5961500282892952,0.5961500197619644,8,2,1,2,0.5961500246389899,0.5961500217031662,0.5961599740991027,0.5961876605381551,2.7686439052376777e-05,9.945809807510031e-06,3.763224885988681e-05,0.6527520237383468,0.6568566074032062,0.004104583664859329,0.060706579113910974,0.678651660782778,0.678651660782778,0.0,0.08250163249348286,14,4,0.596150019925957,False,104,17,121
ridge_teacher_binary,1,8,8,moving,0.6010513190066379,0.5961500197619644,8,0,7,5,0.5961500208276576,0.596150089116747,0.6009770528243068,0.6010246739794924,4.762115518563981e-05,0.0,0.0,0.6111462617195902,0.6132110801429483,0.00206481842335815,0.012159761136310454,0.596150089116747,0.596150089116747,0.0,0.0,23,2,0.5961500218374359,True,0,4,9
ridge_teacher_binary,1,8,8,moving,0.6010513190066379,0.5961500197619644,8,1,3,1,0.5961500246707844,0.5961500246389899,0.6010478132735464,0.6010608081478319,1.2994874285521263e-05,0.0,9.489141194030104e-06,0.6250060972134616,0.6278314916100145,0.0028253943965529382,0.026780172603376617,0.5961500246707844,0.5961500246707844,0.0,0.0,26,2,0.5961500218374359,True,0,10,29
ridge_teacher_binary,1,8,8,moving,0.6010513190066379,0.5961500197619644,8,2,4,2,0.5961500259081163,0.5961500217031662,0.6010606921446141,0.6010654666986224,4.774554008268872e-06,9.373137976220747e-06,1.4147691984489619e-05,0.6185353265539681,0.6209709684536078,0.002435641899639629,0.01991964944696989,0.5961500259081163,0.5961500259081163,0.0,0.0,23,2,0.5961500218374359,False,3,4,22
ridge_teacher_binary,1,8,16,fixed,0.5961500282892952,0.5961500197619644,8,0,7,2,0.5961500266235532,0.5961500322827796,0.5961589821123149,0.5961774871404508,1.8505028135940016e-05,8.953823019686169e-06,2.7458851155626185e-05,0.6164076901138889,0.6191468948935571,0.0027392047796682695,0.022996866604261923,0.5961500322827796,0.5961500322827796,0.0,3.993484432029959e-09,58,4,0.596150019925957,False,82,13,119
ridge_teacher_binary,1,8,16,fixed,0.5961500282892952,0.5961500197619644,8,1,5,6,0.5961500199227086,0.5961500248481021,0.5961567387389297,0.5961835268062835,2.6788067353789025e-05,6.710449634517168e-06,3.349851698830619e-05,0.6386287851255197,0.6426989913191206,0.004070206193600878,0.04654896302982536,0.5961500248481021,0.5961500248481021,0.0,0.0,56,4,0.596150019925957,False,88,17,129
ridge_teacher_binary,1,8,16,fixed,0.5961500282892952,0.5961500197619644,8,2,0,4,0.5961500197975417,0.5961500215200088,0.5961585698123026,0.5961794350181748,2.0865205872189208e-05,8.541523007443708e-06,2.9406728879632915e-05,0.6170793168109769,0.6199472373626376,0.00286792055166063,0.023797209073342374,0.5961500215200088,0.5961500215200088,0.0,0.0,46,4,0.596150019925957,False,88,12,127
ridge_teacher_binary,1,8,16,moving,0.599615762526353,0.5961500197619644,8,0,2,3,0.5961500322827796,0.5961500318729861,0.5996096213587144,0.5996223011703764,1.2679811661975293e-05,0.0,6.538644023446061e-06,0.6136727502926551,0.616418452600991,0.002745702308335929,0.016802690074638083,0.5961500322827796,0.5961500322827796,0.0,0.0,72,2,0.5961500218374359,True,0,5,15
ridge_teacher_binary,1,8,16,moving,0.599615762526353,0.5961500197619644,8,1,0,5,0.5961500197975417,0.5961500199227086,0.599602257258878,0.5996191899125773,1.693265369939745e-05,0.0,3.4273862243860975e-06,0.6196753554498599,0.6232788335638624,0.003603478114002523,0.02366307103750942,0.5961500199227086,0.5961500199227086,0.0,0.0,38,8,0.5961500197739396,True,0,6,17
ridge_teacher_binary,1,8,16,moving,0.599615762526353,0.5961500197619644,8,2,6,4,0.5961500248481021,0.5961500215200088,0.5995611006734252,0.5996227356018747,6.163492844957208e-05,0.0,6.973075521776728e-06,0.6168403197446799,0.6194896595993944,0.002649339854714494,0.019873897073041435,0.5961500248481021,0.5961500248481021,0.0,0.0,50,2,0.5961500218374359,True,0,3,12
ridge_teacher_binary,1,8,32,fixed,0.5961500282892952,0.5961500197619644,8,0,1,3,0.5961500791893835,0.596150019967407,0.5961596745187593,0.5961758843840457,1.6209865286387348e-05,9.646229464088663e-06,2.585609475047601e-05,0.6102647045196216,0.6132124427722826,0.0029477382526610363,0.017062414482987398,0.5961500791893835,0.5961500791893835,0.0,5.090008825536785e-08,102,4,0.596150019925957,False,100,12,129
ridge_teacher_binary,1,8,32,fixed,0.5961500282892952,0.5961500197619644,8,1,4,6,0.5961500225814023,0.5961500197755522,0.596158441115246,0.5961817032194127,2.326210416669916e-05,8.412825950765423e-06,3.1674930117464584e-05,0.6198922726257347,0.6230993745158203,0.003207101890085662,0.026949346226525117,0.5961500225814024,0.5961500225814024,0.0,0.0,111,4,0.596150019925957,False,100,13,129
ridge_teacher_binary,1,8,32,fixed,0.5961500282892952,0.5961500197619644,8,2,5,0,0.5961500214356186,0.5961500197823534,0.5961588108869156,0.5961816957642111,2.2884877295514805e-05,8.782597620382582e-06,3.166747491589739e-05,0.6238031353951192,0.6274504106833049,0.0036472752881856474,0.031300382394009674,0.5961500214356186,0.5961500214356186,0.0,0.0,114,4,0.596150019925957,False,112,14,129
ridge_teacher_binary,1,8,32,moving,0.5986006723948069,0.5961500197619644,8,0,5,0,0.5961500214356186,0.5961500197823534,0.598511721943707,0.5985827398439022,7.10179001951472e-05,0.0,0.0,0.6238031353951192,0.6274504106833049,0.0036472752881856474,0.028849738288498017,0.5961500214356186,0.5961500214356186,0.0,0.0,114,4,0.596150019925957,True,0,3,18
ridge_teacher_binary,1,8,32,moving,0.5986006723948069,0.5961500197619644,8,1,7,3,0.5961500398669939,0.596150019967407,0.5985082654562691,0.5985789063420649,7.064088579578076e-05,0.0,0.0,0.6135315205348861,0.6172241542335617,0.0036926336986755626,0.01862348183875484,0.5961500398669939,0.5961500398669939,0.0,0.0,105,2,0.5961500218374359,True,0,1,15
ridge_teacher_binary,1,8,32,moving,0.5986006723948069,0.5961500197619644,8,2,2,4,0.5961500199589493,0.5961500225814023,0.5984288373769567,0.5986069927417839,0.00017815536482712613,0.0,6.3203469770067855e-06,0.6146257567480421,0.6178589739173519,0.003233217169309799,0.01925830152254504,0.5961500225814024,0.5961500225814024,0.0,0.0,105,2,0.5961500218374359,True,0,5,12
ridge_teacher_binary,1,8,64,fixed,0.5961500282892952,0.5961500197619644,8,0,6,7,0.5961500206320999,0.596150023978729,0.5961557353838487,0.596182168957849,2.6433574000339632e-05,5.707094553497605e-06,3.214066855383724e-05,0.6340703039426396,0.6379949912895141,0.003924687346874456,0.04184496300021889,0.5961500239787291,0.5961500239787291,0.0,0.0,150,4,0.596150019925957,False,120,17,129
ridge_teacher_binary,1,8,64,fixed,0.5961500282892952,0.5961500197619644,8,1,2,3,0.5961500302109811,0.5961500202564843,0.5961578345509171,0.596186298799604,2.8464248686965732e-05,7.80626162188991e-06,3.627051030885564e-05,0.632496582577663,0.6367925224832917,0.0042959399056287095,0.04064249419399646,0.5961500302109811,0.5961500302109811,0.0,1.921685921502103e-09,153,4,0.596150019925957,False,128,15,129
ridge_teacher_binary,1,8,64,fixed,0.5961500282892952,0.5961500197619644,8,2,1,4,0.596150019764314,0.5961500197668904,0.5961562586617501,0.5961805215593937,2.4262897643567705e-05,6.230372454951727e-06,3.049327009851943e-05,0.6196938665693339,0.6241134837902038,0.00441961722086992,0.02796345550090862,0.596150019925957,0.596150019925957,0.0,0.0,156,4,0.596150019925957,False,128,14,129
ridge_teacher_binary,1,8,64,moving,0.5978828927430196,0.5961500197619644,8,0,2,3,0.5961500302109811,0.5961500202564843,0.5978412906700035,0.5978900585565663,4.8767886562828267e-05,0.0,7.165813546650135e-06,0.632496582577663,0.6367925224832917,0.0042959399056287095,0.03890962974027201,0.5961500302109811,0.5961500302109811,0.0,0.0,153,2,0.5961500218374359,True,0,5,28
ridge_teacher_binary,1,8,64,moving,0.5978828927430196,0.5961500197619644,8,1,7,5,0.596150023978729,0.5961500197660987,0.5978656559321164,0.5978878961246723,2.2240192555922356e-05,0.0,5.003381652657346e-06,0.6215338288885103,0.6260861850409392,0.0045523561524288825,0.028203292297919513,0.5961500239787291,0.5961500239787291,0.0,0.0,159,2,0.5961500218374359,True,0,5,32
ridge_teacher_binary,1,8,64,moving,0.5978828927430196,0.5961500197619644,8,2,0,1,0.5961500235499541,0.596150019764314,0.5978766712822127,0.5978924320622455,1.576078003284742e-05,0.0,9.539319225870813e-06,0.6080109989168733,0.6115092907197087,0.0034982918028354515,0.013626397976689075,0.5961500235499541,0.5961500235499541,0.0,0.0,153,2,0.5961500218374359,True,0,4,32
ridge_teacher_binary,1,8,128,fixed,0.5961500282892952,0.5961500197619644,8,0,7,0,0.5961500291330987,0.596150021375362,0.5961555934115689,0.5961763946487453,2.0801237176404364e-05,5.565122273676337e-06,2.63663594500807e-05,0.620335511339504,0.6248989222855494,0.004563410946045399,0.028748893996254243,0.5961500291330987,0.5961500291330987,0.0,8.438034715396725e-10,222,4,0.596150019925957,False,128,15,129
ridge_teacher_binary,1,8,128,fixed,0.5961500282892952,0.5961500197619644,8,1,2,6,0.596150020878822,0.5961500207452283,0.5961576465239656,0.596180094202737,2.2447678771353452e-05,7.618234670436763e-06,3.0065913441790215e-05,0.6277720418670629,0.6326766513731269,0.004904609506063973,0.0365266230838317,0.596150020878822,0.596150020878822,0.0,0.0,231,4,0.596150019925957,False,128,15,129
ridge_teacher_binary,1,8,128,fixed,0.5961500282892952,0.5961500197619644,8,2,5,4,0.5961500199878554,0.5961500233310566,0.5961554033419619,0.5961756622065649,2.025886460299553e-05,5.375052666733993e-06,2.5633917269729523e-05,0.617547627228613,0.6216313746574452,0.004083747428832218,0.025481346368150026,0.5961500233310566,0.5961500233310566,0.0,0.0,210,4,0.596150019925957,False,127,13,129
ridge_teacher_binary,1,8,128,moving,0.597375345967672,0.5961500197619644,8,0,0,6,0.596150021375362,0.5961500207452283,0.5973764917809639,0.5973940051315879,1.7513350624054347e-05,1.1458132919139885e-06,1.8659163915968335e-05,0.6249782789449079,0.6296855266432391,0.004707247698331196,0.032310180675567124,0.5961500213753621,0.5961500213753621,0.0,0.0,219,4,0.596150019925957,False,9,5,59
ridge_teacher_binary,1,8,128,moving,0.597375345967672,0.5961500197619644,8,1,3,7,0.5961500197837408,0.5961500291330987,0.5973650331668495,0.5973846736653537,1.9640498504225334e-05,0.0,9.327697681804636e-06,0.6131908819028755,0.616857278186698,0.0036663962838224817,0.019481932219026055,0.5961500291330987,0.5961500291330987,0.0,0.0,228,2,0.5961500218374359,True,0,5,32
ridge_teacher_binary,1,8,128,moving,0.597375345967672,0.5961500197619644,8,2,5,4,0.5961500199878554,0.5961500233310566,0.5973706625938546,0.5973884200836842,1.7757489829572926e-05,0.0,1.3074116012257164e-05,0.617547627228613,0.6216313746574452,0.004083747428832218,0.02425602868977328,0.5961500233310566,0.5961500233310566,0.0,0.0,210,2,0.5961500218374359,False,1,5,46
ridge_teacher_binary,1,9,8,fixed,0.5961500282892952,0.5961500197619644,8,0,0,3,0.5961500237315784,0.5961500197833713,0.5961597344632897,0.5961753135501969,1.5579086907191453e-05,9.706173994539213e-06,2.5285260901730666e-05,0.6180583253625695,0.6209291234949432,0.0028707981323736753,0.024779095205648027,0.6786453091169236,0.6786453091169236,0.0,0.08249528082762836,11,4,0.596150019925957,False,108,13,117
ridge_teacher_binary,1,9,8,fixed,0.5961500282892952,0.5961500197619644,8,1,7,5,0.5961500294387275,0.596150035786382,0.5961554881275913,0.5961692503892905,1.3762261699135081e-05,5.459838296140163e-06,1.9222099995275244e-05,0.6059867677941123,0.6080349044468277,0.0020481366527154155,0.011884876157532531,0.6787138961438957,0.6787138961438957,0.0,0.08256386785460046,14,4,0.596150019925957,False,64,11,113
ridge_teacher_binary,1,9,8,fixed,0.5961500282892952,0.5961500197619644,8,2,4,1,0.5961500197920769,0.5961500264413042,0.5961570520659805,0.5961721560978984,1.5104031917956284e-05,7.023776685266547e-06,2.212780860322283e-05,0.6148884219506253,0.616937632966558,0.002049211015932695,0.020787604677262816,0.6786609710875344,0.6786609710875344,0.0,0.08251094279823923,11,4,0.596150019925957,False,92,13,103
ridge_teacher_binary,1,9,8,moving,0.6010513190066379,0.5961500197619644,8,0,0,1,0.5961500237315784,0.5961500264413042,0.6008830484299201,0.6009698845558168,8.683612589666101e-05,0.0,0.0,0.604789015616815,0.6063127183330216,0.0015237027162066097,0.005261399326383698,0.5961500264413042,0.5961500264413042,0.0,0.0,20,2,0.5961500218374359,True,0,3,7
ridge_teacher_binary,1,9,8,moving,0.6010513190066379,0.5961500197619644,8,1,7,6,0.5961500294387275,0.5961500212691522,0.6010594984665064,0.6010618170463822,2.3185798757596743e-06,8.179459868529193e-06,1.0498039744288867e-05,0.6232872948354988,0.6261214671355664,0.00283417230006755,0.025070148128928493,0.5961500294387275,0.5961500294387275,0.0,0.0,21,2,0.5961500218374359,False,2,7,35
ridge_teacher_binary,1,9,8,moving,0.6010513190066379,0.5961500197619644,8,2,5,3,0.596150035786382,0.5961500197833713,0.6010583493223804,0.601070601132904,1.225181052355584e-05,7.030315742562188e-06,1.9282126266118027e-05,0.6388059074035038,0.6428994802694055,0.004093572865901618,0.04184816126276758,0.596150035786382,0.596150035786382,0.0,0.0,20,2,0.5961500218374359,False,2,10,34
ridge_teacher_binary,1,9,16,fixed,0.5961500282892952,0.5961500197619644,8,0,4,0,0.5961500250800005,0.5961500198335347,0.5961563950589323,0.5961699004650232,1.350540609090789e-05,6.36676963705618e-06,1.987217572796407e-05,0.621668049634971,0.6253126403396996,0.0036445907047285564,0.02916261205040438,0.5961500250800006,0.5961500250800006,0.0,0.0,63,4,0.596150019925957,False,102,17,129
ridge_teacher_binary,1,9,16,fixed,0.5961500282892952,0.5961500197619644,8,1,5,1,0.5961500215132333,0.5961500289276012,0.5961576389719444,0.596174159186928,1.652021498355083e-05,7.6106826492061685e-06,2.4130897632756998e-05,0.6086957782573673,0.6108869115373472,0.0021911332799798844,0.014736883248052002,0.5961500289276012,0.5961500289276012,0.0,6.383059636405619e-10,57,4,0.596150019925957,False,72,13,117
ridge_teacher_binary,1,9,16,fixed,0.5961500282892952,0.5961500197619644,8,2,7,6,0.5961500206200895,0.5961500274617275,0.5961584224426515,0.5961770527752216,1.863033257010205e-05,8.394153356294787e-06,2.7024485926396835e-05,0.6314930085327332,0.635272968740275,0.003779960207541788,0.03912294045097975,0.5961500274617275,0.5961500274617275,0.0,0.0,72,4,0.596150019925957,False,104,19,129
ridge_teacher_binary,1,9,16,moving,0.599615762526353,0.5961500197619644,8,0,7,2,0.5961500206200895,0.5961500197717803,0.5995378890472689,0.5996213930480634,8.350400079448761e-05,0.0,5.630521710431324e-06,0.636735016575308,0.6410064645059724,0.004271447930664474,0.04139070197961947,0.5961500206200895,0.5961500206200895,0.0,0.0,49,4,0.596150019925957,True,0,8,17
ridge_teacher_binary,1,9,16,moving,0.599615762526353,0.5961500197619644,8,1,5,4,0.5961500215132333,0.5961500250800005,0.5996209017009341,0.599637538704785,1.6637003850905607e-05,5.1391745811146805e-06,2.1776178432020288e-05,0.6328187927320512,0.637143646666667,0.004324853934615791,0.03752788414031405,0.5961500250800005,0.5961500250800005,0.0,0.0,38,8,0.5961500197739396,False,5,6,23
ridge_teacher_binary,1,9,16,moving,0.599615762526353,0.5961500197619644,8,2,1,6,0.5961500289276012,0.5961500274617275,0.5996041199953638,0.5996221020761988,1.7982080835032832e-05,0.0,6.339549845857384e-06,0.6393776424541969,0.6430116871785287,0.0036340447243318197,0.04339592465217579,0.5961500289276012,0.5961500289276012,0.0,0.0,66,2,0.5961500218374359,True,0,7,36
ridge_teacher_binary,1,9,32,fixed,0.5961500282892952,0.5961500197619644,8,0,0,1,0.5961500200087071,0.5961500255681222,0.5961579834930806,0.5961678175317386,9.834038658063093e-06,7.955203785381393e-06,1.7789242443444486e-05,0.6040002991001602,0.6064726751472598,0.0024723760470996003,0.01032264685796458,0.5961500255681222,0.5961500255681222,0.0,0.0,108,4,0.596150019925957,False,108,9,129
ridge_teacher_binary,1,9,32,fixed,0.5961500282892952,0.5961500197619644,8,1,6,2,0.5961500198649073,0.5961500202706159,0.5961551381732633,0.596174695648514,1.9557475250731038e-05,5.1098839680685515e-06,2.466735921879959e-05,0.6179177558364586,0.6209715472376487,0.003053791401190109,0.024821518948353494,0.5961500202706159,0.5961500202706159,0.0,0.0,123,4,0.596150019925957,False,94,14,129
ridge_teacher_binary,1,9,32,fixed,0.5961500282892952,0.5961500197619644,8,2,3,5,0.5961500234953758,0.5961500249864004,0.5961574542970055,0.596183536684461,2.608238745549496e-05,7.426007710309435e-06,3.3508395165804394e-05,0.6397680408413,0.6445320239678108,0.004763983126510829,0.048381995678515644,0.5961500249864004,0.5961500249864004,0.0,0.0,99,4,0.596150019925957,False,128,18,129
ridge_teacher_binary,1,9,32,moving,0.5986006723948069,0.5961500197619644,8,0,0,3,0.5961500200087071,0.5961500234953758,0.5985287075866736,0.5986009343423017,7.222675562801317e-05,0.0,2.6194749480623614e-07,0.6117469454210968,0.6148293981121741,0.00308245269107732,0.01622872571736722,0.5961500234953758,0.5961500234953758,0.0,0.0,114,2,0.5961500218374359,True,0,4,14
ridge_teacher_binary,1,9,32,moving,0.5986006723948069,0.5961500197619644,8,1,4,5,0.5961500219191765,0.5961500249864004,0.5985881056055717,0.5986096882810787,2.1582675507003657e-05,0.0,9.015886271890317e-06,0.6180011925880186,0.621214607770693,0.003213415182674484,0.022613935375886185,0.5961500249864004,0.5961500249864004,0.0,0.0,108,2,0.5961500218374359,True,0,5,18
ridge_teacher_binary,1,9,32,moving,0.5986006723948069,0.5961500197619644,8,2,6,2,0.5961500198649073,0.5961500202706159,0.5984296345078138,0.5985868632662966,0.00015722875848278584,0.0,0.0,0.6179177558364586,0.6209715472376487,0.003053791401190109,0.022370874842841837,0.5961500202706159,0.5961500202706159,0.0,0.0,123,4,0.596150019925957,True,0,5,12
ridge_teacher_binary,1,9,64,fixed,0.5961500282892952,0.5961500197619644,8,0,1,6,0.5961500220084599,0.5961500226993762,0.5961595338324862,0.5961743189171934,1.4785084707202856e-05,9.505543191012933e-06,2.429062789821579e-05,0.6159752707322532,0.6195799586922206,0.0036046879599673787,0.023429930402925403,0.5961500226993762,0.5961500226993762,0.0,0.0,147,4,0.596150019925957,False,125,13,129
ridge_teacher_binary,1,9,64,fixed,0.5961500282892952,0.5961500197619644,8,1,5,7,0.5961500197850735,0.5961500205357129,0.596159918872668,0.5961753631465342,1.544427386623859e-05,9.890583372751394e-06,2.5334857238989983e-05,0.6074596972690264,0.6108161562124139,0.0033564589433875414,0.014666127923118721,0.5961500205357129,0.5961500205357129,0.0,0.0,168,4,0.596150019925957,False,108,8,129
ridge_teacher_binary,1,9,64,fixed,0.5961500282892952,0.5961500197619644,8,2,3,2,0.5961500197710831,0.5961500203741379,0.5961583531089178,0.5961813788098533,2.302570093548617e-05,8.324819622651525e-06,3.1350520558137696e-05,0.6223025157486167,0.6260095328166697,0.003707017068052987,0.029859504527374514,0.5961500203741379,0.5961500203741379,0.0,0.0,156,4,0.596150019925957,False,128,14,129
ridge_teacher_binary,1,9,64,moving,0.5978828927430196,0.5961500197619644,8,0,3,7,0.5961500197710831,0.5961500205357129,0.5978737538858897,0.5978983740792234,2.4620193333713125e-05,0.0,1.54813362037709e-05,0.6363576285182532,0.6408483101988571,0.0044906816806039584,0.042965417455837485,0.5961500205357129,0.5961500205357129,0.0,0.0,165,4,0.596150019925957,False,6,5,49
ridge_teacher_binary,1,9,64,moving,0.5978828927430196,0.5961500197619644,8,1,4,6,0.5961500236299533,0.5961500226993762,0.5978927772696192,0.5979032424663031,1.0465196683906441e-05,9.884526599557297e-06,2.034972328346374e-05,0.6152503422362514,0.618740400827992,0.0034900585917405635,0.02085750808497233,0.5961500236299534,0.5961500236299534,0.0,0.0,141,2,0.5961500218374359,False,9,4,31
ridge_teacher_binary,1,9,64,moving,0.5978828927430196,0.5961500197619644,8,2,2,0,0.5961500203741379,0.5961500225612428,0.5978345907181805,0.5978910143232993,5.6423605118816056e-05,0.0,8.121580279629725e-06,0.6128305418095134,0.6160451737280072,0.0032146319184938044,0.01816228098498751,0.5961500225612428,0.5961500225612428,0.0,0.0,159,2,0.5961500218374359,True,0,4,19
ridge_teacher_binary,1,9,128,fixed,0.5961500282892952,0.5961500197619644,8,0,5,3,0.5961500203523322,0.596150024508485,0.5961575798518335,0.59617902799049,2.1448138656565696e-05,7.551562538288259e-06,2.8999701194853955e-05,0.6202164727064192,0.6249692568821617,0.0047527841757424305,0.028819228592866453,0.596150024508485,0.596150024508485,0.0,0.0,204,4,0.596150019925957,False,128,15,129
ridge_teacher_binary,1,9,128,fixed,0.5961500282892952,0.5961500197619644,8,1,1,4,0.5961500201394831,0.5961500205174192,0.5961599896705757,0.5961799472142414,1.995754366568292e-05,9.96138128050994e-06,2.991892494619286e-05,0.6220965096999961,0.6268251849493391,0.004728675249343062,0.030675156660043945,0.5961500205174192,0.5961500205174192,0.0,0.0,204,4,0.596150019925957,False,128,15,129
ridge_teacher_binary,1,9,128,fixed,0.5961500282892952,0.5961500197619644,8,2,2,6,0.5961500199231627,0.5961500248947721,0.5961586866290426,0.5961783638007713,1.9677171728682552e-05,8.658339747391608e-06,2.833551147607416e-05,0.6186688234257021,0.6230165705910585,0.004347747165356464,0.02686654230176333,0.5961500248947721,0.5961500248947721,0.0,0.0,219,4,0.596150019925957,False,128,12,129
ridge_teacher_binary,1,9,128,moving,0.597375345967672,0.5961500197619644,8,0,0,4,0.5961500204194721,0.5961500205174192,0.5973829574680665,0.5974021503200464,1.9192851979932257e-05,7.611500394522075e-06,2.6804352374454332e-05,0.6179089443279037,0.6221117354858045,0.004202791157900787,0.024736389518132507,0.5961500205174192,0.5961500205174192,0.0,0.0,207,4,0.596150019925957,False,13,8,49
ridge_teacher_binary,1,9,128,moving,0.597375345967672,0.5961500197619644,8,1,2,1,0.5961500199231627,0.5961500201394831,0.597385231857534,0.5974066625400977,2.1430682563661207e-05,9.885889862060182e-06,3.131657242572139e-05,0.6333234932210542,0.6385664343289351,0.005242941107880927,0.04119108836126317,0.5961500201394831,0.5961500201394831,0.0,0.0,207,4,0.596150019925957,False,18,7,66
ridge_teacher_binary,1,9,128,moving,0.597375345967672,0.5961500197619644,8,2,3,6,0.596150024508485,0.5961500248947721,0.5973813451697351,0.597394668614887,1.3323445151924851e-05,5.999202063122766e-06,1.9322647215047617e-05,0.6103019021497621,0.6136887528710872,0.003386850721325052,0.016313406903415206,0.5961500248947721,0.5961500248947721,0.0,0.0,228,2,0.5961500218374359,False,12,4,40
