input_dim,replicate,width,model_index,threshold,level_tolerance,original_objective,dense_objective,accepted_jitter,support_before,support_after,removed_support,cluster_size,cluster_diameter,compressed_objective,objective_increment,positive_increment,exact_diameter_bound,increment_to_bound,bound_respected
1,0,16,0,0.11745108935533907,1e-05,0.1174510881681033,0.1174510881681033,0.0,16,12,4,5,0.0,0.1174510881681033,0.0,0.0,0.0,0.0,True
1,0,16,1,0.11745108935533907,1e-05,0.11745108834114894,0.11745108834114894,0.0,16,12,4,5,0.0,0.11745108834114894,0.0,0.0,0.0,0.0,True
1,0,16,2,0.11745108935533907,1e-05,0.11745108775077581,0.11745108775077581,0.0,16,12,4,5,0.0,0.11745108775077581,0.0,0.0,0.0,0.0,True
1,0,16,3,0.11745108935533907,1e-05,0.1174510877476016,0.1174510877476016,0.0,16,12,4,5,0.0,0.1174510877476016,0.0,0.0,0.0,0.0,True
1,0,16,5,0.11745108935533907,1e-05,0.11745108779771556,0.11745108779771556,0.0,16,12,4,5,0.0,0.11745108779771556,0.0,0.0,0.0,0.0,True
1,0,16,7,0.11745108935533907,1e-05,0.11745108770255612,0.11745108770255612,0.0,16,12,4,5,0.0,0.11745108770255612,0.0,0.0,0.0,0.0,True
1,0,32,0,0.11745108935533907,1e-05,0.11745108828919631,0.11745108828919629,0.0,32,28,4,5,0.0,0.11745108828919629,0.0,0.0,0.0,0.0,True
1,0,32,1,0.11745108935533907,1e-05,0.11745108794246498,0.11745108794246498,0.0,32,28,4,5,0.0,0.11745108794246498,0.0,0.0,0.0,0.0,True
1,0,32,3,0.11745108935533907,1e-05,0.11745108766602436,0.11745108766602436,0.0,32,28,4,5,0.0,0.11745108766602436,0.0,0.0,0.0,0.0,True
1,0,32,4,0.11745108935533907,1e-05,0.1174510878642361,0.1174510878642361,0.0,32,28,4,5,0.0,0.1174510878642361,0.0,0.0,0.0,0.0,True
1,0,32,5,0.11745108935533907,1e-05,0.11745108785555419,0.11745108785555418,0.0,32,28,4,5,0.0,0.11745108785555419,1.3877787807814457e-17,1.3877787807814457e-17,0.0,0.0,True
1,0,32,7,0.11745108935533907,1e-05,0.11745108766673101,0.11745108766673101,0.0,32,28,4,5,0.0,0.11745108766673101,0.0,0.0,0.0,0.0,True
1,0,64,0,0.11745108935533907,1e-05,0.11745108801690611,0.11745108801690608,0.0,64,60,4,5,0.0,0.11745108801690608,0.0,0.0,0.0,0.0,True
1,0,64,1,0.11745108935533907,1e-05,0.11745108767989276,0.11745108767989274,0.0,64,60,4,5,0.0,0.11745108767989276,2.7755575615628914e-17,2.7755575615628914e-17,0.0,0.0,True
1,0,64,3,0.11745108935533907,1e-05,0.11745108769610013,0.11745108769610013,0.0,64,60,4,5,0.0,0.11745108769610013,0.0,0.0,0.0,0.0,True
1,0,64,4,0.11745108935533907,1e-05,0.11745108768922988,0.1174510876892299,0.0,64,60,4,5,0.0,0.1174510876892299,0.0,0.0,0.0,0.0,True
1,0,64,5,0.11745108935533907,1e-05,0.1174510878569165,0.1174510878569165,0.0,64,60,4,5,0.0,0.1174510878569165,0.0,0.0,0.0,0.0,True
1,0,64,7,0.11745108935533907,1e-05,0.11745108983447734,0.11745108983447734,0.0,64,60,4,5,0.0,0.11745108983447734,0.0,0.0,0.0,0.0,True
1,0,128,0,0.11745108935533907,1e-05,0.11745108796376973,0.11745108796376973,0.0,128,124,4,5,0.0,0.11745108796376973,0.0,0.0,0.0,0.0,True
1,0,128,1,0.11745108935533907,1e-05,0.11745108770211266,0.11745108770211266,0.0,128,124,4,5,0.0,0.11745108770211266,0.0,0.0,0.0,0.0,True
1,0,128,3,0.11745108935533907,1e-05,0.11745108766837477,0.11745108766837477,0.0,128,124,4,5,0.0,0.11745108766837477,0.0,0.0,0.0,0.0,True
1,0,128,4,0.11745108935533907,1e-05,0.11745108773963575,0.11745108773963575,0.0,128,124,4,5,0.0,0.11745108773963575,0.0,0.0,0.0,0.0,True
1,0,128,5,0.11745108935533907,1e-05,0.11745108766563117,0.11745108766563117,0.0,128,124,4,5,0.0,0.11745108766563117,0.0,0.0,0.0,0.0,True
1,0,128,6,0.11745108935533907,1e-05,0.1174510881811519,0.1174510881811519,0.0,128,124,4,5,0.0,0.1174510881811519,0.0,0.0,0.0,0.0,True
1,1,16,0,0.11745108935533907,1e-05,0.11745108796720352,0.11745108796720351,0.0,16,12,4,5,0.0,0.11745108796720352,1.3877787807814457e-17,1.3877787807814457e-17,0.0,0.0,True
1,1,16,3,0.11745108935533907,1e-05,0.11745108780726111,0.11745108780726111,0.0,16,12,4,5,0.0,0.11745108780726111,0.0,0.0,0.0,0.0,True
1,1,16,4,0.11745108935533907,1e-05,0.11745108792153432,0.11745108792153432,0.0,16,12,4,5,0.0,0.11745108792153432,0.0,0.0,0.0,0.0,True
1,1,16,5,0.11745108935533907,1e-05,0.11745108768394368,0.11745108768394368,0.0,16,12,4,5,0.0,0.11745108768394368,0.0,0.0,0.0,0.0,True
1,1,16,6,0.11745108935533907,1e-05,0.11745108767208211,0.11745108767208211,0.0,16,12,4,5,0.0,0.11745108767208211,0.0,0.0,0.0,0.0,True
1,1,16,7,0.11745108935533907,1e-05,0.1174510876701453,0.1174510876701453,0.0,16,12,4,5,0.0,0.1174510876701453,0.0,0.0,0.0,0.0,True
1,1,32,0,0.11745108935533907,1e-05,0.11745108769428264,0.11745108769428264,0.0,32,28,4,5,0.0,0.11745108769428264,0.0,0.0,0.0,0.0,True
1,1,32,2,0.11745108935533907,1e-05,0.1174510876705502,0.1174510876705502,0.0,32,28,4,5,0.0,0.1174510876705502,0.0,0.0,0.0,0.0,True
1,1,32,3,0.11745108935533907,1e-05,0.11745108769217327,0.11745108769217327,0.0,32,28,4,5,0.0,0.11745108769217327,0.0,0.0,0.0,0.0,True
1,1,32,5,0.11745108935533907,1e-05,0.11745108893058122,0.11745108893058122,0.0,32,28,4,5,0.0,0.11745108893058122,0.0,0.0,0.0,0.0,True
1,1,32,6,0.11745108935533907,1e-05,0.11745108768644376,0.11745108768644377,0.0,32,28,4,5,0.0,0.11745108768644377,0.0,0.0,0.0,0.0,True
1,1,32,7,0.11745108935533907,1e-05,0.11745108793596072,0.11745108793596072,0.0,32,28,4,5,0.0,0.11745108793596072,0.0,0.0,0.0,0.0,True
1,1,64,1,0.11745108935533907,1e-05,0.11745108767269735,0.11745108767269735,0.0,64,60,4,5,0.0,0.11745108767269735,0.0,0.0,0.0,0.0,True
1,1,64,2,0.11745108935533907,1e-05,0.11745108787093307,0.11745108787093307,0.0,64,60,4,5,0.0,0.11745108787093307,0.0,0.0,0.0,0.0,True
1,1,64,3,0.11745108935533907,1e-05,0.11745108817117302,0.11745108817117302,0.0,64,60,4,5,0.0,0.11745108817117302,0.0,0.0,0.0,0.0,True
1,1,64,5,0.11745108935533907,1e-05,0.11745108830986568,0.11745108830986568,0.0,64,60,4,5,0.0,0.11745108830986568,0.0,0.0,0.0,0.0,True
1,1,64,6,0.11745108935533907,1e-05,0.11745108903662488,0.11745108903662488,0.0,64,60,4,5,0.0,0.11745108903662488,0.0,0.0,0.0,0.0,True
1,1,64,7,0.11745108935533907,1e-05,0.11745109151375258,0.11745109151375256,0.0,64,60,4,5,0.0,0.11745109151375258,1.3877787807814457e-17,1.3877787807814457e-17,0.0,0.0,True
1,1,128,1,0.11745108935533907,1e-05,0.11745108767927182,0.1174510876792718,0.0,128,124,4,5,0.0,0.1174510876792718,0.0,0.0,0.0,0.0,True
1,1,128,2,0.11745108935533907,1e-05,0.11745108779519754,0.11745108779519754,0.0,128,124,4,5,0.0,0.11745108779519754,0.0,0.0,0.0,0.0,True
1,1,128,4,0.11745108935533907,1e-05,0.11745108927414165,0.11745108927414165,0.0,128,124,4,5,0.0,0.11745108927414165,0.0,0.0,0.0,0.0,True
1,1,128,5,0.11745108935533907,1e-05,0.11745108770350311,0.11745108770350311,0.0,128,124,4,5,0.0,0.11745108770350311,0.0,0.0,0.0,0.0,True
1,1,128,6,0.11745108935533907,1e-05,0.11745108786419488,0.11745108786419488,0.0,128,124,4,5,0.0,0.11745108786419488,0.0,0.0,0.0,0.0,True
1,1,128,7,0.11745108935533907,1e-05,0.11745108769144022,0.1174510876914402,0.0,128,124,4,5,0.0,0.11745108769144022,1.3877787807814457e-17,1.3877787807814457e-17,0.0,0.0,True
1,2,16,0,0.11745108935533907,1e-05,0.11745108851642119,0.11745108851642119,0.0,16,12,4,5,0.0,0.11745108851642119,0.0,0.0,0.0,0.0,True
1,2,16,2,0.11745108935533907,1e-05,0.1174510885531987,0.1174510885531987,0.0,16,12,4,5,0.0,0.1174510885531987,0.0,0.0,0.0,0.0,True
1,2,16,3,0.11745108935533907,1e-05,0.1174510882402865,0.1174510882402865,0.0,16,12,4,5,0.0,0.1174510882402865,0.0,0.0,0.0,0.0,True
1,2,16,4,0.11745108935533907,1e-05,0.1174510879450498,0.1174510879450498,0.0,16,12,4,5,0.0,0.1174510879450498,0.0,0.0,0.0,0.0,True
1,2,16,6,0.11745108935533907,1e-05,0.1174510876648355,0.11745108766483552,0.0,16,12,4,5,0.0,0.11745108766483552,0.0,0.0,0.0,0.0,True
1,2,16,7,0.11745108935533907,1e-05,0.11745108766529583,0.11745108766529583,0.0,16,12,4,5,0.0,0.11745108766529583,0.0,0.0,0.0,0.0,True
1,2,32,0,0.11745108935533907,1e-05,0.11745108783255523,0.11745108783255523,0.0,32,28,4,5,0.0,0.11745108783255523,0.0,0.0,0.0,0.0,True
1,2,32,1,0.11745108935533907,1e-05,0.11745108775350828,0.11745108775350828,0.0,32,28,4,5,0.0,0.1174510877535083,1.3877787807814457e-17,1.3877787807814457e-17,0.0,0.0,True
1,2,32,4,0.11745108935533907,1e-05,0.11745108874109803,0.11745108874109803,0.0,32,28,4,5,0.0,0.11745108874109803,0.0,0.0,0.0,0.0,True
1,2,32,5,0.11745108935533907,1e-05,0.11745108960819375,0.11745108960819375,0.0,32,28,4,5,0.0,0.11745108960819375,0.0,0.0,0.0,0.0,True
1,2,32,6,0.11745108935533907,1e-05,0.11745108784997087,0.11745108784997087,0.0,32,28,4,5,0.0,0.11745108784997087,0.0,0.0,0.0,0.0,True
1,2,32,7,0.11745108935533907,1e-05,0.11745108846042893,0.11745108846042893,0.0,32,28,4,5,0.0,0.11745108846042893,0.0,0.0,0.0,0.0,True
1,2,64,0,0.11745108935533907,1e-05,0.11745108794279417,0.11745108794279417,0.0,64,60,4,5,0.0,0.11745108794279417,0.0,0.0,0.0,0.0,True
1,2,64,1,0.11745108935533907,1e-05,0.11745108766531483,0.11745108766531481,0.0,64,60,4,5,0.0,0.11745108766531481,0.0,0.0,0.0,0.0,True
1,2,64,2,0.11745108935533907,1e-05,0.11745108798071545,0.11745108798071545,0.0,64,60,4,5,0.0,0.11745108798071545,0.0,0.0,0.0,0.0,True
1,2,64,5,0.11745108935533907,1e-05,0.11745109001772225,0.11745109001772225,0.0,64,60,4,5,0.0,0.11745109001772225,0.0,0.0,0.0,0.0,True
1,2,64,6,0.11745108935533907,1e-05,0.117451087673539,0.117451087673539,0.0,64,60,4,5,0.0,0.11745108767353898,-1.3877787807814457e-17,0.0,0.0,0.0,True
1,2,64,7,0.11745108935533907,1e-05,0.11745108830729205,0.11745108830729205,0.0,64,60,4,5,0.0,0.11745108830729205,0.0,0.0,0.0,0.0,True
1,2,128,0,0.11745108935533907,1e-05,0.11745109021947661,0.11745109021947661,0.0,128,124,4,5,0.0,0.11745109021947661,0.0,0.0,0.0,0.0,True
1,2,128,1,0.11745108935533907,1e-05,0.11745108776563848,0.11745108776563848,0.0,128,124,4,5,0.0,0.11745108776563848,0.0,0.0,0.0,0.0,True
1,2,128,2,0.11745108935533907,1e-05,0.1174510877048648,0.1174510877048648,0.0,128,124,4,5,0.0,0.1174510877048648,0.0,0.0,0.0,0.0,True
1,2,128,3,0.11745108935533907,1e-05,0.11745108823571832,0.11745108823571832,0.0,128,124,4,5,0.0,0.11745108823571832,0.0,0.0,0.0,0.0,True
1,2,128,5,0.11745108935533907,1e-05,0.117451087681791,0.117451087681791,0.0,128,124,4,5,0.0,0.117451087681791,0.0,0.0,0.0,0.0,True
1,2,128,6,0.11745108935533907,1e-05,0.11745108812585779,0.11745108812585779,0.0,128,124,4,5,0.0,0.11745108812585779,0.0,0.0,0.0,0.0,True
1,3,16,1,0.11745108935533907,1e-05,0.11745108881441925,0.11745108881441925,0.0,16,12,4,5,0.0,0.11745108881441925,0.0,0.0,0.0,0.0,True
1,3,16,3,0.11745108935533907,1e-05,0.11745108768801085,0.11745108768801085,0.0,16,12,4,5,0.0,0.11745108768801085,0.0,0.0,0.0,0.0,True
1,3,16,4,0.11745108935533907,1e-05,0.11745108779615708,0.11745108779615708,0.0,16,12,4,5,0.0,0.11745108779615708,0.0,0.0,0.0,0.0,True
1,3,16,5,0.11745108935533907,1e-05,0.11745108767054806,0.11745108767054806,0.0,16,12,4,5,0.0,0.11745108767054806,0.0,0.0,0.0,0.0,True
1,3,16,6,0.11745108935533907,1e-05,0.11745108817803854,0.11745108817803855,0.0,16,12,4,5,0.0,0.11745108817803854,-1.3877787807814457e-17,0.0,0.0,0.0,True
1,3,16,7,0.11745108935533907,1e-05,0.11745108767064555,0.11745108767064555,0.0,16,12,4,5,0.0,0.11745108767064555,0.0,0.0,0.0,0.0,True
1,3,32,0,0.11745108935533907,1e-05,0.11745108930177985,0.11745108930177985,0.0,32,28,4,5,0.0,0.11745108930177985,0.0,0.0,0.0,0.0,True
1,3,32,1,0.11745108935533907,1e-05,0.11745109011370394,0.11745109011370394,0.0,32,28,4,5,0.0,0.11745109011370394,0.0,0.0,0.0,0.0,True
1,3,32,3,0.11745108935533907,1e-05,0.11745108803047437,0.11745108803047437,0.0,32,28,4,5,0.0,0.11745108803047437,0.0,0.0,0.0,0.0,True
1,3,32,5,0.11745108935533907,1e-05,0.1174510881459224,0.1174510881459224,0.0,32,28,4,5,0.0,0.1174510881459224,0.0,0.0,0.0,0.0,True
1,3,32,6,0.11745108935533907,1e-05,0.11745108891744917,0.11745108891744917,0.0,32,28,4,5,0.0,0.11745108891744917,0.0,0.0,0.0,0.0,True
1,3,32,7,0.11745108935533907,1e-05,0.11745108767865489,0.1174510876786549,0.0,32,28,4,5,0.0,0.11745108767865489,-1.3877787807814457e-17,0.0,0.0,0.0,True
1,3,64,0,0.11745108935533907,1e-05,0.11745108913308794,0.11745108913308794,0.0,64,60,4,5,0.0,0.11745108913308794,0.0,0.0,0.0,0.0,True
1,3,64,1,0.11745108935533907,1e-05,0.117451087918932,0.117451087918932,0.0,64,60,4,5,0.0,0.117451087918932,0.0,0.0,0.0,0.0,True
1,3,64,4,0.11745108935533907,1e-05,0.11745108877884049,0.11745108877884049,0.0,64,60,4,5,0.0,0.1174510887788405,1.3877787807814457e-17,1.3877787807814457e-17,0.0,0.0,True
1,3,64,5,0.11745108935533907,1e-05,0.11745108790647636,0.11745108790647636,0.0,64,60,4,5,0.0,0.11745108790647636,0.0,0.0,0.0,0.0,True
1,3,64,6,0.11745108935533907,1e-05,0.11745108778149749,0.11745108778149749,0.0,64,60,4,5,0.0,0.11745108778149749,0.0,0.0,0.0,0.0,True
1,3,64,7,0.11745108935533907,1e-05,0.11745108772216964,0.11745108772216964,0.0,64,60,4,5,0.0,0.11745108772216964,0.0,0.0,0.0,0.0,True
1,3,128,0,0.11745108935533907,1e-05,0.11745108775222463,0.11745108775222463,0.0,128,124,4,5,0.0,0.11745108775222463,0.0,0.0,0.0,0.0,True
1,3,128,1,0.11745108935533907,1e-05,0.11745108794094594,0.11745108794094594,0.0,128,124,4,5,0.0,0.11745108794094594,0.0,0.0,0.0,0.0,True
1,3,128,2,0.11745108935533907,1e-05,0.11745108794619474,0.11745108794619474,0.0,128,124,4,5,0.0,0.11745108794619474,0.0,0.0,0.0,0.0,True
1,3,128,4,0.11745108935533907,1e-05,0.11745108871126214,0.11745108871126216,0.0,128,124,4,5,0.0,0.11745108871126214,-1.3877787807814457e-17,0.0,0.0,0.0,True
1,3,128,5,0.11745108935533907,1e-05,0.11745108946596913,0.11745108946596913,0.0,128,124,4,5,0.0,0.11745108946596913,0.0,0.0,0.0,0.0,True
1,3,128,7,0.11745108935533907,1e-05,0.11745108766714232,0.11745108766714232,0.0,128,124,4,5,0.0,0.1174510876671423,-2.7755575615628914e-17,0.0,0.0,0.0,True
1,4,16,0,0.11745108935533907,1e-05,0.11745108771981323,0.11745108771981323,0.0,16,12,4,5,0.0,0.11745108771981323,0.0,0.0,0.0,0.0,True
1,4,16,1,0.11745108935533907,1e-05,0.11745108910519995,0.11745108910519995,0.0,16,12,4,5,0.0,0.11745108910519995,0.0,0.0,0.0,0.0,True
1,4,16,2,0.11745108935533907,1e-05,0.11745108903087334,0.11745108903087334,0.0,16,12,4,5,0.0,0.11745108903087334,0.0,0.0,0.0,0.0,True
1,4,16,3,0.11745108935533907,1e-05,0.117451087854347,0.117451087854347,0.0,16,12,4,5,0.0,0.117451087854347,0.0,0.0,0.0,0.0,True
1,4,16,5,0.11745108935533907,1e-05,0.11745108766485315,0.11745108766485315,0.0,16,12,4,5,0.0,0.11745108766485315,0.0,0.0,0.0,0.0,True
1,4,16,7,0.11745108935533907,1e-05,0.11745108857970174,0.11745108857970174,0.0,16,12,4,5,0.0,0.11745108857970174,0.0,0.0,0.0,0.0,True
1,4,32,0,0.11745108935533907,1e-05,0.11745108800718704,0.11745108800718704,0.0,32,28,4,5,0.0,0.11745108800718704,0.0,0.0,0.0,0.0,True
1,4,32,1,0.11745108935533907,1e-05,0.11745109020063152,0.11745109020063152,0.0,32,28,4,5,0.0,0.11745109020063152,0.0,0.0,0.0,0.0,True
1,4,32,2,0.11745108935533907,1e-05,0.11745108858567871,0.11745108858567871,0.0,32,28,4,5,0.0,0.11745108858567871,0.0,0.0,0.0,0.0,True
1,4,32,3,0.11745108935533907,1e-05,0.1174510879271478,0.1174510879271478,0.0,32,28,4,5,0.0,0.1174510879271478,0.0,0.0,0.0,0.0,True
1,4,32,6,0.11745108935533907,1e-05,0.11745108782964626,0.11745108782964626,0.0,32,28,4,5,0.0,0.11745108782964626,0.0,0.0,0.0,0.0,True
1,4,32,7,0.11745108935533907,1e-05,0.11745108809306666,0.11745108809306666,0.0,32,28,4,5,0.0,0.11745108809306666,0.0,0.0,0.0,0.0,True
1,4,64,1,0.11745108935533907,1e-05,0.11745108841141437,0.11745108841141437,0.0,64,60,4,5,0.0,0.11745108841141437,0.0,0.0,0.0,0.0,True
1,4,64,2,0.11745108935533907,1e-05,0.11745108866008436,0.11745108866008436,0.0,64,60,4,5,0.0,0.11745108866008436,0.0,0.0,0.0,0.0,True
1,4,64,3,0.11745108935533907,1e-05,0.11745108931737691,0.11745108931737691,0.0,64,60,4,5,0.0,0.11745108931737691,0.0,0.0,0.0,0.0,True
1,4,64,4,0.11745108935533907,1e-05,0.11745108769687446,0.11745108769687446,0.0,64,60,4,5,0.0,0.11745108769687446,0.0,0.0,0.0,0.0,True
1,4,64,5,0.11745108935533907,1e-05,0.11745108821211624,0.11745108821211624,0.0,64,60,4,5,0.0,0.11745108821211624,0.0,0.0,0.0,0.0,True
1,4,64,6,0.11745108935533907,1e-05,0.11745109006910187,0.11745109006910187,0.0,64,60,4,5,0.0,0.11745109006910187,0.0,0.0,0.0,0.0,True
1,4,128,1,0.11745108935533907,1e-05,0.11745108798445672,0.11745108798445675,0.0,128,124,4,5,0.0,0.11745108798445675,0.0,0.0,0.0,0.0,True
1,4,128,2,0.11745108935533907,1e-05,0.11745108773201672,0.11745108773201672,0.0,128,124,4,5,0.0,0.11745108773201672,0.0,0.0,0.0,0.0,True
1,4,128,3,0.11745108935533907,1e-05,0.11745108846433483,0.11745108846433483,0.0,128,124,4,5,0.0,0.11745108846433483,0.0,0.0,0.0,0.0,True
1,4,128,4,0.11745108935533907,1e-05,0.11745108799059881,0.11745108799059882,0.0,128,124,4,5,0.0,0.11745108799059881,-1.3877787807814457e-17,0.0,0.0,0.0,True
1,4,128,5,0.11745108935533907,1e-05,0.11745109015709301,0.11745109015709301,0.0,128,124,4,5,0.0,0.11745109015709301,0.0,0.0,0.0,0.0,True
1,4,128,6,0.11745108935533907,1e-05,0.11745108768085653,0.11745108768085652,0.0,128,124,4,5,0.0,0.11745108768085653,1.3877787807814457e-17,1.3877787807814457e-17,0.0,0.0,True
1,5,16,1,0.11745108935533907,1e-05,0.11745108888057322,0.11745108888057322,0.0,16,12,4,5,0.0,0.11745108888057322,0.0,0.0,0.0,0.0,True
1,5,16,2,0.11745108935533907,1e-05,0.1174510881156179,0.1174510881156179,0.0,16,12,4,5,0.0,0.1174510881156179,0.0,0.0,0.0,0.0,True
1,5,16,3,0.11745108935533907,1e-05,0.11745108769479973,0.11745108769479973,0.0,16,12,4,5,0.0,0.11745108769479973,0.0,0.0,0.0,0.0,True
1,5,16,4,0.11745108935533907,1e-05,0.1174510877185873,0.11745108771858731,0.0,16,12,4,5,0.0,0.11745108771858731,0.0,0.0,0.0,0.0,True
1,5,16,6,0.11745108935533907,1e-05,0.11745108940499165,0.11745108940499165,0.0,16,12,4,5,0.0,0.11745108940499165,0.0,0.0,0.0,0.0,True
1,5,16,7,0.11745108935533907,1e-05,0.11745108876102825,0.11745108876102825,0.0,16,12,4,5,0.0,0.11745108876102825,0.0,0.0,0.0,0.0,True
1,5,32,1,0.11745108935533907,1e-05,0.11745108872574571,0.11745108872574571,0.0,32,28,4,5,0.0,0.11745108872574571,0.0,0.0,0.0,0.0,True
1,5,32,2,0.11745108935533907,1e-05,0.11745108768204959,0.11745108768204962,0.0,32,28,4,5,0.0,0.11745108768204962,0.0,0.0,0.0,0.0,True
1,5,32,4,0.11745108935533907,1e-05,0.11745108769308797,0.11745108769308797,0.0,32,28,4,5,0.0,0.11745108769308797,0.0,0.0,0.0,0.0,True
1,5,32,5,0.11745108935533907,1e-05,0.11745108766488296,0.11745108766488296,0.0,32,28,4,5,0.0,0.11745108766488296,0.0,0.0,0.0,0.0,True
1,5,32,6,0.11745108935533907,1e-05,0.1174510878816202,0.1174510878816202,0.0,32,28,4,5,0.0,0.1174510878816202,0.0,0.0,0.0,0.0,True
1,5,32,7,0.11745108935533907,1e-05,0.11745108772297871,0.1174510877229787,0.0,32,28,4,5,0.0,0.1174510877229787,0.0,0.0,0.0,0.0,True
1,5,64,0,0.11745108935533907,1e-05,0.11745108815688049,0.11745108815688049,0.0,64,60,4,5,0.0,0.11745108815688049,0.0,0.0,0.0,0.0,True
1,5,64,1,0.11745108935533907,1e-05,0.11745108789572714,0.11745108789572714,0.0,64,60,4,5,0.0,0.11745108789572714,0.0,0.0,0.0,0.0,True
1,5,64,3,0.11745108935533907,1e-05,0.11745108864758524,0.11745108864758524,0.0,64,60,4,5,0.0,0.11745108864758524,0.0,0.0,0.0,0.0,True
1,5,64,4,0.11745108935533907,1e-05,0.1174510897494465,0.1174510897494465,0.0,64,60,4,5,0.0,0.1174510897494465,0.0,0.0,0.0,0.0,True
1,5,64,6,0.11745108935533907,1e-05,0.11745108774145718,0.11745108774145718,0.0,64,60,4,5,0.0,0.11745108774145718,0.0,0.0,0.0,0.0,True
1,5,64,7,0.11745108935533907,1e-05,0.11745108766529555,0.11745108766529555,0.0,64,60,4,5,0.0,0.11745108766529555,0.0,0.0,0.0,0.0,True
1,5,128,0,0.11745108935533907,1e-05,0.11745108781779359,0.11745108781779359,0.0,128,124,4,5,0.0,0.11745108781779359,0.0,0.0,0.0,0.0,True
1,5,128,1,0.11745108935533907,1e-05,0.11745108770157149,0.11745108770157149,0.0,128,124,4,5,0.0,0.11745108770157149,0.0,0.0,0.0,0.0,True
1,5,128,2,0.11745108935533907,1e-05,0.1174510882197435,0.1174510882197435,0.0,128,124,4,5,0.0,0.1174510882197435,0.0,0.0,0.0,0.0,True
1,5,128,3,0.11745108935533907,1e-05,0.11745108905766997,0.11745108905766997,0.0,128,124,4,5,0.0,0.11745108905766997,0.0,0.0,0.0,0.0,True
1,5,128,5,0.11745108935533907,1e-05,0.11745108771837001,0.11745108771837001,0.0,128,124,4,5,0.0,0.11745108771837001,0.0,0.0,0.0,0.0,True
1,5,128,7,0.11745108935533907,1e-05,0.1174510892056188,0.1174510892056188,0.0,128,124,4,5,0.0,0.1174510892056188,0.0,0.0,0.0,0.0,True
1,6,16,0,0.11745108935533907,1e-05,0.11745108823801276,0.11745108823801276,0.0,16,12,4,5,0.0,0.11745108823801276,0.0,0.0,0.0,0.0,True
1,6,16,1,0.11745108935533907,1e-05,0.11745108775370644,0.11745108775370644,0.0,16,12,4,5,0.0,0.11745108775370644,0.0,0.0,0.0,0.0,True
1,6,16,2,0.11745108935533907,1e-05,0.11745108863068598,0.11745108863068598,0.0,16,12,4,5,0.0,0.11745108863068598,0.0,0.0,0.0,0.0,True
1,6,16,3,0.11745108935533907,1e-05,0.11745108817586263,0.11745108817586265,0.0,16,12,4,5,0.0,0.11745108817586265,0.0,0.0,0.0,0.0,True
1,6,16,4,0.11745108935533907,1e-05,0.11745108768929749,0.11745108768929749,0.0,16,12,4,5,0.0,0.11745108768929749,0.0,0.0,0.0,0.0,True
1,6,16,5,0.11745108935533907,1e-05,0.11745108768145261,0.1174510876814526,0.0,16,12,4,5,0.0,0.11745108768145261,1.3877787807814457e-17,1.3877787807814457e-17,0.0,0.0,True
1,6,32,0,0.11745108935533907,1e-05,0.11745108840899438,0.11745108840899438,0.0,32,28,4,5,0.0,0.11745108840899438,0.0,0.0,0.0,0.0,True
1,6,32,2,0.11745108935533907,1e-05,0.11745108880135861,0.11745108880135861,0.0,32,28,4,5,0.0,0.11745108880135861,0.0,0.0,0.0,0.0,True
1,6,32,3,0.11745108935533907,1e-05,0.11745109169309158,0.11745109169309158,0.0,32,28,4,5,0.0,0.11745109169309158,0.0,0.0,0.0,0.0,True
1,6,32,4,0.11745108935533907,1e-05,0.1174510881573808,0.1174510881573808,0.0,32,28,4,5,0.0,0.1174510881573808,0.0,0.0,0.0,0.0,True
1,6,32,6,0.11745108935533907,1e-05,0.11745108789070226,0.11745108789070226,0.0,32,28,4,5,0.0,0.11745108789070226,0.0,0.0,0.0,0.0,True
1,6,32,7,0.11745108935533907,1e-05,0.11745108948995885,0.11745108948995885,0.0,32,28,4,5,0.0,0.11745108948995885,0.0,0.0,0.0,0.0,True
1,6,64,0,0.11745108935533907,1e-05,0.11745108823290747,0.11745108823290747,0.0,64,60,4,5,0.0,0.11745108823290747,0.0,0.0,0.0,0.0,True
1,6,64,2,0.11745108935533907,1e-05,0.11745108883897948,0.11745108883897949,0.0,64,60,4,5,0.0,0.11745108883897949,0.0,0.0,0.0,0.0,True
1,6,64,3,0.11745108935533907,1e-05,0.11745108772272707,0.11745108772272705,0.0,64,60,4,5,0.0,0.11745108772272707,1.3877787807814457e-17,1.3877787807814457e-17,0.0,0.0,True
1,6,64,4,0.11745108935533907,1e-05,0.11745108845032035,0.11745108845032035,0.0,64,60,4,5,0.0,0.11745108845032035,0.0,0.0,0.0,0.0,True
1,6,64,5,0.11745108935533907,1e-05,0.11745108766487959,0.11745108766487956,0.0,64,60,4,5,0.0,0.11745108766487956,0.0,0.0,0.0,0.0,True
1,6,64,7,0.11745108935533907,1e-05,0.11745108767331536,0.11745108767331536,0.0,64,60,4,5,0.0,0.11745108767331536,0.0,0.0,0.0,0.0,True
1,6,128,0,0.11745108935533907,1e-05,0.11745108766531345,0.11745108766531347,0.0,128,124,4,5,0.0,0.11745108766531345,-1.3877787807814457e-17,0.0,0.0,0.0,True
1,6,128,1,0.11745108935533907,1e-05,0.11745108876433116,0.11745108876433116,0.0,128,124,4,5,0.0,0.11745108876433116,0.0,0.0,0.0,0.0,True
1,6,128,2,0.11745108935533907,1e-05,0.11745108819746711,0.11745108819746711,0.0,128,124,4,5,0.0,0.11745108819746711,0.0,0.0,0.0,0.0,True
1,6,128,3,0.11745108935533907,1e-05,0.11745108774384158,0.1174510877438416,0.0,128,124,4,5,0.0,0.11745108774384158,-1.3877787807814457e-17,0.0,0.0,0.0,True
1,6,128,4,0.11745108935533907,1e-05,0.11745108798880916,0.11745108798880914,0.0,128,124,4,5,0.0,0.11745108798880914,0.0,0.0,0.0,0.0,True
1,6,128,7,0.11745108935533907,1e-05,0.11745108927671094,0.11745108927671097,0.0,128,124,4,5,0.0,0.11745108927671097,0.0,0.0,0.0,0.0,True
1,7,16,0,0.11745108935533907,1e-05,0.11745108819453272,0.11745108819453272,0.0,16,12,4,5,0.0,0.11745108819453272,0.0,0.0,0.0,0.0,True
1,7,16,1,0.11745108935533907,1e-05,0.11745108798849442,0.11745108798849442,0.0,16,12,4,5,0.0,0.11745108798849442,0.0,0.0,0.0,0.0,True
1,7,16,2,0.11745108935533907,1e-05,0.11745108785770517,0.11745108785770517,0.0,16,12,4,5,0.0,0.11745108785770517,0.0,0.0,0.0,0.0,True
1,7,16,3,0.11745108935533907,1e-05,0.11745108845596573,0.1174510884559657,0.0,16,12,4,5,0.0,0.1174510884559657,0.0,0.0,0.0,0.0,True
1,7,16,4,0.11745108935533907,1e-05,0.11745108769951579,0.11745108769951577,0.0,16,12,4,5,0.0,0.11745108769951579,1.3877787807814457e-17,1.3877787807814457e-17,0.0,0.0,True
1,7,16,7,0.11745108935533907,1e-05,0.11745108769099441,0.11745108769099441,0.0,16,12,4,5,0.0,0.11745108769099441,0.0,0.0,0.0,0.0,True
1,7,32,0,0.11745108935533907,1e-05,0.11745108817254445,0.11745108817254445,0.0,32,28,4,5,0.0,0.11745108817254445,0.0,0.0,0.0,0.0,True
1,7,32,3,0.11745108935533907,1e-05,0.11745108782507291,0.11745108782507291,0.0,32,28,4,5,0.0,0.11745108782507291,0.0,0.0,0.0,0.0,True
1,7,32,4,0.11745108935533907,1e-05,0.11745108774295777,0.11745108774295777,0.0,32,28,4,5,0.0,0.11745108774295777,0.0,0.0,0.0,0.0,True
1,7,32,5,0.11745108935533907,1e-05,0.11745108769760161,0.11745108769760161,0.0,32,28,4,5,0.0,0.11745108769760161,0.0,0.0,0.0,0.0,True
1,7,32,6,0.11745108935533907,1e-05,0.11745108766774166,0.11745108766774166,0.0,32,28,4,5,0.0,0.11745108766774166,0.0,0.0,0.0,0.0,True
1,7,32,7,0.11745108935533907,1e-05,0.11745108795548058,0.11745108795548058,0.0,32,28,4,5,0.0,0.11745108795548058,0.0,0.0,0.0,0.0,True
1,7,64,0,0.11745108935533907,1e-05,0.1174510882917785,0.1174510882917785,0.0,64,60,4,5,0.0,0.1174510882917785,0.0,0.0,0.0,0.0,True
1,7,64,1,0.11745108935533907,1e-05,0.1174510876719003,0.1174510876719003,0.0,64,60,4,5,0.0,0.1174510876719003,0.0,0.0,0.0,0.0,True
1,7,64,2,0.11745108935533907,1e-05,0.11745108767657017,0.11745108767657017,0.0,64,60,4,5,0.0,0.11745108767657016,-1.3877787807814457e-17,0.0,0.0,0.0,True
1,7,64,3,0.11745108935533907,1e-05,0.11745108972489403,0.11745108972489403,0.0,64,60,4,5,0.0,0.11745108972489403,0.0,0.0,0.0,0.0,True
1,7,64,5,0.11745108935533907,1e-05,0.1174510884263789,0.1174510884263789,0.0,64,60,4,5,0.0,0.1174510884263789,0.0,0.0,0.0,0.0,True
1,7,64,7,0.11745108935533907,1e-05,0.11745108769865942,0.11745108769865942,0.0,64,60,4,5,0.0,0.11745108769865942,0.0,0.0,0.0,0.0,True
1,7,128,0,0.11745108935533907,1e-05,0.11745108972366364,0.11745108972366364,0.0,128,124,4,5,0.0,0.11745108972366364,0.0,0.0,0.0,0.0,True
1,7,128,1,0.11745108935533907,1e-05,0.11745108861884591,0.11745108861884591,0.0,128,124,4,5,0.0,0.11745108861884591,0.0,0.0,0.0,0.0,True
1,7,128,2,0.11745108935533907,1e-05,0.11745108789899214,0.11745108789899214,0.0,128,124,4,5,0.0,0.11745108789899214,0.0,0.0,0.0,0.0,True
1,7,128,4,0.11745108935533907,1e-05,0.11745108809798786,0.11745108809798786,0.0,128,124,4,5,0.0,0.11745108809798786,0.0,0.0,0.0,0.0,True
1,7,128,5,0.11745108935533907,1e-05,0.11745108810969784,0.11745108810969784,0.0,128,124,4,5,0.0,0.11745108810969784,0.0,0.0,0.0,0.0,True
1,7,128,7,0.11745108935533907,1e-05,0.11745109161434028,0.11745109161434028,0.0,128,124,4,5,0.0,0.1174510916143403,1.3877787807814457e-17,1.3877787807814457e-17,0.0,0.0,True
1,8,16,0,0.11745108935533907,1e-05,0.11745108773239371,0.11745108773239371,0.0,16,12,4,5,0.0,0.11745108773239371,0.0,0.0,0.0,0.0,True
1,8,16,2,0.11745108935533907,1e-05,0.11745108766983285,0.11745108766983285,0.0,16,12,4,5,0.0,0.11745108766983285,0.0,0.0,0.0,0.0,True
1,8,16,4,0.11745108935533907,1e-05,0.11745108798352437,0.11745108798352437,0.0,16,12,4,5,0.0,0.11745108798352437,0.0,0.0,0.0,0.0,True
1,8,16,5,0.11745108935533907,1e-05,0.11745108801026079,0.11745108801026079,0.0,16,12,4,5,0.0,0.11745108801026079,0.0,0.0,0.0,0.0,True
1,8,16,6,0.11745108935533907,1e-05,0.11745108826511406,0.11745108826511406,0.0,16,12,4,5,0.0,0.11745108826511406,0.0,0.0,0.0,0.0,True
1,8,16,7,0.11745108935533907,1e-05,0.11745108861609713,0.11745108861609713,0.0,16,12,4,5,0.0,0.11745108861609713,0.0,0.0,0.0,0.0,True
1,8,32,0,0.11745108935533907,1e-05,0.11745109098364076,0.11745109098364076,0.0,32,28,4,5,0.0,0.11745109098364076,0.0,0.0,0.0,0.0,True
1,8,32,1,0.11745108935533907,1e-05,0.11745108802669728,0.11745108802669728,0.0,32,28,4,5,0.0,0.11745108802669728,0.0,0.0,0.0,0.0,True
1,8,32,3,0.11745108935533907,1e-05,0.11745108833020523,0.11745108833020523,0.0,32,28,4,5,0.0,0.11745108833020523,0.0,0.0,0.0,0.0,True
1,8,32,4,0.11745108935533907,1e-05,0.11745108774104464,0.11745108774104464,0.0,32,28,4,5,0.0,0.11745108774104464,0.0,0.0,0.0,0.0,True
1,8,32,5,0.11745108935533907,1e-05,0.11745108823137324,0.11745108823137324,0.0,32,28,4,5,0.0,0.11745108823137324,0.0,0.0,0.0,0.0,True
1,8,32,6,0.11745108935533907,1e-05,0.1174510879229412,0.1174510879229412,0.0,32,28,4,5,0.0,0.1174510879229412,0.0,0.0,0.0,0.0,True
1,8,64,1,0.11745108935533907,1e-05,0.11745108766692476,0.11745108766692476,0.0,64,60,4,5,0.0,0.11745108766692476,0.0,0.0,0.0,0.0,True
1,8,64,2,0.11745108935533907,1e-05,0.11745108772035232,0.11745108772035232,0.0,64,60,4,5,0.0,0.11745108772035232,0.0,0.0,0.0,0.0,True
1,8,64,3,0.11745108935533907,1e-05,0.11745108769294835,0.11745108769294835,0.0,64,60,4,5,0.0,0.11745108769294835,0.0,0.0,0.0,0.0,True
1,8,64,4,0.11745108935533907,1e-05,0.11745108771675128,0.11745108771675128,0.0,64,60,4,5,0.0,0.11745108771675128,0.0,0.0,0.0,0.0,True
1,8,64,6,0.11745108935533907,1e-05,0.1174510895052412,0.1174510895052412,0.0,64,60,4,5,0.0,0.1174510895052412,0.0,0.0,0.0,0.0,True
1,8,64,7,0.11745108935533907,1e-05,0.11745108839136105,0.11745108839136105,0.0,64,60,4,5,0.0,0.11745108839136105,0.0,0.0,0.0,0.0,True
1,8,128,0,0.11745108935533907,1e-05,0.11745108768256822,0.1174510876825682,0.0,128,124,4,5,0.0,0.1174510876825682,0.0,0.0,0.0,0.0,True
1,8,128,2,0.11745108935533907,1e-05,0.1174510881194242,0.1174510881194242,0.0,128,124,4,5,0.0,0.1174510881194242,0.0,0.0,0.0,0.0,True
1,8,128,4,0.11745108935533907,1e-05,0.11745108836997557,0.11745108836997557,0.0,128,124,4,5,0.0,0.11745108836997557,0.0,0.0,0.0,0.0,True
1,8,128,5,0.11745108935533907,1e-05,0.11745108778248929,0.11745108778248929,0.0,128,124,4,5,0.0,0.11745108778248929,0.0,0.0,0.0,0.0,True
1,8,128,6,0.11745108935533907,1e-05,0.11745108855758539,0.11745108855758539,0.0,128,124,4,5,0.0,0.11745108855758539,0.0,0.0,0.0,0.0,True
1,8,128,7,0.11745108935533907,1e-05,0.1174510876699928,0.1174510876699928,0.0,128,124,4,5,0.0,0.1174510876699928,0.0,0.0,0.0,0.0,True
1,9,16,0,0.11745108935533907,1e-05,0.11745108846490417,0.11745108846490417,0.0,16,12,4,5,0.0,0.11745108846490417,0.0,0.0,0.0,0.0,True
1,9,16,1,0.11745108935533907,1e-05,0.1174510880291667,0.1174510880291667,0.0,16,12,4,5,0.0,0.1174510880291667,0.0,0.0,0.0,0.0,True
1,9,16,4,0.11745108935533907,1e-05,0.11745109014370159,0.11745109014370159,0.0,16,12,4,5,0.0,0.11745109014370159,0.0,0.0,0.0,0.0,True
1,9,16,5,0.11745108935533907,1e-05,0.1174510896092319,0.11745108960923185,0.0,16,12,4,5,0.0,0.11745108960923188,2.7755575615628914e-17,2.7755575615628914e-17,0.0,0.0,True
1,9,16,6,0.11745108935533907,1e-05,0.11745108801519649,0.11745108801519649,0.0,16,12,4,5,0.0,0.11745108801519649,0.0,0.0,0.0,0.0,True
1,9,16,7,0.11745108935533907,1e-05,0.1174510882277071,0.1174510882277071,0.0,16,12,4,5,0.0,0.1174510882277071,0.0,0.0,0.0,0.0,True
1,9,32,0,0.11745108935533907,1e-05,0.11745108790745634,0.11745108790745634,0.0,32,28,4,5,0.0,0.11745108790745636,1.3877787807814457e-17,1.3877787807814457e-17,0.0,0.0,True
1,9,32,1,0.11745108935533907,1e-05,0.11745108767930862,0.11745108767930862,0.0,32,28,4,5,0.0,0.11745108767930862,0.0,0.0,0.0,0.0,True
1,9,32,2,0.11745108935533907,1e-05,0.11745108768563703,0.11745108768563703,0.0,32,28,4,5,0.0,0.11745108768563703,0.0,0.0,0.0,0.0,True
1,9,32,3,0.11745108935533907,1e-05,0.11745108808659484,0.11745108808659484,0.0,32,28,4,5,0.0,0.11745108808659484,0.0,0.0,0.0,0.0,True
1,9,32,5,0.11745108935533907,1e-05,0.11745108806383134,0.11745108806383134,0.0,32,28,4,5,0.0,0.11745108806383134,0.0,0.0,0.0,0.0,True
1,9,32,6,0.11745108935533907,1e-05,0.11745108767932928,0.11745108767932928,0.0,32,28,4,5,0.0,0.11745108767932928,0.0,0.0,0.0,0.0,True
1,9,64,1,0.11745108935533907,1e-05,0.11745108766505079,0.11745108766505079,0.0,64,60,4,5,0.0,0.11745108766505079,0.0,0.0,0.0,0.0,True
1,9,64,2,0.11745108935533907,1e-05,0.1174510877678668,0.1174510877678668,0.0,64,60,4,5,0.0,0.1174510877678668,0.0,0.0,0.0,0.0,True
1,9,64,3,0.11745108935533907,1e-05,0.11745108812704683,0.11745108812704683,0.0,64,60,4,5,0.0,0.11745108812704683,0.0,0.0,0.0,0.0,True
1,9,64,5,0.11745108935533907,1e-05,0.11745108766483539,0.11745108766483539,0.0,64,60,4,5,0.0,0.11745108766483539,0.0,0.0,0.0,0.0,True
1,9,64,6,0.11745108935533907,1e-05,0.11745108947931197,0.11745108947931197,0.0,64,60,4,5,0.0,0.11745108947931197,0.0,0.0,0.0,0.0,True
1,9,64,7,0.11745108935533907,1e-05,0.11745108821983945,0.11745108821983945,0.0,64,60,4,5,0.0,0.11745108821983945,0.0,0.0,0.0,0.0,True
1,9,128,1,0.11745108935533907,1e-05,0.11745108769036139,0.11745108769036139,0.0,128,124,4,5,0.0,0.11745108769036139,0.0,0.0,0.0,0.0,True
1,9,128,2,0.11745108935533907,1e-05,0.11745108898499092,0.11745108898499092,0.0,128,124,4,5,0.0,0.11745108898499092,0.0,0.0,0.0,0.0,True
1,9,128,3,0.11745108935533907,1e-05,0.11745108790456722,0.11745108790456722,0.0,128,124,4,5,0.0,0.11745108790456722,0.0,0.0,0.0,0.0,True
1,9,128,4,0.11745108935533907,1e-05,0.11745108802232646,0.11745108802232646,0.0,128,124,4,5,0.0,0.11745108802232646,0.0,0.0,0.0,0.0,True
1,9,128,5,0.11745108935533907,1e-05,0.11745108887237231,0.11745108887237234,0.0,128,124,4,5,0.0,0.11745108887237235,1.3877787807814457e-17,1.3877787807814457e-17,0.0,0.0,True
1,9,128,6,0.11745108935533907,1e-05,0.11745108773723047,0.11745108773723045,0.0,128,124,4,5,0.0,0.11745108773723047,1.3877787807814457e-17,1.3877787807814457e-17,0.0,0.0,True
2,0,16,0,0.023693342832906743,1e-05,0.023582857905345447,0.023689530938980602,0.0234375,16,12,4,5,0.04700763052343302,0.023730710968240656,4.1180029260054485e-05,4.1180029260054485e-05,0.02249669299841894,0.0018304925645270887,True
2,0,16,1,0.023693342832906743,1e-05,0.023549269926811944,0.02370196254443531,0.0390625,16,12,4,5,0.07806546348070671,0.0238394298193422,0.00013746727490689115,0.00013746727490689115,0.037582325420650216,0.0036577639453719787,True
2,0,16,3,0.023693342832906743,1e-05,0.02356120992230109,0.023695052796074787,0.03125,16,12,4,5,0.019531174882095985,0.023712006372699507,1.69535766247203e-05,1.69535766247203e-05,0.009370502488593073,0.0018092494661154273,True
2,0,16,4,0.023693342832906743,1e-05,0.02355917159357432,0.023695789559548795,0.0390625,16,12,4,5,0.07686166210437417,0.023756082139694046,6.029258014525127e-05,6.029258014525127e-05,0.03703935431109728,0.0016277978184729622,True
2,0,16,5,0.023693342832906743,1e-05,0.023592411298174666,0.023679158513278308,0.0390625,16,12,4,5,0.07026352062461305,0.024028327302002026,0.0003491687887237187,0.0003491687887237187,0.033762999223528795,0.010341758633823904,True
2,0,16,7,0.023693342832906743,1e-05,0.023547162186307,0.023644935298251093,0.0234375,16,12,4,5,0.0039038111984075773,0.023650201087775498,5.265789524405012e-06,5.265789524405012e-06,0.0018806948624313193,0.002799917003866071,True
2,0,32,0,0.023693342832906743,1e-05,0.023574481953674183,0.02366952676756908,0.0390625,32,28,4,5,0.008466691669805057,0.023668968194812002,-5.585727570790733e-07,0.0,0.004066962955575771,0.0,True
2,0,32,1,0.023693342832906743,1e-05,0.0235511230296818,0.023683828027171012,0.0625,32,28,4,5,0.017194509982322168,0.02366365260913185,-2.0175418039163062e-05,0.0,0.008293176958917207,0.0,True
2,0,32,2,0.023693342832906743,1e-05,0.02355313797675716,0.023699537185492225,0.0703125,32,28,4,5,7.03855836966695e-05,0.02369955084603513,1.3660542905191697e-08,1.3660542905191697e-08,3.386372458747002e-05,0.00040339753147668406,True
2,0,32,4,0.023693342832906743,1e-05,0.023573529616105596,0.023682922817558273,0.0625,32,28,4,5,0.0006995444054107101,0.023682616935394342,-3.05882163931237e-07,0.0,0.0003368567588587076,0.0,True
2,0,32,6,0.023693342832906743,1e-05,0.023550311995154616,0.023702464404242774,0.0703125,32,28,4,5,0.0014453709374024919,0.023703000863822758,5.364595799840777e-07,5.364595799840777e-07,0.000696504329211355,0.0007702171508273402,True
2,0,32,7,0.023693342832906743,1e-05,0.023549164219229018,0.023679840333656277,0.0546875,32,28,4,5,0.0012647018015567199,0.02368022103617282,3.807025165426803e-07,3.807025165426803e-07,0.000610502623748988,0.0006235886656880422,True
2,0,64,0,0.023693342832906743,1e-05,0.02356194155161936,0.023698455062009356,0.0625,64,60,4,5,3.21021264209514e-05,0.023698447521370992,-7.540638363723318e-09,0.0,1.54556209408512e-05,0.0,True
2,0,64,1,0.023693342832906743,1e-05,0.02355392087297035,0.02367561294414611,0.0625,64,60,4,5,0.0007660462339705889,0.02367570694569474,9.400154862837518e-08,9.400154862837518e-08,0.0003690072944634937,0.0002547417084668901,True
2,0,64,3,0.023693342832906743,1e-05,0.023551884518670498,0.02369976877110208,0.0703125,64,60,4,5,2.850953436531454e-05,0.023699768068125286,-7.029767948307786e-10,0.0,1.3740324110440317e-05,0.0,True
2,0,64,4,0.023693342832906743,1e-05,0.02355637453183777,0.02368422961438124,0.0625,64,60,4,5,0.00036729063276579266,0.023684250385729338,2.077134809638781e-08,2.077134809638781e-08,0.0001767251435641942,0.00011753476430954354,True
2,0,64,6,0.023693342832906743,1e-05,0.02355505257965912,0.02367215641889622,0.0625,64,60,4,5,5.112444730608046e-05,0.023672157953356122,1.5344599028910277e-09,1.5344599028910277e-09,2.4638499631825503e-05,6.227895065935625e-05,True
2,0,64,7,0.023693342832906743,1e-05,0.02355182689431983,0.02370012410411395,0.0703125,64,60,4,5,0.00012710848562259367,0.02370013235904631,8.254932359202938e-09,8.254932359202938e-09,6.110733697323535e-05,0.00013508905424595004,True
2,0,128,0,0.023693342832906743,1e-05,0.02355076356484341,0.023684685156521678,0.0625,128,124,4,5,9.227224313479385e-06,0.02368468566695356,5.104318807902519e-10,5.104318807902519e-10,4.436576161107129e-06,0.000115050855041081,True
2,0,128,2,0.023693342832906743,1e-05,0.023548118398134497,0.023684889937293067,0.0703125,128,124,4,5,2.5588654503640612e-05,0.023684894080087872,4.14279480512314e-09,4.14279480512314e-09,1.2351742703286591e-05,0.0003354016436903929,True
2,0,128,3,0.023693342832906743,1e-05,0.023554225753240548,0.023695439296479572,0.0703125,128,124,4,5,4.9648473101233275e-05,0.023695439568591128,2.7211155551043475e-10,2.7211155551043475e-10,2.3869500158098343e-05,1.1399968734498777e-05,True
2,0,128,4,0.023693342832906743,1e-05,0.023557182448068367,0.023694605737908252,0.0625,128,124,4,5,7.25970093319682e-05,0.02369459195023218,-1.378767607376763e-08,0.0,3.504249852265813e-05,0.0,True
2,0,128,5,0.023693342832906743,1e-05,0.02355134237183053,0.023699026181998793,0.0703125,128,124,4,5,0.00017230043636475386,0.023699040028301994,1.3846303201225929e-08,1.3846303201225929e-08,8.298485911699504e-05,0.00016685336757281126,True
2,0,128,7,0.023693342832906743,1e-05,0.023552754698296503,0.023668739093288385,0.0546875,128,124,4,5,7.603893529630525e-06,0.02366874105682768,1.9635392964345577e-09,1.9635392964345577e-09,3.6639536665134564e-06,0.0005359072398704817,True
2,1,16,0,0.023693342832906743,1e-05,0.023560670064076476,0.02365958919541656,0.0390625,16,12,4,5,0.0780654634807067,0.023884113182475516,0.00022452398705895618,0.00022452398705895618,0.03745280437525718,0.005994851141435105,True
2,1,16,1,0.023693342832906743,1e-05,0.023552800764547292,0.023684360951148342,0.03125,16,12,4,5,0.0025046546222340423,0.02368356345029565,-7.975008526929506e-07,0.0,0.0012107765209978698,0.0,True
2,1,16,3,0.023693342832906743,1e-05,0.023548671061334372,0.023680471044856946,0.03125,16,12,4,5,0.08002229703729795,0.023907169192480718,0.00022669814762377172,0.00022669814762377172,0.03854879396180036,0.005880810378877652,True
2,1,16,4,0.023693342832906743,1e-05,0.02357452674530202,0.023679474679016304,0.03125,16,12,4,5,0.007217638601906219,0.0236462558350373,-3.3218843979002793e-05,0.0,0.0034804937750151058,0.0,True
2,1,16,5,0.023693342832906743,1e-05,0.023559540730797954,0.023677973492951365,0.0390625,16,12,4,5,0.07859828226519541,0.023736749664957597,5.877617200623214e-05,5.877617200623214e-05,0.03785196219197888,0.0015527906243837277,True
2,1,16,6,0.023693342832906743,1e-05,0.023552304001361823,0.02365273671502707,0.0234375,16,12,4,5,0.04766418299487946,0.02375473651092859,0.00010199979590152022,0.00010199979590152022,0.02296164327944501,0.004442181888298441,True
2,1,32,0,0.023693342832906743,1e-05,0.02355011321962652,0.023691194084219217,0.046875,32,28,4,5,0.02028964076772335,0.023658173769918394,-3.302031430082314e-05,0.0,0.009799466840744111,0.0,True
2,1,32,1,0.023693342832906743,1e-05,0.023545866557493106,0.023683033715563795,0.0625,32,28,4,5,0.0001558580669900659,0.023683135602026888,1.0188646309278182e-07,1.0188646309278182e-07,7.497147058938975e-05,0.0013590031286808077,True
2,1,32,3,0.023693342832906743,1e-05,0.023549803775902156,0.02367907379406244,0.0625,32,28,4,5,0.0008508885014409043,0.023679667969886038,5.941758235983308e-07,5.941758235983308e-07,0.00040980155560821043,0.0014499110983521761,True
2,1,32,4,0.023693342832906743,1e-05,0.023549066799334804,0.023685669805966588,0.0625,32,28,4,5,0.01954914149017321,0.023689492635967164,3.822830000575761e-06,3.822830000575761e-06,0.009422763302602465,0.0004057015843239888,True
2,1,32,5,0.023693342832906743,1e-05,0.023556282640673224,0.02366963268792683,0.0546875,32,28,4,5,0.00013821989556863168,0.023669684710964888,5.2023038057957827e-08,5.2023038057957827e-08,6.646968737138888e-05,0.0007826580824321817,True
2,1,32,7,0.023693342832906743,1e-05,0.023550500787510954,0.023700958060011924,0.0625,32,28,4,5,0.007530706469425906,0.023697807340381433,-3.150719630490989e-06,0.0,0.003627229530703086,0.0,True
2,1,64,0,0.023693342832906743,1e-05,0.023550635958409366,0.023690882917959462,0.0703125,64,60,4,5,7.313645328786516e-05,0.02369086438250647,-1.8535452991907952e-08,0.0,3.522549419112224e-05,0.0,True
2,1,64,3,0.023693342832906743,1e-05,0.023550279250659084,0.02369941393412387,0.0703125,64,60,4,5,0.00012571823637314722,0.023699406311982363,-7.622141508234481e-09,0.0,6.056671671059382e-05,0.0,True
2,1,64,4,0.023693342832906743,1e-05,0.023557819869494987,0.02368436834384818,0.0625,64,60,4,5,0.00040299484425288174,0.02368440767640931,3.9332561131699695e-08,3.9332561131699695e-08,0.00019434851412253158,0.00020238158912242344,True
2,1,64,5,0.023693342832906743,1e-05,0.023550689138976642,0.02369770077793654,0.0703125,64,60,4,5,0.0001789187971788106,0.023697696252114684,-4.5258218561716745e-09,0.0,8.603456610505514e-05,0.0,True
2,1,64,6,0.023693342832906743,1e-05,0.023557512255465065,0.02368360352088505,0.0625,64,60,4,5,0.001019787178305453,0.023683287099938253,-3.164209467984569e-07,0.0,0.0004916018225697776,0.0,True
2,1,64,7,0.023693342832906743,1e-05,0.023552485709522557,0.023680130387212988,0.0625,64,60,4,5,0.00048255817601342146,0.02367973203594045,-3.9835127253751157e-07,0.0,0.00023199057948082748,0.0,True
2,1,128,0,0.023693342832906743,1e-05,0.023551507614225496,0.02367114990549198,0.0546875,128,124,4,5,2.747153475204126e-06,0.023671150281957088,3.764651090865101e-10,3.764651090865101e-10,1.3230378816112727e-06,0.00028454597885589557,True
2,1,128,2,0.023693342832906743,1e-05,0.02355640830787089,0.023699016362959048,0.0625,128,124,4,5,5.64749081162503e-05,0.02369901727572167,9.127626224292307e-10,9.127626224292307e-10,2.7189458420624642e-05,3.357045985648806e-05,True
2,1,128,3,0.023693342832906743,1e-05,0.023554850991716655,0.023675219456677263,0.0625,128,124,4,5,1.4587575014419945e-06,0.02367521983775918,3.810819160232626e-10,3.810819160232626e-10,7.012296564667273e-07,0.0005434480879536853,True
2,1,128,4,0.023693342832906743,1e-05,0.023556383938113067,0.023683572686031672,0.0625,128,124,4,5,3.1861866937710576e-05,0.02368357299004709,3.0401541700753043e-10,3.0401541700753043e-10,1.5322531025080628e-05,1.984107041518819e-05,True
2,1,128,6,0.023693342832906743,1e-05,0.02355124514577531,0.023672528091103658,0.0625,128,124,4,5,2.5636921653142682e-06,0.023672528020626728,-7.047692984762932e-11,0.0,1.2351480690666442e-06,0.0,True
2,1,128,7,0.023693342832906743,1e-05,0.023547004096110248,0.023681935277360764,0.0625,128,124,4,5,4.61875716497819e-06,0.023681935086098255,-1.9126250930256994e-10,0.0,2.2220247303149313e-06,0.0,True
2,2,16,0,0.023693342832906743,1e-05,0.023546256420025998,0.02368457203684915,0.03125,16,12,4,5,0.0019597002816440275,0.023688954055503086,4.382018653936726e-06,4.382018653936726e-06,0.000943035928442081,0.004646714427069529,True
2,2,16,1,0.023693342832906743,1e-05,0.023561875697761726,0.02369711947178366,0.03125,16,12,4,5,0.062489165611277646,0.023701121001870676,4.001530087015953e-06,4.001530087015953e-06,0.030054766729179002,0.00013314127915459823,True
2,2,16,2,0.023693342832906743,1e-05,0.023569418340830935,0.02368250191118394,0.0390625,16,12,4,5,0.08506970531015859,0.023729781117478973,4.7279206295033904e-05,4.7279206295033904e-05,0.04084361156468855,0.001157566740153539,True
2,2,16,5,0.023693342832906743,1e-05,0.023552362701955497,0.02369783092088622,0.0390625,16,12,4,5,0.22470679653328926,0.02367380808302913,-2.4022837857091278e-05,0.0,0.10827739075232508,0.0,True
2,2,16,6,0.023693342832906743,1e-05,0.02354745861393162,0.023695263491329645,0.078125,16,12,4,5,0.15578986307058662,0.02516602849737959,0.0014707650060499441,0.0014707650060499441,0.07495119017333501,0.019622970664623155,True
2,2,16,7,0.023693342832906743,1e-05,0.02354855539807378,0.023664726680736416,0.046875,16,12,4,5,0.09364717259717234,0.02370477584350291,4.004916276649506e-05,4.004916276649506e-05,0.04513467364332736,0.0008873258524694322,True
2,2,32,1,0.023693342832906743,1e-05,0.023561214841041612,0.023672291282454492,0.046875,32,28,4,5,0.00031006981501229566,0.023672205158906844,-8.612354764764296e-08,0.0,0.00014873357902581234,0.0,True
2,2,32,2,0.023693342832906743,1e-05,0.02355226464635026,0.023694879677194886,0.0546875,32,28,4,5,0.0001461278373688325,0.023694876354527633,-3.3226672524477863e-09,0.0,7.036182141600066e-05,0.0,True
2,2,32,3,0.023693342832906743,1e-05,0.023582232435005988,0.02368594451395804,0.0546875,32,28,4,5,0.003956665340462624,0.023686217731453896,2.732174958566813e-07,2.732174958566813e-07,0.0018997603661958535,0.00014381682064658585,True
2,2,32,4,0.023693342832906743,1e-05,0.02355040111529272,0.023674887365600146,0.0625,32,28,4,5,0.0008163671996431508,0.02367507955873633,1.921931361836826e-07,1.921931361836826e-07,0.0003933780480007598,0.0004885710759928104,True
2,2,32,6,0.023693342832906743,1e-05,0.023555239451707975,0.023674286509638695,0.0546875,32,28,4,5,0.02362762922198102,0.023673712268155758,-5.742414829375264e-07,0.0,0.011372462769018387,0.0,True
2,2,32,7,0.023693342832906743,1e-05,0.023556891344074633,0.02368950635650366,0.046875,32,28,4,5,0.0004286245379102826,0.023689480771234554,-2.5585269104733133e-08,0.0,0.0002062663116865868,0.0,True
2,2,64,1,0.023693342832906743,1e-05,0.023547119558423292,0.023681739010488954,0.0703125,64,60,4,5,7.887523786007085e-05,0.02368176745759151,2.8447102555506643e-08,2.8447102555506643e-08,3.796518971591588e-05,0.0007492943606595744,True
2,2,64,3,0.023693342832906743,1e-05,0.023561726201985884,0.023684230380776806,0.0625,64,60,4,5,0.00021464586087599296,0.023684228617417626,-1.7633591808952076e-09,0.0,0.00010335046088713971,0.0,True
2,2,64,4,0.023693342832906743,1e-05,0.02355065232651562,0.023685669736073056,0.0703125,64,60,4,5,0.00015079885252298968,0.023685671570929212,1.834856155902287e-09,1.834856155902287e-09,7.256639245534654e-05,2.528520564159723e-05,True
2,2,64,5,0.023693342832906743,1e-05,0.023549521200285264,0.023680265232216613,0.0703125,64,60,4,5,0.00024151231700743272,0.02368030125239209,3.602017547774117e-08,3.602017547774117e-08,0.0001160780288995634,0.0003103100200719953,True
2,2,64,6,0.023693342832906743,1e-05,0.023555880482932834,0.023678967851977734,0.0625,64,60,4,5,7.224099182450558e-05,0.02367895672646815,-1.1125509583043147e-08,0.0,3.479446469582442e-05,0.0,True
2,2,64,7,0.023693342832906743,1e-05,0.023558059289762553,0.02368737537651849,0.0625,64,60,4,5,0.00038745773133485613,0.023687445594462793,7.021794430281392e-08,7.021794430281392e-08,0.00018657727882478715,0.00037634777795615123,True
2,2,128,0,0.023693342832906743,1e-05,0.02355177164736929,0.02367645405380171,0.0625,128,124,4,5,3.198298625071143e-05,0.023676451770142614,-2.2836590951591518e-09,0.0,1.5415436646721734e-05,0.0,True
2,2,128,1,0.023693342832906743,1e-05,0.023551981740374407,0.023672788339594634,0.0625,128,124,4,5,0.00012751131586176634,0.023672806382806187,1.8043211553325778e-08,1.8043211553325778e-08,6.151164687399349e-05,0.00029333000285762577,True
2,2,128,2,0.023693342832906743,1e-05,0.023553364719756418,0.023684413645536258,0.0625,128,124,4,5,7.877318126089892e-05,0.02368441545407768,1.8085414207891226e-09,1.8085414207891226e-09,3.7953213461469455e-05,4.765186543756499e-05,True
2,2,128,4,0.023693342832906743,1e-05,0.023552607835909435,0.023688566920882035,0.0625,128,124,4,5,1.1478519205033507e-05,0.023688563726175785,-3.194706249542989e-09,0.0,5.52861281585171e-06,0.0,True
2,2,128,5,0.023693342832906743,1e-05,0.023551594359318567,0.023687175419952744,0.0625,128,124,4,5,4.946200938301919e-05,0.023687176282034553,8.620818087168303e-10,8.620818087168303e-10,2.3807438849307538e-05,3.621060686844544e-05,True
2,2,128,6,0.023693342832906743,1e-05,0.02355061634795958,0.02368233635064132,0.0625,128,124,4,5,4.715101905027606e-05,0.023682329285978167,-7.064663153089068e-09,0.0,2.2705996967078815e-05,0.0,True
2,3,16,0,0.023693342832906743,1e-05,0.023551764570109854,0.023674246052242262,0.046875,16,12,4,5,0.09364717259717226,0.023781788390608218,0.00010754233836595545,0.00010754233836595545,0.04511580030945832,0.0023836956815195785,True
2,3,16,1,0.023693342832906743,1e-05,0.023554721166125482,0.023691911018759972,0.0546875,16,12,4,5,0.1286473660783834,0.024132282646714253,0.00044037162795428075,0.00044037162795428075,0.061934075536896074,0.007110328589500582,True
2,3,16,2,0.023693342832906743,1e-05,0.02354823490247759,0.023671928450431545,0.0546875,16,12,4,5,0.10921181080386504,0.02412542102484056,0.00045349257440901666,0.00045349257440901666,0.05262627803948154,0.00861722681715768,True
2,3,16,4,0.023693342832906743,1e-05,0.023556214781880327,0.02368000241712437,0.0390625,16,12,4,5,0.06989844590046364,0.02388120233655503,0.00020119991943066268,0.00020119991943066268,0.033652943145361124,0.005978672312896859,True
2,3,16,5,0.023693342832906743,1e-05,0.023550361790061102,0.023702567359621608,0.0625,16,12,4,5,0.12422360286935928,0.023825813694781473,0.0001232463351598656,0.0001232463351598656,0.05981107366280182,0.002060593927049264,True
2,3,16,7,0.023693342832906743,1e-05,0.02354811973057733,0.02367137116938832,0.0625,16,12,4,5,0.1247565723103611,0.024107718086473065,0.0004363469170847456,0.0004363469170847456,0.06004171166235321,0.007267396365023013,True
2,3,32,0,0.023693342832906743,1e-05,0.02354952914728392,0.023700086276293143,0.0546875,32,28,4,5,0.020045208433597795,0.02372172628946255,2.164001316940639e-05,2.164001316940639e-05,0.009670083649452346,0.0022378310213099295,True
2,3,32,2,0.023693342832906743,1e-05,0.023552842150671244,0.023677051745746348,0.0625,32,28,4,5,0.00034809750770273804,0.02367712818934773,7.644360138295281e-08,7.644360138295281e-08,0.00016768245481335383,0.00045588312425436306,True
2,3,32,4,0.023693342832906743,1e-05,0.023546483552163922,0.023683957549401734,0.0625,32,28,4,5,0.0009532389272527749,0.023683802934731497,-1.5461467023705766e-07,0.0,0.00045877235328364304,0.0,True
2,3,32,5,0.023693342832906743,1e-05,0.023583964561351357,0.0236940842673688,0.0546875,32,28,4,5,0.003971822820284252,0.023692891884620787,-1.1923827480143923e-06,0.0,0.0019121195087373896,0.0,True
2,3,32,6,0.023693342832906743,1e-05,0.0235442605877206,0.02367914316372345,0.0703125,32,28,4,5,0.00011030414327326908,0.0236791502137602,7.050036748834643e-09,7.050036748834643e-09,5.311403081987289e-05,0.00013273398083349445,True
2,3,32,7,0.023693342832906743,1e-05,0.0235495766873138,0.023700596612727328,0.0625,32,28,4,5,0.0029410511302586217,0.023698369445953917,-2.227166773411532e-06,0.0,0.0014158030780676222,0.0,True
2,3,64,0,0.023693342832906743,1e-05,0.0235528902709915,0.023677982298177344,0.0625,64,60,4,5,0.00011457023911806852,0.02367791280461813,-6.949355921270772e-08,0.0,5.513227089177927e-05,0.0,True
2,3,64,1,0.023693342832906743,1e-05,0.023553467718733172,0.02367918195156453,0.0703125,64,60,4,5,2.592096039390384e-05,0.023679182723983602,7.724190731472902e-10,7.724190731472902e-10,1.2478722341980177e-05,6.18988909264183e-05,True
2,3,64,2,0.023693342832906743,1e-05,0.02354812831133783,0.02369004643618626,0.0703125,64,60,4,5,5.969193717029514e-05,0.02369005152136488,5.085178618469133e-09,5.085178618469133e-09,2.8761699568174143e-05,0.00017680382921793906,True
2,3,64,3,0.023693342832906743,1e-05,0.023554118993878215,0.02368740359642304,0.0703125,64,60,4,5,0.00018865479397060572,0.023687360187251906,-4.3409171132657853e-08,0.0,9.073421334670562e-05,0.0,True
2,3,64,4,0.023693342832906743,1e-05,0.023547119974714606,0.02368176284960613,0.0703125,64,60,4,5,3.981418617430458e-05,0.023681757942027537,-4.90757859350488e-09,0.0,1.9138348585884115e-05,0.0,True
2,3,64,5,0.023693342832906743,1e-05,0.02355437380710115,0.023680406047859655,0.0625,64,60,4,5,2.5707240509068786e-05,0.02368040674678406,6.989244044630638e-10,6.989244044630638e-10,1.2379615451567035e-05,5.645768297064451e-05,True
2,3,128,0,0.023693342832906743,1e-05,0.023554137556177374,0.02367227560060293,0.0625,128,124,4,5,1.4431847046764441e-06,0.023672275519883372,-8.0719559508724e-11,0.0,6.924710917665951e-07,0.0,True
2,3,128,1,0.023693342832906743,1e-05,0.023549081327616624,0.023680726077788344,0.0625,128,124,4,5,9.456777322131142e-06,0.023680722228680895,-3.849107449438449e-09,0.0,4.558319753167316e-06,0.0,True
2,3,128,3,0.023693342832906743,1e-05,0.023548436238941928,0.023677220805659586,0.0703125,128,124,4,5,1.5381655839899845e-05,0.02367722189582617,1.0901665820073347e-09,1.0901665820073347e-09,7.4040724059989014e-06,0.00014723877917834297,True
2,3,128,5,0.023693342832906743,1e-05,0.023552839315575835,0.023682203696116698,0.0625,128,124,4,5,1.432263723818078e-06,0.023682203732867092,3.6750394394324815e-11,3.6750394394324815e-11,6.895560590922797e-07,5.329573123134098e-05,True
2,3,128,6,0.023693342832906743,1e-05,0.023555107151713377,0.023699621244464585,0.0625,128,124,4,5,1.030901680798961e-05,0.023699623552769476,2.3083048909799952e-09,2.3083048909799952e-09,4.967433466630938e-06,0.0004646876312458306,True
2,3,128,7,0.023693342832906743,1e-05,0.023549473647399913,0.023695630251642494,0.0703125,128,124,4,5,1.7785764823152727e-05,0.023695631320438035,1.068795541653289e-09,1.068795541653289e-09,8.545312197833451e-06,0.00012507390214769074,True
2,4,16,0,0.023693342832906743,1e-05,0.023556684596161413,0.023692761765955098,0.0390625,16,12,4,5,0.07806546348070677,0.02377572729016468,8.296552420958281e-05,8.296552420958281e-05,0.03767526084240073,0.002202122091646177,True
2,4,16,3,0.023693342832906743,1e-05,0.023552628838113727,0.0236736724598953,0.03125,16,12,4,5,0.018181699848029143,0.023652793421170243,-2.0879038725055837e-05,0.0,0.008788317892351702,0.0,True
2,4,16,4,0.023693342832906743,1e-05,0.023589017401028874,0.02368744209816915,0.0234375,16,12,4,5,0.12122619525751123,0.023787700055470477,0.00010025795730132792,0.00010025795730132792,0.05836598995677034,0.0017177461973245979,True
2,4,16,5,0.023693342832906743,1e-05,0.023545682254033945,0.023686804890588248,0.046875,16,12,4,5,0.0936471725971723,0.023751878962055308,6.507407146705974e-05,6.507407146705974e-05,0.04511924108615796,0.0014422687505491682,True
2,4,16,6,0.023693342832906743,1e-05,0.02354874929046974,0.023662485245245668,0.046875,16,12,4,5,0.09364717259717228,0.02388642351456033,0.00022393826931466077,0.00022393826931466077,0.045128710253859464,0.00496221292509704,True
2,4,16,7,0.023693342832906743,1e-05,0.023546902497301042,0.023656942197219893,0.03125,16,12,4,5,0.06295142237445696,0.023724841123145997,6.789892592610342e-05,6.789892592610342e-05,0.03030147446100182,0.002240779603431171,True
2,4,32,0,0.023693342832906743,1e-05,0.02355028353612659,0.02367293755786736,0.0546875,32,28,4,5,0.01570183996007947,0.02366605144712666,-6.886110740702417e-06,0.0,0.007561444284112375,0.0,True
2,4,32,2,0.023693342832906743,1e-05,0.023558033674097024,0.02367086214432789,0.0546875,32,28,4,5,0.00024440729532883976,0.023670940947745713,7.880341782243172e-08,7.880341782243172e-08,0.0001178054505566121,0.0006689284532260439,True
2,4,32,3,0.023693342832906743,1e-05,0.02355060132137523,0.023688610987272457,0.0703125,32,28,4,5,0.0015236461020457987,0.023688514288566553,-9.669870590367502e-08,0.0,0.0007340279595787135,0.0,True
2,4,32,5,0.023693342832906743,1e-05,0.02354687197051749,0.023701785732974778,0.0703125,32,28,4,5,0.00010071994194622993,0.023701751168822914,-3.456415186356421e-08,0.0,4.853471485967359e-05,0.0,True
2,4,32,6,0.023693342832906743,1e-05,0.0235515158458574,0.023697026064725898,0.0703125,32,28,4,5,0.0070369417932194915,0.023698997741904766,1.971677178868453e-06,1.971677178868453e-06,0.0033857057617832404,0.0005823533755130501,True
2,4,32,7,0.023693342832906743,1e-05,0.02358115464132763,0.02369642377325673,0.0625,32,28,4,5,0.020278874109509442,0.02371929284309096,2.2869069834230427e-05,2.2869069834230427e-05,0.009743473690912859,0.0023471167018759447,True
2,4,64,0,0.023693342832906743,1e-05,0.023549206579366575,0.0236770271835077,0.0703125,64,60,4,5,0.00020697770249619406,0.023676974409686143,-5.2773821555829326e-08,0.0,9.96219979242459e-05,0.0,True
2,4,64,1,0.023693342832906743,1e-05,0.023550350174513197,0.02367388999105057,0.0625,64,60,4,5,8.584366581925657e-05,0.023673877367989767,-1.2623060804961561e-08,0.0,4.125789556434671e-05,0.0,True
2,4,64,3,0.023693342832906743,1e-05,0.02355839418163385,0.02369701968144598,0.0625,64,60,4,5,0.00011878439253643273,0.023697058376881304,3.869543532472597e-08,3.869543532472597e-08,5.726911673666637e-05,0.0006756771804715357,True
2,4,64,4,0.023693342832906743,1e-05,0.02355955372813103,0.02368296234544165,0.0625,64,60,4,5,0.0003018882343416699,0.023682958091845965,-4.253595684011735e-09,0.0,0.00014487648126537545,0.0,True
2,4,64,5,0.023693342832906743,1e-05,0.02354911236081757,0.023671807136562823,0.0625,64,60,4,5,5.291147911790056e-05,0.023671803806068502,-3.3304943213019467e-09,0.0,2.553227935298837e-05,0.0,True
2,4,64,7,0.023693342832906743,1e-05,0.023556642752199312,0.023681523713672704,0.0625,64,60,4,5,0.0002641970685718831,0.023681523675815455,-3.7857248585959624e-11,0.0,0.00012711235701959157,0.0,True
2,4,128,0,0.023693342832906743,1e-05,0.02355060453696552,0.023703260888621885,0.0703125,128,124,4,5,6.425336455737851e-06,0.02370326092566908,3.704719517272359e-11,3.704719517272359e-11,3.0934084658587326e-06,1.1976173073037498e-05,True
2,4,128,1,0.023693342832906743,1e-05,0.023552476826187833,0.023677219979469036,0.0625,128,124,4,5,7.347956279325122e-05,0.02367722463214708,4.652678044919645e-09,4.652678044919645e-09,3.5368848275571806e-05,0.00013154734382835726,True
2,4,128,2,0.023693342832906743,1e-05,0.02355167901607606,0.023680994110955422,0.0625,128,124,4,5,4.864302098248118e-05,0.02368098980973215,-4.301223273384114e-09,0.0,2.3394563806170665e-05,0.0,True
2,4,128,3,0.023693342832906743,1e-05,0.023550839534877157,0.023699002086534263,0.0703125,128,124,4,5,4.2033648820802055e-08,0.02369900208437952,-2.1547416628742155e-12,0.0,2.0230846981552342e-08,0.0,True
2,4,128,5,0.023693342832906743,1e-05,0.023551047613663424,0.023692928832305116,0.0703125,128,124,4,5,2.3723159313191375e-05,0.023692928295170917,-5.371341982307598e-10,0.0,1.1418564417093742e-05,0.0,True
2,4,128,7,0.023693342832906743,1e-05,0.02354906069575593,0.02368127314441058,0.0625,128,124,4,5,3.4497667841611194e-05,0.02368127307201311,-7.239746996345886e-11,0.0,1.6614718369113175e-05,0.0,True
2,5,16,1,0.023693342832906743,1e-05,0.02356352681223764,0.02367352958659118,0.0390625,16,12,4,5,0.07835723780718083,0.023695072161188626,2.1542574597445407e-05,2.1542574597445407e-05,0.03764368621764705,0.0005722759049921744,True
2,5,16,3,0.023693342832906743,1e-05,0.02354731247111204,0.0236749838413549,0.0390625,16,12,4,5,0.07844476297726981,0.023631034253002215,-4.3949588352684005e-05,0.0,0.0378188261917684,0.0,True
2,5,16,4,0.023693342832906743,1e-05,0.02354749995711677,0.023688988969598493,0.03125,16,12,4,5,0.08230175618115641,0.023953490845617934,0.00026450187601944133,0.00026450187601944133,0.039706576215987305,0.006661412320736516,True
2,5,16,5,0.023693342832906743,1e-05,0.023567602471737906,0.02366589404552259,0.03125,16,12,4,5,0.062210285302435234,0.0237692851809396,0.00010339113541701223,0.00010339113541701223,0.02985490284683809,0.003463120812934158,True
2,5,16,6,0.023693342832906743,1e-05,0.023547705062353166,0.023666399889833583,0.046875,16,12,4,5,0.0936471725971723,0.02372592801265732,5.9528122823736956e-05,5.9528122823736956e-05,0.04512153622082313,0.0013192840450380176,True
2,5,16,7,0.023693342832906743,1e-05,0.023586779116488994,0.02366910337646831,0.0390625,16,12,4,5,0.0988766516486934,0.02381628106980584,0.00014717769333753156,0.00014717769333753156,0.04752617403520769,0.0030967713333815046,True
2,5,32,0,0.023693342832906743,1e-05,0.023559719319246587,0.02367964786142243,0.046875,32,28,4,5,0.005502886738637158,0.023667739035875834,-1.1908825546597807e-05,0.0,0.002649165709518821,0.0,True
2,5,32,2,0.023693342832906743,1e-05,0.02355473001424299,0.023681327203125935,0.046875,32,28,4,5,0.0006491303074502162,0.023681211863776863,-1.1533934907159704e-07,0.0,0.00031238306956662596,0.0,True
2,5,32,3,0.023693342832906743,1e-05,0.02354815162763264,0.023697114288971435,0.0703125,32,28,4,5,0.0011845925219328656,0.023696837646553975,-2.766424174599491e-07,0.0,0.0005701507654457705,0.0,True
2,5,32,5,0.023693342832906743,1e-05,0.02355923076339917,0.02367891476694234,0.0546875,32,28,4,5,0.004945140862676432,0.023678835844224044,-7.892271829471054e-08,0.0,0.0023797528044270503,0.0,True
2,5,32,6,0.023693342832906743,1e-05,0.023551650653065054,0.02367291570737462,0.0546875,32,28,4,5,0.0006450382756685064,0.023672517280942426,-3.9842643219378804e-07,0.0,0.0003101483520899082,0.0,True
2,5,32,7,0.023693342832906743,1e-05,0.023560967847854993,0.02368964743667193,0.046875,32,28,4,5,0.0006753790891359659,0.023689581630619315,-6.580605261402583e-08,0.0,0.00032512186823315014,0.0,True
2,5,64,0,0.023693342832906743,1e-05,0.023546498070782393,0.023702198940628257,0.0703125,64,60,4,5,0.00020130954196434815,0.023702255622725696,5.6682097439308965e-08,5.6682097439308965e-08,9.695155640939809e-05,0.0005846435017500599,True
2,5,64,1,0.023693342832906743,1e-05,0.023552630891895562,0.023677627396402206,0.0625,64,60,4,5,0.0005549811169108173,0.023677751905175043,1.24508772837012e-07,1.24508772837012e-07,0.0002672277396922125,0.0004659275754097186,True
2,5,64,2,0.023693342832906743,1e-05,0.02355155094662323,0.023694631373087444,0.0625,64,60,4,5,0.00014041773491758585,0.02369451446572484,-1.1690736260311363e-07,0.0,6.743660871076473e-05,0.0,True
2,5,64,4,0.023693342832906743,1e-05,0.02355454305857107,0.023681282843169664,0.0625,64,60,4,5,0.00015867261988536814,0.023681269138102177,-1.370506748712974e-08,0.0,7.62740766675192e-05,0.0,True
2,5,64,5,0.023693342832906743,1e-05,0.023555065168459406,0.0236862806690138,0.0625,64,60,4,5,1.971694435173795e-05,0.023686284363412146,3.694398346271166e-09,3.694398346271166e-09,9.465327872305045e-06,0.0003903085446285219,True
2,5,64,6,0.023693342832906743,1e-05,0.023547031190390727,0.02368168469121755,0.0703125,64,60,4,5,7.06319046644914e-05,0.023681684508344,-1.8287354963675284e-10,0.0,3.40353826954823e-05,0.0,True
2,5,128,1,0.023693342832906743,1e-05,0.02355133389337472,0.023684929506028726,0.0546875,128,124,4,5,2.126885854459982e-05,0.02368493647268779,6.966659062135339e-09,6.966659062135339e-09,1.0239836172589658e-05,0.000680348683779134,True
2,5,128,2,0.023693342832906743,1e-05,0.02355758835406958,0.02368279626773718,0.0625,128,124,4,5,5.145455061498336e-06,0.023682795163358243,-1.10437893552362e-09,0.0,2.4717071328842347e-06,0.0,True
2,5,128,3,0.023693342832906743,1e-05,0.02355487022749649,0.02368650541368636,0.0625,128,124,4,5,1.2580265882169185e-05,0.02368650631426794,9.005815815310569e-10,9.005815815310569e-10,6.0570579974375645e-06,0.00014868300450681627,True
2,5,128,4,0.023693342832906743,1e-05,0.02355341105727533,0.02367759559517811,0.0625,128,124,4,5,2.2244540817322677e-05,0.023677593039315735,-2.5558623759081023e-09,0.0,1.0688865181233846e-05,0.0,True
2,5,128,5,0.023693342832906743,1e-05,0.023558642072705256,0.023687078205502587,0.0625,128,124,4,5,3.141491405021902e-05,0.023687080346958496,2.1414559084331763e-09,2.1414559084331763e-09,1.5122202815816076e-05,0.00014161005076545203,True
2,5,128,7,0.023693342832906743,1e-05,0.023551983877832135,0.023673543510128823,0.0625,128,124,4,5,3.8504450075599405e-05,0.023673540417383836,-3.092744987193141e-09,0.0,1.8555515397243887e-05,0.0,True
2,6,16,1,0.023693342832906743,1e-05,0.023568673777489148,0.023692057427497113,0.0625,16,12,4,5,0.03509128583651903,0.023689623708811624,-2.4337186854891946e-06,0.0,0.016829957985083847,0.0,True
2,6,16,2,0.023693342832906743,1e-05,0.023585639393085087,0.023691321348896607,0.0390625,16,12,4,5,0.0780654634807067,0.023763818019308738,7.249667041213034e-05,7.249667041213034e-05,0.03749134086138022,0.001933691053626974,True
2,6,16,3,0.023693342832906743,1e-05,0.023558144653023784,0.02369049272248712,0.0625,16,12,4,5,0.12659204046088415,0.02428612175773689,0.0005956290352497721,0.0005956290352497721,0.06095676620303027,0.009771335855742334,True
2,6,16,4,0.023693342832906743,1e-05,0.02355837740041258,0.02368989101970154,0.046875,16,12,4,5,0.09442483365059622,0.02384204376106576,0.00015215274136421916,0.00015215274136421916,0.045449712637295483,0.0033477162458308805,True
2,6,16,6,0.023693342832906743,1e-05,0.023571658497093452,0.023694041150060526,0.046875,16,12,4,5,0.09381997194738417,0.023781332604658326,8.729145459780013e-05,8.729145459780013e-05,0.04549264339217609,0.0019188037469111475,True
2,6,16,7,0.023693342832906743,1e-05,0.023554241596185303,0.023692417615019536,0.0546875,16,12,4,5,0.04083511097771835,0.0236702779334061,-2.2139681613436712e-05,0.0,0.019641532354838617,0.0,True
2,6,32,0,0.023693342832906743,1e-05,0.02355214825207152,0.023697214799710875,0.0625,32,28,4,5,0.019197495345561713,0.023726582576981223,2.9367777270347672e-05,2.9367777270347672e-05,0.009232330554149414,0.0031809711641172236,True
2,6,32,1,0.023693342832906743,1e-05,0.0235462501509193,0.023672503037169567,0.0546875,32,28,4,5,0.00047111622835405625,0.02367227100206007,-2.320351094979578e-07,0.0,0.00022706894555094535,0.0,True
2,6,32,3,0.023693342832906743,1e-05,0.023548577914672,0.023702873638829048,0.0703125,32,28,4,5,0.00042943555236628925,0.023702105362463553,-7.682763654946745e-07,0.0,0.0002072293914008325,0.0,True
2,6,32,4,0.023693342832906743,1e-05,0.023553430178818283,0.023678745043474704,0.0546875,32,28,4,5,0.004891049854673143,0.02367955501361075,8.099701360453349e-07,8.099701360453349e-07,0.0023509438440312987,0.0003445297675236821,True
2,6,32,5,0.023693342832906743,1e-05,0.023555246563619466,0.023700078181296033,0.0703125,32,28,4,5,0.0005634817490164579,0.023699680867272813,-3.973140232198247e-07,0.0,0.0002704941560274188,0.0,True
2,6,32,6,0.023693342832906743,1e-05,0.023569236605089347,0.023673913579511045,0.0546875,32,28,4,5,0.006230655690293235,0.023673930524889912,1.6945378867455618e-08,1.6945378867455618e-08,0.0029985094053375065,5.6512675388951395e-06,True
2,6,64,0,0.023693342832906743,1e-05,0.02354638537540991,0.023676034433528444,0.0703125,64,60,4,5,9.137448842792976e-06,0.02367603067150926,-3.762019185754584e-09,0.0,4.394518646349518e-06,0.0,True
2,6,64,1,0.023693342832906743,1e-05,0.023551456864572863,0.023677819549745308,0.0625,64,60,4,5,0.00011324208994533899,0.02367779221680249,-2.7332942818814043e-08,0.0,5.4521729431282434e-05,0.0,True
2,6,64,3,0.023693342832906743,1e-05,0.023552331226813866,0.02369036510624528,0.0625,64,60,4,5,0.00010461888469613744,0.02369031288428235,-5.222196293105941e-08,0.0,5.0351990888744286e-05,0.0,True
2,6,64,4,0.023693342832906743,1e-05,0.023580296769117846,0.023690799997220787,0.0625,64,60,4,5,0.0005388081429256075,0.023690894535070083,9.453784929544518e-08,9.453784929544518e-08,0.0002593538517991664,0.0003645129950437429,True
2,6,64,6,0.023693342832906743,1e-05,0.023548688553765067,0.023683886769560562,0.0703125,64,60,4,5,7.040437018135071e-05,0.023683921827297748,3.505773718548433e-08,3.505773718548433e-08,3.385467929636994e-05,0.001035535941090524,True
2,6,64,7,0.023693342832906743,1e-05,0.023555165003265134,0.0236947697709534,0.0625,64,60,4,5,4.133953855000266e-06,0.023694767356919267,-2.4140341323142245e-09,0.0,1.9885209467640445e-06,0.0,True
2,6,128,0,0.023693342832906743,1e-05,0.02355102964401091,0.02369034551851419,0.0625,128,124,4,5,1.9475788608918784e-05,0.023690348969345985,3.450831793927467e-09,3.450831793927467e-09,9.393097365512654e-06,0.00036737954049080894,True
2,6,128,1,0.023693342832906743,1e-05,0.023550196329738537,0.023703256431313546,0.0703125,128,124,4,5,1.7538841471237186e-05,0.023703254469186127,-1.962127418875248e-09,0.0,8.435938169270013e-06,0.0,True
2,6,128,2,0.023693342832906743,1e-05,0.023552166971752428,0.02367442755716579,0.0625,128,124,4,5,1.6164124606555864e-05,0.023674427313221003,-2.439447879809542e-10,0.0,7.784823613294222e-06,0.0,True
2,6,128,4,0.023693342832906743,1e-05,0.023556027098886052,0.023688537782294485,0.0703125,128,124,4,5,2.109255584067716e-05,0.023688535019392973,-2.7629015117436317e-09,0.0,1.0143075725188075e-05,0.0,True
2,6,128,5,0.023693342832906743,1e-05,0.023553721360007263,0.023685250407486,0.0625,128,124,4,5,4.0239960757602184e-05,0.02368525292048347,2.512997469839018e-09,2.512997469839018e-09,1.9351072479558364e-05,0.00012986347255397032,True
2,6,128,6,0.023693342832906743,1e-05,0.023556291565831482,0.023701422524230322,0.0625,128,124,4,5,3.643688620038133e-06,0.02370142288754143,3.6331110689347135e-10,3.6331110689347135e-10,1.7567809297297024e-06,0.00020680501521004685,True
2,7,16,0,0.023693342832906743,1e-05,0.023551440494998854,0.023692160703085566,0.0390625,16,12,4,5,0.01868895513368336,0.02364481326721097,-4.73474358745965e-05,0.0,0.009018711280826772,0.0,True
2,7,16,2,0.023693342832906743,1e-05,0.023553249803303675,0.0236766492043133,0.03125,16,12,4,5,0.020404991091373212,0.023654533420893308,-2.2115783419991708e-05,0.0,0.009829731938484689,0.0,True
2,7,16,4,0.023693342832906743,1e-05,0.023573095556212655,0.023683240321627767,0.0625,16,12,4,5,0.12532655105790308,0.02435830193859461,0.0006750616169668433,0.0006750616169668433,0.06040060273549446,0.011176405307130202,True
2,7,16,5,0.023693342832906743,1e-05,0.02355928428303763,0.02367945725540959,0.0390625,16,12,4,5,0.09918768551072167,0.02392830295462973,0.00024884569922014113,0.00024884569922014113,0.047860545572310766,0.005199391194656759,True
2,7,16,6,0.023693342832906743,1e-05,0.023579603790253385,0.023688276146747882,0.046875,16,12,4,5,0.020204922945596716,0.023744441551997446,5.6165405249563455e-05,5.6165405249563455e-05,0.009703686674909097,0.00578804810287113,True
2,7,16,7,0.023693342832906743,1e-05,0.023603410126794934,0.023692026072821126,0.0390625,16,12,4,5,0.06962555609396548,0.02369331613853242,1.2900657112950575e-06,1.2900657112950575e-06,0.03342306974974128,3.859806178650133e-05,True
2,7,32,1,0.023693342832906743,1e-05,0.02354926132948233,0.023699031708299585,0.0703125,32,28,4,5,0.0004914555955649802,0.02369897535443689,-5.635386269436937e-08,0.0,0.00023731942577498606,0.0,True
2,7,32,2,0.023693342832906743,1e-05,0.0235554938033999,0.023685096808285927,0.0703125,32,28,4,5,0.002911776070937728,0.02368522659824339,1.2978995746204536e-07,1.2978995746204536e-07,0.001401960488964856,9.257747167887474e-05,True
2,7,32,3,0.023693342832906743,1e-05,0.023565451395369613,0.023685877164239894,0.046875,32,28,4,5,0.016869106480819768,0.02367579227902665,-1.0084885213243466e-05,0.0,0.00809069900652025,0.0,True
2,7,32,4,0.023693342832906743,1e-05,0.023566184332508896,0.023695901163414065,0.0625,32,28,4,5,0.0007991457369042819,0.02369654785742431,6.466940102450858e-07,6.466940102450858e-07,0.00038535129805906477,0.0016781934133927939,True
2,7,32,6,0.023693342832906743,1e-05,0.023579584408773502,0.023686165186586023,0.046875,32,28,4,5,0.0018013743896711273,0.02368586294108592,-3.022455001035207e-07,0.0,0.0008648957411083212,0.0,True
2,7,32,7,0.023693342832906743,1e-05,0.02355225327557878,0.023677682991544366,0.0546875,32,28,4,5,0.0001283523827312953,0.02367768760672191,4.615177545685967e-09,4.615177545685967e-09,6.175638960548204e-05,7.473198441762993e-05,True
2,7,64,0,0.023693342832906743,1e-05,0.023554121356478573,0.023681388017303833,0.0625,64,60,4,5,6.882271502078921e-05,0.023681388692309804,6.750059712568035e-10,6.750059712568035e-10,3.3128674227076234e-05,2.0375278727728795e-05,True
2,7,64,1,0.023693342832906743,1e-05,0.023550952108070223,0.023696308226280403,0.0625,64,60,4,5,0.0004210960911605082,0.023696343013146277,3.478686587399249e-08,3.478686587399249e-08,0.00020262512973663583,0.00017168090611074298,True
2,7,64,2,0.023693342832906743,1e-05,0.02355134417143554,0.02369092230606034,0.0625,64,60,4,5,4.800325034399765e-05,0.023690912996988896,-9.309071444252304e-09,0.0,2.3078454489366364e-05,0.0,True
2,7,64,3,0.023693342832906743,1e-05,0.023550762362562115,0.023700111722440242,0.0703125,64,60,4,5,5.9540837986314416e-05,0.023700146333921854,3.46114816113241e-08,3.46114816113241e-08,2.864697734579583e-05,0.001208207106583397,True
2,7,64,5,0.023693342832906743,1e-05,0.023558022771420637,0.02367595183448077,0.0625,64,60,4,5,6.705616411867797e-05,0.023675967597983384,1.5763502614341007e-08,1.5763502614341007e-08,3.226755313195596e-05,0.0004885248828715719,True
2,7,64,6,0.023693342832906743,1e-05,0.023548335649347968,0.02367056926405728,0.0625,64,60,4,5,0.00011391940564703211,0.02367052356748322,-4.56965740594506e-08,0.0,5.489193970653447e-05,0.0,True
2,7,128,0,0.023693342832906743,1e-05,0.023548249883611448,0.023697092636772037,0.0703125,128,124,4,5,1.5110476165144155e-05,0.023697091011864114,-1.6249079234920139e-09,0.0,7.274277376628082e-06,0.0,True
2,7,128,2,0.023693342832906743,1e-05,0.023548039444289293,0.023679784406020636,0.0625,128,124,4,5,1.4572762555204816e-05,0.02367978770324243,3.297221794207328e-09,3.297221794207328e-09,7.011146178281029e-06,0.0004702828482483203,True
2,7,128,3,0.023693342832906743,1e-05,0.023550157777131677,0.023690000773291375,0.0703125,128,124,4,5,1.0076662203099438e-05,0.023690000019981797,-7.533095779110877e-10,0.0,4.8567060271007075e-06,0.0,True
2,7,128,4,0.023693342832906743,1e-05,0.023553085925219833,0.023697333756359185,0.0703125,128,124,4,5,4.253322848175644e-05,0.023697337427237054,3.6708778690386357e-09,3.6708778690386357e-09,2.0477906737631905e-05,0.000179260405668941,True
2,7,128,5,0.023693342832906743,1e-05,0.023551811608815316,0.023687104494618885,0.0625,128,124,4,5,1.0092078436132639e-05,0.02368710531364671,8.190278247277583e-10,8.190278247277583e-10,4.861112292732148e-06,0.0001684856829891149,True
2,7,128,7,0.023693342832906743,1e-05,0.023551273415477254,0.02367296528655371,0.0625,128,124,4,5,3.115953490794707e-05,0.02367296634813006,1.0615763511301335e-09,1.0615763511301335e-09,1.4998133233231172e-05,7.078056546250784e-05,True
2,8,16,0,0.023693342832906743,1e-05,0.023558454230150346,0.023680573849228986,0.046875,16,12,4,5,0.02976429872422452,0.02362915888533161,-5.141496389737474e-05,0.0,0.014285262577234427,0.0,True
2,8,16,1,0.023693342832906743,1e-05,0.023546215123432183,0.023653618104370434,0.0234375,16,12,4,5,0.0013136136549057522,0.023651964236909656,-1.653867460777586e-06,0.0,0.0006324354971054131,0.0,True
2,8,16,2,0.023693342832906743,1e-05,0.023551270054143356,0.023661752348802446,0.0234375,16,12,4,5,0.19086233139221156,0.023741290853467628,7.95385046651817e-05,7.95385046651817e-05,0.09193311317505327,0.0008651779747056913,True
2,8,16,5,0.023693342832906743,1e-05,0.02355159245188752,0.02366719965427225,0.03125,16,12,4,5,0.06246950475544245,0.023684038144140468,1.6838489868217094e-05,1.6838489868217094e-05,0.030106016104689076,0.0005593064791324038,True
2,8,16,6,0.023693342832906743,1e-05,0.023547075430170344,0.0236748338156306,0.0625,16,12,4,5,0.12475657231036104,0.02475856000217443,0.0010837261865438291,0.0010837261865438291,0.060046440559185066,0.018048133685387217,True
2,8,16,7,0.023693342832906743,1e-05,0.023559270310266573,0.023679092053359718,0.0234375,16,12,4,5,0.019597325107129124,0.023653692301027388,-2.5399752332330716e-05,0.0,0.009462674963045158,0.0,True
2,8,32,1,0.023693342832906743,1e-05,0.023553460617122147,0.023691605115469437,0.0625,32,28,4,5,0.00039739868158029815,0.02369148797737282,-1.1713809661834107e-07,0.0,0.0001916404783656051,0.0,True
2,8,32,2,0.023693342832906743,1e-05,0.023560954567674427,0.02368587144591688,0.046875,32,28,4,5,0.0020755319381397354,0.02368698688651059,1.1154405937102707e-06,1.1154405937102707e-06,0.0009988773404999097,0.001116694261131226,True
2,8,32,3,0.023693342832906743,1e-05,0.023552737768551078,0.023679747590521483,0.046875,32,28,4,5,9.245009055465713e-05,0.02367978934330568,4.17527841953258e-08,4.17527841953258e-08,4.4417553916868453e-05,0.0009400063829149615,True
2,8,32,4,0.023693342832906743,1e-05,0.023561135857375154,0.023689839809755864,0.046875,32,28,4,5,0.009575140413061999,0.023693456998271117,3.617188515252917e-06,3.617188515252917e-06,0.004590259024242233,0.0007880140306134572,True
2,8,32,6,0.023693342832906743,1e-05,0.023557460271040054,0.023671434798293804,0.0546875,32,28,4,5,0.001202784392933909,0.023671606031911693,1.7123361788912161e-07,1.7123361788912161e-07,0.0005791136066323958,0.0002956822563449379,True
2,8,32,7,0.023693342832906743,1e-05,0.02354881087676912,0.023681897761374332,0.0625,32,28,4,5,0.003254701971584793,0.023681510968426397,-3.8679294793453334e-07,0.0,0.0015649113586438668,0.0,True
2,8,64,0,0.023693342832906743,1e-05,0.023549662963718326,0.023676425384388865,0.0703125,64,60,4,5,8.803198873543524e-06,0.02367642380967223,-1.5747166348667463e-09,0.0,4.236494432683812e-06,0.0,True
2,8,64,1,0.023693342832906743,1e-05,0.023555359102062086,0.023675551677241433,0.0625,64,60,4,5,0.00022389318875128654,0.02367553421137149,-1.746586994130772e-08,0.0,0.00010762782463821876,0.0,True
2,8,64,4,0.023693342832906743,1e-05,0.02354838786533265,0.023700681754367563,0.078125,64,60,4,5,0.00013780105598565034,0.023700732038041534,5.028367397116873e-08,5.028367397116873e-08,6.632761499400733e-05,0.0007581106900302662,True
2,8,64,5,0.023693342832906743,1e-05,0.023551171450684416,0.023682996834587078,0.0625,64,60,4,5,8.101111651211732e-05,0.02368300719957712,1.0364990043337796e-08,1.0364990043337796e-08,3.897359674393351e-05,0.000265949024706096,True
2,8,64,6,0.023693342832906743,1e-05,0.023549014990606708,0.023675481581997223,0.0625,64,60,4,5,8.79687322844141e-05,0.02367546650378339,-1.507821383375796e-08,0.0,4.2387501563911185e-05,0.0,True
2,8,64,7,0.023693342832906743,1e-05,0.023552174026955506,0.023683702676708336,0.0625,64,60,4,5,9.158364661411062e-05,0.023683703210422534,5.337141978367654e-10,5.337141978367654e-10,4.414613485806099e-05,1.2089715205029107e-05,True
2,8,128,0,0.023693342832906743,1e-05,0.023558160495843705,0.023698892694040283,0.0703125,128,124,4,5,3.593047694592564e-05,0.023698893115727766,4.216874835427653e-10,4.216874835427653e-10,1.7273389685738182e-05,2.441254966249807e-05,True
2,8,128,1,0.023693342832906743,1e-05,0.023547231187996048,0.0236839011493357,0.0625,128,124,4,5,2.353786080165411e-05,0.02368389304311896,-8.106216739522942e-09,0.0,1.1318505600920901e-05,0.0,True
2,8,128,2,0.023693342832906743,1e-05,0.023555141479309608,0.02368489264915597,0.0703125,128,124,4,5,3.686227012090906e-06,0.02368489119943174,-1.4497242295519186e-09,0.0,1.7746192230443132e-06,0.0,True
2,8,128,3,0.023693342832906743,1e-05,0.02355595830013552,0.023697018720544662,0.0703125,128,124,4,5,2.5344172261019214e-05,0.02369702368904249,4.968497828439222e-09,4.968497828439222e-09,1.2154685341628721e-05,0.0004087722297032698,True
2,8,128,4,0.023693342832906743,1e-05,0.02355059161130212,0.023698486653352516,0.0703125,128,124,4,5,1.6336780865476475e-06,0.023698486449879527,-2.03472988458131e-10,0.0,7.859238297368335e-07,0.0,True
2,8,128,7,0.023693342832906743,1e-05,0.023554529769574745,0.02368291220687295,0.0625,128,124,4,5,4.781766023819838e-07,0.023682912229077757,2.2204807437198326e-11,2.2204807437198326e-11,2.301598119813005e-07,9.647560643211844e-05,True
2,9,16,0,0.023693342832906743,1e-05,0.023559391491959188,0.023677731408311888,0.0390625,16,12,4,5,0.08875985939989586,0.024089176405749795,0.00041144499743790697,0.00041144499743790697,0.04276869566234658,0.009620237210089663,True
2,9,16,2,0.023693342832906743,1e-05,0.023654121228059936,0.023683353732010786,0.015625,16,12,4,5,0.03151142743306897,0.023713404981926173,3.0051249915386685e-05,3.0051249915386685e-05,0.015032460443097763,0.001999090569979506,True
2,9,16,3,0.023693342832906743,1e-05,0.023595779272122086,0.02369198586355943,0.0234375,16,12,4,5,0.019846789718867875,0.023660426380961844,-3.155948259758734e-05,0.0,0.009503450172493147,0.0,True
2,9,16,4,0.023693342832906743,1e-05,0.023547386088377975,0.023688249863759447,0.03125,16,12,4,5,0.0002659308771981806,0.023687206848752456,-1.0430150069913602e-06,0.0,0.0001281614764828854,0.0,True
2,9,16,6,0.023693342832906743,1e-05,0.023551461276401803,0.023690333365111567,0.0546875,16,12,4,5,0.10921899939445563,0.02418064319531909,0.0004903098302075221,0.0004903098302075221,0.05243942684092207,0.009350022678449638,True
2,9,16,7,0.023693342832906743,1e-05,0.023549240621562224,0.023678639609064894,0.0625,16,12,4,5,0.10831973867249087,0.023686809019023584,8.169409958690838e-06,8.169409958690838e-06,0.05218675189434562,0.00015654183604356462,True
2,9,32,1,0.023693342832906743,1e-05,0.023549749480022482,0.023679358062934235,0.0625,32,28,4,5,0.0005785429896505419,0.023679799734312477,4.41671378241526e-07,4.41671378241526e-07,0.0002781355622241337,0.0015879716161057032,True
2,9,32,2,0.023693342832906743,1e-05,0.023549845497582947,0.023677961316276235,0.046875,32,28,4,5,0.010188779220500354,0.023690090846624098,1.212953034786246e-05,1.212953034786246e-05,0.004903810656218869,0.0024734907601867023,True
2,9,32,4,0.023693342832906743,1e-05,0.02355482167721547,0.023680841496582852,0.0703125,32,28,4,5,0.00039950998167469177,0.023681008360297476,1.668637146234886e-07,1.668637146234886e-07,0.00019166058905214868,0.0008706209004611107,True
2,9,32,5,0.023693342832906743,1e-05,0.02355123785168285,0.023686615437638378,0.0703125,32,28,4,5,0.008066677283937772,0.023687117101176887,5.016635385088342e-07,5.016635385088342e-07,0.003893295008695296,0.00012885320464758448,True
2,9,32,6,0.023693342832906743,1e-05,0.023553812062935102,0.023690712679249402,0.0625,32,28,4,5,0.007884983876998859,0.023690688189483673,-2.4489765729218682e-08,0.0,0.003787183904891249,0.0,True
2,9,32,7,0.023693342832906743,1e-05,0.02355305802463682,0.02365455813330317,0.03125,32,28,4,5,0.017198402675835712,0.023643581590425577,-1.097654287759292e-05,0.0,0.00831014990214519,0.0,True
2,9,64,1,0.023693342832906743,1e-05,0.023547020897104767,0.023686668735568777,0.0703125,64,60,4,5,0.00022943620451919695,0.02368663652615866,-3.2209410118222426e-08,0.0,0.00011041621803155373,0.0,True
2,9,64,2,0.023693342832906743,1e-05,0.02354813730928532,0.02368277708380005,0.0625,64,60,4,5,3.0953556754710667e-05,0.02368276624675779,-1.0837042260097851e-08,0.0,1.4909292851669568e-05,0.0,True
2,9,64,3,0.023693342832906743,1e-05,0.023552059111133,0.02368524210093601,0.0625,64,60,4,5,0.0002147046645475277,0.023685208268886267,-3.383204974505283e-08,0.0,0.00010343867548380162,0.0,True
2,9,64,4,0.023693342832906743,1e-05,0.02357259729439217,0.023688824018120093,0.0625,64,60,4,5,8.375166924077561e-05,0.023688817610633704,-6.407486388693151e-09,0.0,4.019369534314407e-05,0.0,True
2,9,64,5,0.023693342832906743,1e-05,0.023553178111008356,0.023681174304780242,0.0625,64,60,4,5,0.00046853241821691836,0.023681427836864166,2.535320839242017e-07,2.535320839242017e-07,0.00022553364479808373,0.001124143070321878,True
2,9,64,7,0.023693342832906743,1e-05,0.02355149576698285,0.023680347727970445,0.0625,64,60,4,5,5.825472478644679e-05,0.023680336668287942,-1.105968250314504e-08,0.0,2.802095498195223e-05,0.0,True
2,9,128,1,0.023693342832906743,1e-05,0.023552562700730972,0.023686437540349346,0.0625,128,124,4,5,8.279514322558945e-07,0.02368643770302027,1.6267092534105743e-10,1.6267092534105743e-10,3.9852455239076986e-07,0.0004081829447274602,True
2,9,128,2,0.023693342832906743,1e-05,0.023548553784852183,0.023698137535537803,0.0703125,128,124,4,5,4.325934277088198e-05,0.023698136511182046,-1.0243557564681982e-09,0.0,2.0854676533938758e-05,0.0,True
2,9,128,3,0.023693342832906743,1e-05,0.023551553450872238,0.02367854081595872,0.0625,128,124,4,5,3.073889040591019e-05,0.02367854524769823,4.431739510091237e-09,4.431739510091237e-09,1.4812769379851525e-05,0.0002991837242885407,True
2,9,128,4,0.023693342832906743,1e-05,0.02355472265028362,0.023694015077928995,0.0703125,128,124,4,5,7.951499401818604e-06,0.023694015829764423,7.518354272484373e-10,7.518354272484373e-10,3.8185422955271016e-06,0.0001968906899706491,True
2,9,128,5,0.023693342832906743,1e-05,0.023549172190978348,0.023703165310313863,0.0703125,128,124,4,5,3.20164670006331e-05,0.023703165052353273,-2.579605903885174e-10,0.0,1.5428326094575505e-05,0.0,True
2,9,128,7,0.023693342832906743,1e-05,0.023552057374826907,0.023682632185638895,0.0625,128,124,4,5,1.177314435516245e-06,0.023682632400346335,2.1470743932772152e-10,2.1470743932772152e-10,5.673328432871538e-07,0.00037845057247822337,True
4,0,16,0,0.011981431951708562,1e-05,0.010758794272445915,0.011876000165539566,0.09375,16,12,4,5,0.17118646734687387,0.012947422909961781,0.0010714227444222155,0.0010714227444222155,0.08837683593611359,0.012123343555733681,True
4,0,16,1,0.011981431951708562,1e-05,0.010857834906997859,0.011976239801647161,0.140625,16,12,4,5,0.5719667135187121,0.013296859489498046,0.0013206196878508842,0.0013206196878508842,0.29539504941804545,0.004470689980934422,True
4,0,16,2,0.011981431951708562,1e-05,0.010783042118468368,0.011931372688087803,0.09375,16,12,4,5,0.18164696846832556,0.0135642369296112,0.001632864241523398,0.001632864241523398,0.09381244192491216,0.017405625608065387,True
4,0,16,3,0.011981431951708562,1e-05,0.010810994961970287,0.011905116417049347,0.125,16,12,4,5,0.22430252346298712,0.01193101531891919,2.589890186984259e-05,2.589890186984259e-05,0.11576090531131344,0.00022372753392169143,True
4,0,16,4,0.011981431951708562,1e-05,0.01080189687711853,0.01191898676068956,0.09375,16,12,4,5,0.13712749529796436,0.013010482786652367,0.0010914960259628074,0.0010914960259628074,0.07076296974959158,0.015424678045950822,True
4,0,16,5,0.011981431951708562,1e-05,0.010842691275475828,0.011896380629117225,0.109375,16,12,4,5,0.13918556927223832,0.01258958944651569,0.0006932088173984656,0.0006932088173984656,0.07175426393484585,0.009660872809285752,True
4,0,32,0,0.011981431951708562,1e-05,0.010785858419978148,0.011950764226738027,0.1640625,32,28,4,5,0.2506748235524257,0.012340015155322192,0.00038925092858416513,0.00038925092858416513,0.13009621257972084,0.002992023525247812,True
4,0,32,1,0.011981431951708562,1e-05,0.010729670975793228,0.01198190707818383,0.1640625,32,28,4,5,0.18806499812985197,0.012365906338026755,0.00038399925984292614,0.00038399925984292614,0.09739071668821182,0.003942873334347332,True
4,0,32,3,0.011981431951708562,1e-05,0.010792065832428517,0.01197540841450233,0.171875,32,28,4,5,0.23951871848334025,0.012804060111751663,0.0008286516972493326,0.0008286516972493326,0.12406311037755134,0.006679275529426622,True
4,0,32,4,0.011981431951708562,1e-05,0.010751155582850454,0.011985619710574998,0.125,32,28,4,5,0.1416159944561594,0.01206484851183177,7.922880125677163e-05,7.922880125677163e-05,0.07353954597623824,0.0010773632092095275,True
4,0,32,5,0.011981431951708562,1e-05,0.010755744705234964,0.011886681825416223,0.1796875,32,28,4,5,0.197596543919641,0.011980507199243411,9.382537382718846e-05,9.382537382718846e-05,0.10215314963675017,0.0009184775424039814,True
4,0,32,6,0.011981431951708562,1e-05,0.010754558719067232,0.011983109315589685,0.171875,32,28,4,5,0.21633063324362928,0.011783423358856938,-0.00019968595673274664,0.0,0.11180802913504949,0.0,True
4,0,64,0,0.011981431951708562,1e-05,0.010761746503757906,0.011953544610992293,0.21875,64,60,4,5,0.1649785587392377,0.012017784069567834,6.423945857554104e-05,6.423945857554104e-05,0.08544310232764916,0.0007518390229933555,True
4,0,64,1,0.011981431951708562,1e-05,0.010745839121060642,0.011913333618734048,0.2109375,64,60,4,5,0.2012825202786717,0.011898660241276227,-1.4673377457821712e-05,0.0,0.10416300279844527,0.0,True
4,0,64,3,0.011981431951708562,1e-05,0.010749066069008422,0.011968032395679432,0.21875,64,60,4,5,0.13387416673286417,0.012066220106107145,9.818771042771277e-05,9.818771042771277e-05,0.069253489157649,0.0014178016389065646,True
4,0,64,4,0.011981431951708562,1e-05,0.010746703649482658,0.011885498402679535,0.2109375,64,60,4,5,0.18644684358831112,0.011941781853827178,5.6283451147642535e-05,5.6283451147642535e-05,0.09670050755383909,0.0005820388390030538,True
4,0,64,5,0.011981431951708562,1e-05,0.01077015141393324,0.011914722067191508,0.2109375,64,60,4,5,0.1541282860794754,0.011962848351783437,4.8126284591928914e-05,4.8126284591928914e-05,0.07986029532724488,0.000602630936871959,True
4,0,64,6,0.011981431951708562,1e-05,0.010762033795551275,0.011961490601344662,0.21875,64,60,4,5,0.17426476192854543,0.01194553072156941,-1.5959879775252067e-05,0.0,0.08993522068990412,0.0,True
4,0,128,0,0.011981431951708562,1e-05,0.010781566979224817,0.011888855372762346,0.2109375,128,124,4,5,0.12711533397329103,0.011875539604754702,-1.3315768007643447e-05,0.0,0.06594893288707002,0.0,True
4,0,128,1,0.011981431951708562,1e-05,0.010741502757209467,0.011943269111757243,0.21875,128,124,4,5,0.10624501511470262,0.011944636345259546,1.3672335023029447e-06,1.3672335023029447e-06,0.05502666389654055,2.4846745295582074e-05,True
4,0,128,2,0.011981431951708562,1e-05,0.010768819723546074,0.011933805021729065,0.2109375,128,124,4,5,0.12802872805143184,0.011970699868826734,3.689484709766891e-05,3.689484709766891e-05,0.06620239420013599,0.0005573038187430557,True
4,0,128,3,0.011981431951708562,1e-05,0.010756069345588856,0.011914646798232894,0.2109375,128,124,4,5,0.11846571527168376,0.01185338680812879,-6.125999010410388e-05,0.0,0.06128471739457098,0.0,True
4,0,128,5,0.011981431951708562,1e-05,0.010755183704508021,0.011955007921894911,0.21875,128,124,4,5,0.09802476162306657,0.011995222625524866,4.021470362995487e-05,4.021470362995487e-05,0.050815122706866625,0.0007913924337433643,True
4,0,128,6,0.011981431951708562,1e-05,0.010750091403229635,0.0119254439232789,0.2109375,128,124,4,5,0.1140317770482861,0.011914956319871734,-1.0487603407166243e-05,0.0,0.059103668446611954,0.0,True
4,1,16,1,0.011981431951708562,1e-05,0.010755878231496157,0.011901555838009779,0.078125,16,12,4,5,0.11956002284616693,0.012226543515908631,0.0003249876778988522,0.0003249876778988522,0.0618608272243322,0.005253529454436753,True
4,1,16,3,0.011981431951708562,1e-05,0.010780698571386473,0.011825066452860382,0.0859375,16,12,4,5,0.12528656224445742,0.011834506049232198,9.439596371816489e-06,9.439596371816489e-06,0.0647105465824043,0.00014587415607432446,True
4,1,16,4,0.011981431951708562,1e-05,0.010739974505286794,0.011827534669676386,0.1015625,16,12,4,5,0.1671568321934229,0.012817709409574173,0.000990174739897787,0.000990174739897787,0.08645877977956451,0.01145256435982949,True
4,1,16,5,0.011981431951708562,1e-05,0.010839409144250757,0.011810390573578994,0.078125,16,12,4,5,0.18623359638123513,0.012722298219586554,0.0009119076460075599,0.0009119076460075599,0.09654212898744334,0.009445696459896449,True
4,1,16,6,0.011981431951708562,1e-05,0.01078860948427848,0.011935333921551864,0.109375,16,12,4,5,0.22634315085990317,0.012401722174876619,0.00046638825332475514,0.00046638825332475514,0.11695827484710047,0.003987646482768871,True
4,1,16,7,0.011981431951708562,1e-05,0.010788472221467105,0.011876251657657624,0.09375,16,12,4,5,0.1511180826006556,0.01252620319415225,0.0006499515364946258,0.0006499515364946258,0.07822677827690133,0.008308555597086917,True
4,1,32,0,0.011981431951708562,1e-05,0.0107987698688059,0.011982009472505847,0.171875,32,28,4,5,0.13237133208397192,0.012438552556795122,0.00045654308428927544,0.00045654308428927544,0.06863973273575104,0.006651294608719896,True
4,1,32,2,0.011981431951708562,1e-05,0.010734650664881565,0.01186793642074315,0.1484375,32,28,4,5,0.13993710571999438,0.011734759422156866,-0.00013317699858628358,0.0,0.07243948513396802,0.0,True
4,1,32,4,0.011981431951708562,1e-05,0.010736832503543714,0.011894042861212263,0.15625,32,28,4,5,0.2198783594934082,0.011974602808027838,8.055994681557474e-05,8.055994681557474e-05,0.11377547133765961,0.0007080607609744918,True
4,1,32,5,0.011981431951708562,1e-05,0.010796262866199925,0.011958785796497612,0.15625,32,28,4,5,0.20858630071058246,0.012518511193056468,0.0005597253965588557,0.0005597253965588557,0.10774136886569642,0.005195083396950098,True
4,1,32,6,0.011981431951708562,1e-05,0.010772974681686469,0.0119602209563456,0.1484375,32,28,4,5,0.18256953971753012,0.013016450808474014,0.0010562298521284135,0.0010562298521284135,0.09431516001396996,0.011198940360934178,True
4,1,32,7,0.011981431951708562,1e-05,0.010741339396471448,0.011951222351936653,0.140625,32,28,4,5,0.19539125915441682,0.012735025378761597,0.0007838030268249446,0.0007838030268249446,0.10109773714706707,0.007752923546495851,True
4,1,64,0,0.011981431951708562,1e-05,0.010745921005266475,0.01196964613099332,0.2265625,64,60,4,5,0.22031423249075943,0.012081834373720757,0.00011218824272743629,0.00011218824272743629,0.11421170790235854,0.0009822832071064715,True
4,1,64,1,0.011981431951708562,1e-05,0.010770387110993988,0.011927591509273524,0.203125,64,60,4,5,0.1686437237953221,0.011959630941411612,3.203943213808853e-05,3.203943213808853e-05,0.08726969345894799,0.0003671312556306848,True
4,1,64,2,0.011981431951708562,1e-05,0.010765819297148968,0.011905028661751317,0.2109375,64,60,4,5,0.21457788652338547,0.012112179658283354,0.00020715099653203714,0.00020715099653203714,0.111068578991964,0.001865072898312896,True
4,1,64,4,0.011981431951708562,1e-05,0.01079196534809855,0.011948506193776916,0.21875,64,60,4,5,0.2139414540974937,0.011973698128521029,2.519193474411277e-05,2.519193474411277e-05,0.11075573690855955,0.0002274548971211428,True
4,1,64,6,0.011981431951708562,1e-05,0.010736874126114859,0.011940991509889807,0.2109375,64,60,4,5,0.18602941362890899,0.011983181013033329,4.2189503143521406e-05,4.2189503143521406e-05,0.09642204563389437,0.0004375503845221358,True
4,1,64,7,0.011981431951708562,1e-05,0.010756921786935016,0.011941038910467864,0.2109375,64,60,4,5,0.1499277005253327,0.012106107385665347,0.0001650684751974829,0.0001650684751974829,0.07757714626564827,0.002127797723213962,True
4,1,128,0,0.011981431951708562,1e-05,0.01077976852165179,0.011917966774513322,0.2109375,128,124,4,5,0.12315527952189602,0.01194531151922534,2.7344744712018074e-05,2.7344744712018074e-05,0.06379447174181868,0.00042863815571174315,True
4,1,128,1,0.011981431951708562,1e-05,0.010778874506898841,0.011987269648604757,0.21875,128,124,4,5,0.11157164948753774,0.011974537540262346,-1.2732108342411105e-05,0.0,0.05772736391153829,0.0,True
4,1,128,2,0.011981431951708562,1e-05,0.010736727823458567,0.01196587845361729,0.21875,128,124,4,5,0.09773869002401617,0.01197675001714364,1.0871563526349687e-05,1.0871563526349687e-05,0.050685976982484636,0.00021448858586876074,True
4,1,128,4,0.011981431951708562,1e-05,0.01076613328662873,0.0119696918383876,0.2109375,128,124,4,5,0.07182075780027139,0.011965669408362155,-4.022430025445167e-06,0.0,0.037161706862694086,0.0,True
4,1,128,5,0.011981431951708562,1e-05,0.010744639973149913,0.011978903594420014,0.2265625,128,124,4,5,0.1146921983196904,0.011985521518600245,6.617924180231036e-06,6.617924180231036e-06,0.05936683703646906,0.00011147510143020831,True
4,1,128,7,0.011981431951708562,1e-05,0.01073955688832154,0.011978633934736674,0.2265625,128,124,4,5,0.10531023821964246,0.01198741122724316,8.77729250648579e-06,8.77729250648579e-06,0.05446999102184521,0.00016113996609556358,True
4,2,16,0,0.011981431951708562,1e-05,0.010791066919337716,0.011904234461913028,0.109375,16,12,4,5,0.17915274980286633,0.01253836595906059,0.0006341314971475623,0.0006341314971475623,0.09267826153979233,0.00684228951441101,True
4,2,16,1,0.011981431951708562,1e-05,0.010828547000185691,0.011813698641641883,0.078125,16,12,4,5,0.16430112426989738,0.01291667547222768,0.0011029768305857966,0.0011029768305857966,0.08495608001422332,0.012982906348799715,True
4,2,16,2,0.011981431951708562,1e-05,0.010794566580855402,0.011857443358739386,0.0859375,16,12,4,5,0.17124382364696003,0.013174887056286838,0.0013174436975474518,0.0013174436975474518,0.08834388884443972,0.014912674943110911,True
4,2,16,3,0.011981431951708562,1e-05,0.010840353083642163,0.011801830265888158,0.078125,16,12,4,5,0.8004622790884166,0.01265029540398944,0.0008484651381012818,0.0008484651381012818,0.414500074398943,0.00204696015876866,True
4,2,16,5,0.011981431951708562,1e-05,0.010825771697480146,0.011910560986045416,0.1015625,16,12,4,5,0.2020854242579535,0.014186474063151749,0.0022759130771063327,0.0022759130771063327,0.10446926863747885,0.021785479182438134,True
4,2,16,6,0.011981431951708562,1e-05,0.01081224598011752,0.011985979509853613,0.0859375,16,12,4,5,0.6253081137745654,0.013989608322519529,0.002003628812665916,0.002003628812665916,0.3233964271830655,0.006195581163708152,True
4,2,32,0,0.011981431951708562,1e-05,0.010751794028846583,0.01187081480799551,0.1328125,32,28,4,5,0.14862690290814412,0.011731283726447363,-0.00013953108154814674,0.0,0.07678272553503744,0.0,True
4,2,32,1,0.011981431951708562,1e-05,0.010762480038900775,0.011947422955191987,0.1875,32,28,4,5,0.2950937294901404,0.012460545833807823,0.0005131228786158359,0.0005131228786158359,0.15267729492145532,0.0033608329180826227,True
4,2,32,2,0.011981431951708562,1e-05,0.010771591839925997,0.011990488551034533,0.1171875,32,28,4,5,0.12137439763444542,0.011752491758955848,-0.00023799679207868463,0.0,0.06271530172845279,0.0,True
4,2,32,3,0.011981431951708562,1e-05,0.010764362315007778,0.011957212089942068,0.1953125,32,28,4,5,0.20327804468500255,0.01242192718369645,0.00046471509375438196,0.00046471509375438196,0.10510659848875906,0.004421369356787646,True
4,2,32,4,0.011981431951708562,1e-05,0.010734266045316786,0.011978141654547601,0.1875,32,28,4,5,0.24014546973467865,0.012210762019341792,0.00023262036479419074,0.00023262036479419074,0.12443178296536972,0.0018694609950170905,True
4,2,32,6,0.011981431951708562,1e-05,0.010767266245814464,0.011883006877452577,0.171875,32,28,4,5,0.18910512188190506,0.012842521589802322,0.000959514712349745,0.000959514712349745,0.09782981289223164,0.009807999054508435,True
4,2,64,2,0.011981431951708562,1e-05,0.010759051774279936,0.011955618045970492,0.2109375,64,60,4,5,0.1397845184745798,0.012164551116156951,0.00020893307018645876,0.00020893307018645876,0.07234122524173982,0.002888160512740493,True
4,2,64,3,0.011981431951708562,1e-05,0.01073834414742012,0.011897958978454679,0.21875,64,60,4,5,0.19532175476276153,0.011860707679662807,-3.725129879187175e-05,0.0,0.10108175225653446,0.0,True
4,2,64,4,0.011981431951708562,1e-05,0.010733166183377114,0.011966378751415405,0.2109375,64,60,4,5,0.20659459974431338,0.0121101165233454,0.0001437377719299953,0.0001437377719299953,0.10690510696219872,0.0013445360658104059,True
4,2,64,5,0.011981431951708562,1e-05,0.010723217683363463,0.011918667209709294,0.2109375,64,60,4,5,0.14222639828082786,0.012001099934257714,8.243272454841986e-05,8.243272454841986e-05,0.07351562361927771,0.0011212953177860802,True
4,2,64,6,0.011981431951708562,1e-05,0.010730460831968448,0.01194750001762208,0.21875,64,60,4,5,0.16339730333721295,0.01193965442058461,-7.845597037470925e-06,0.0,0.08476353590471686,0.0,True
4,2,64,7,0.011981431951708562,1e-05,0.010722842744872446,0.011976004616992952,0.2265625,64,60,4,5,0.24017790042860368,0.012170620118905481,0.0001946155019125293,0.0001946155019125293,0.1242757108170463,0.0015659978980046584,True
4,2,128,0,0.011981431951708562,1e-05,0.010755456988222285,0.011915750108991829,0.21875,128,124,4,5,0.1274755884061397,0.011927971434748288,1.2221325756459761e-05,1.2221325756459761e-05,0.06599254631740799,0.00018519251701060567,True
4,2,128,2,0.011981431951708562,1e-05,0.010755153419584253,0.011940312595595817,0.21875,128,124,4,5,0.12049890692373282,0.011949431468004075,9.118872408257414e-06,9.118872408257414e-06,0.06237927027087642,0.00014618433926301996,True
4,2,128,3,0.011981431951708562,1e-05,0.010743640069858474,0.011900268861701953,0.2109375,128,124,4,5,0.08751456670325569,0.011911325828140695,1.1056966438742141e-05,1.1056966438742141e-05,0.045292309742199506,0.00024412458763259327,True
4,2,128,5,0.011981431951708562,1e-05,0.010741795904675815,0.011967303923356544,0.21875,128,124,4,5,0.10017448183957502,0.011975052575287722,7.748651931177575e-06,7.748651931177575e-06,0.0518593932989473,0.0001494165557724499,True
4,2,128,6,0.011981431951708562,1e-05,0.010782158388395682,0.011964674745459813,0.21875,128,124,4,5,0.131297927813819,0.012016684356550428,5.2009611090614305e-05,5.2009611090614305e-05,0.06808512097500889,0.0007638909991759402,True
4,2,128,7,0.011981431951708562,1e-05,0.01072294092143901,0.01188813464227271,0.2109375,128,124,4,5,0.10128627859064249,0.011883538674753908,-4.595967518802521e-06,0.0,0.05242876664068137,0.0,True
4,3,16,0,0.011981431951708562,1e-05,0.010804742338122252,0.011855587102839123,0.125,16,12,4,5,0.27307666887020354,0.015323618879661875,0.003468031776822752,0.003468031776822752,0.1411754551900883,0.024565401770110507,True
4,3,16,1,0.011981431951708562,1e-05,0.010862059682517019,0.011899258222274162,0.1171875,16,12,4,5,0.6161677033976962,0.016767439402996184,0.004868181180722022,0.004868181180722022,0.31854732905604594,0.015282442314452754,True
4,3,16,2,0.011981431951708562,1e-05,0.0107679749983682,0.01195143625175049,0.109375,16,12,4,5,0.1734907852918681,0.013633008779332025,0.001681572527581535,0.001681572527581535,0.08961647806150588,0.01876409968295599,True
4,3,16,3,0.011981431951708562,1e-05,0.010780177355501913,0.011892173821815096,0.109375,16,12,4,5,0.19264873264084378,0.012121203839954886,0.00022903001813978988,0.00022903001813978988,0.09967250858092812,0.0022978253622846384,True
4,3,16,4,0.011981431951708562,1e-05,0.01076685639119803,0.011954612286419643,0.109375,16,12,4,5,0.16178985651723013,0.013305355614910858,0.0013507433284912149,0.0013507433284912149,0.08355497298748522,0.01616592382470793,True
4,3,16,6,0.011981431951708562,1e-05,0.010769291640827077,0.011842359301931683,0.078125,16,12,4,5,0.14757275216020854,0.013009339330013104,0.0011669800280814206,0.0011669800280814206,0.07628718330525931,0.015297196429599568,True
4,3,32,0,0.011981431951708562,1e-05,0.010746685621770384,0.01193270805780787,0.1875,32,28,4,5,0.20862727158509745,0.01234750450780705,0.00041479644999918054,0.00041479644999918054,0.10785792993906854,0.0038457668363699243,True
4,3,32,2,0.011981431951708562,1e-05,0.010757754703266847,0.011887740428702812,0.1328125,32,28,4,5,0.15384676542240802,0.011804680913971714,-8.305951473109793e-05,0.0,0.07963927463973253,0.0,True
4,3,32,3,0.011981431951708562,1e-05,0.010753087721798497,0.011900231009420581,0.1328125,32,28,4,5,0.16045286377843918,0.012294533404740954,0.0003943023953203728,0.0003943023953203728,0.08311409854461839,0.004744109630313782,True
4,3,32,4,0.011981431951708562,1e-05,0.010764095382615198,0.011944476998520172,0.1640625,32,28,4,5,0.17819246405688502,0.011809640882381942,-0.00013483611613823027,0.0,0.09219322122049863,0.0,True
4,3,32,6,0.011981431951708562,1e-05,0.010771175414345444,0.011930788122322507,0.15625,32,28,4,5,0.11829599415544215,0.01208477612081077,0.00015398799848826208,0.00015398799848826208,0.06124873825696662,0.0025141415622671544,True
4,3,32,7,0.011981431951708562,1e-05,0.010806555290120508,0.0118955388425367,0.125,32,28,4,5,0.22158705033936943,0.011925893672270548,3.03548297338474e-05,3.03548297338474e-05,0.11504730677477065,0.00026384650440599514,True
4,3,64,0,0.011981431951708562,1e-05,0.010747465251159393,0.011981399108103443,0.2265625,64,60,4,5,0.2004582684805423,0.012093769358943482,0.0001123702508400385,0.0001123702508400385,0.10366790326405588,0.0010839444736700865,True
4,3,64,2,0.011981431951708562,1e-05,0.010735594975841709,0.011953481851473621,0.2265625,64,60,4,5,0.1552507711080422,0.011977309896264663,2.3828044791042446e-05,2.3828044791042446e-05,0.08038686694476863,0.00029641713499562025,True
4,3,64,4,0.011981431951708562,1e-05,0.010746454088612072,0.011898609902364335,0.2109375,64,60,4,5,0.15800078365493203,0.011910662006565499,1.2052104201163566e-05,1.2052104201163566e-05,0.08192177166878782,0.0001471172309345382,True
4,3,64,5,0.011981431951708562,1e-05,0.010752261023469298,0.011981220540110272,0.21875,64,60,4,5,0.2254490982419449,0.011910521324717137,-7.069921539313434e-05,0.0,0.11683952985347423,0.0,True
4,3,64,6,0.011981431951708562,1e-05,0.010737678064104007,0.011892637767369794,0.21875,64,60,4,5,0.21215035250079792,0.01202663488432283,0.00013399711695303608,0.00013399711695303608,0.10986151530903174,0.0012196911409433303,True
4,3,64,7,0.011981431951708562,1e-05,0.01075352511538307,0.011965697657032308,0.21875,64,60,4,5,0.1743857827934208,0.012027710021906094,6.201236487378588e-05,6.201236487378588e-05,0.09032934795150485,0.0006865140320405997,True
4,3,128,0,0.011981431951708562,1e-05,0.010738137882446047,0.011954999019484238,0.2109375,128,124,4,5,0.06704903528496879,0.01194130636450954,-1.3692654974698654e-05,0.0,0.03471971766744037,0.0,True
4,3,128,1,0.011981431951708562,1e-05,0.010782899309223054,0.011954757569557037,0.21875,128,124,4,5,0.11105339396331716,0.011965505927052585,1.074835749554845e-05,1.074835749554845e-05,0.05748525627400814,0.0001869758994256811,True
4,3,128,3,0.011981431951708562,1e-05,0.010749065569401719,0.011935118929340157,0.21875,128,124,4,5,0.12494103167346872,0.01190739368156694,-2.7725247773216152e-05,0.0,0.06467016173753065,0.0,True
4,3,128,4,0.011981431951708562,1e-05,0.010767597065367222,0.011935567406440317,0.2109375,128,124,4,5,0.11169644887723539,0.011892258438640144,-4.330896780017218e-05,0.0,0.05789244919354073,0.0,True
4,3,128,5,0.011981431951708562,1e-05,0.010749591041617193,0.011977737535669976,0.21875,128,124,4,5,0.06533067979929752,0.01198880087876335,1.1063343093373548e-05,1.1063343093373548e-05,0.03383303836053688,0.0003269982132694862,True
4,3,128,7,0.011981431951708562,1e-05,0.010753361349646938,0.011961317899742238,0.21875,128,124,4,5,0.12553534813331158,0.011962565391761418,1.247492019179966e-06,1.247492019179966e-06,0.06498541708833287,1.9196491691117174e-05,True
4,4,16,0,0.011981431951708562,1e-05,0.010833350147863186,0.01194978383182985,0.140625,16,12,4,5,0.27583188492081895,0.014103972338633778,0.0021541885068039283,0.0021541885068039283,0.14233860837351314,0.015134252971977118,True
4,4,16,1,0.011981431951708562,1e-05,0.010795352751727156,0.011902890548227626,0.125,16,12,4,5,0.22675930215711348,0.013710897649973148,0.001808007101745522,0.001808007101745522,0.11710231565089416,0.015439550376916194,True
4,4,16,3,0.011981431951708562,1e-05,0.0107749480029075,0.011910236444874657,0.109375,16,12,4,5,0.21745318257126972,0.013785453921728353,0.0018752174768536956,0.0018752174768536956,0.11242864938056192,0.016679178191550053,True
4,4,16,4,0.011981431951708562,1e-05,0.010764628971625246,0.011927798924923329,0.0859375,16,12,4,5,0.6774296757009073,0.019015409785139596,0.007087610860216267,0.007087610860216267,0.3505813990000485,0.02021673391809155,True
4,4,16,6,0.011981431951708562,1e-05,0.010830740200394725,0.011874829776991806,0.1328125,16,12,4,5,0.2633128428538561,0.015866570114439343,0.0039917403374475375,0.0039917403374475375,0.1360042596071262,0.029350112628666394,True
4,4,16,7,0.011981431951708562,1e-05,0.010784296787184516,0.01188988939976446,0.0859375,16,12,4,5,0.8756550439590691,0.017581785408612258,0.005691896008847798,0.005691896008847798,0.45350237468115323,0.012550972887076137,True
4,4,32,0,0.011981431951708562,1e-05,0.01072490892203315,0.011874631114913527,0.09375,32,28,4,5,0.10655256284289892,0.012038670708547144,0.00016403959363361746,0.00016403959363361746,0.05525104698169383,0.002968986156732346,True
4,4,32,1,0.011981431951708562,1e-05,0.010776752978099234,0.011928037224625248,0.171875,32,28,4,5,0.22737714413965798,0.012026828299788163,9.879107516291494e-05,9.879107516291494e-05,0.11778574239574557,0.000838735428868709,True
4,4,32,2,0.011981431951708562,1e-05,0.010731671244370296,0.011960014732737253,0.1640625,32,28,4,5,0.200688827408649,0.01210489443490537,0.0001448797021681176,0.0001448797021681176,0.10385098835556304,0.0013950729257585996,True
4,4,32,3,0.011981431951708562,1e-05,0.010769685493914922,0.011882547312134254,0.1640625,32,28,4,5,0.18501300617775768,0.01245442375783319,0.000571876445698935,0.000571876445698935,0.09571700571489164,0.0059746587497979215,True
4,4,32,4,0.011981431951708562,1e-05,0.010741096319306013,0.011989456172694035,0.171875,32,28,4,5,0.18898869753610148,0.012294773274222183,0.00030531710152814813,0.00030531710152814813,0.0976871439141577,0.0031254583693883474,True
4,4,32,5,0.011981431951708562,1e-05,0.010737827404303986,0.011979834077221745,0.1875,32,28,4,5,0.2002460913027435,0.012058704533537233,7.887045631548885e-05,7.887045631548885e-05,0.10370927016323589,0.0007604957222372567,True
4,4,64,0,0.011981431951708562,1e-05,0.010757827019400576,0.011927851455603681,0.21875,64,60,4,5,0.20003035889678872,0.011991562661555651,6.371120595197004e-05,6.371120595197004e-05,0.10338613787450052,0.0006162451491253932,True
4,4,64,1,0.011981431951708562,1e-05,0.010765515509367777,0.01195974174242504,0.21875,64,60,4,5,0.17174632293882305,0.0119788246491022,1.908290667716056e-05,1.908290667716056e-05,0.08880059755224082,0.00021489615163832888,True
4,4,64,2,0.011981431951708562,1e-05,0.01074863208344094,0.011952040153141883,0.21875,64,60,4,5,0.139627548030464,0.012022064113352793,7.00239602109097e-05,7.00239602109097e-05,0.07224593519912693,0.0009692442906013613,True
4,4,64,3,0.011981431951708562,1e-05,0.01074974138655352,0.011991225396173203,0.21875,64,60,4,5,0.17958609599311912,0.012110341691568377,0.00011911629539517431,0.00011911629539517431,0.09303182856534353,0.001280382179218477,True
4,4,64,4,0.011981431951708562,1e-05,0.010735099765057347,0.011945878142296251,0.21875,64,60,4,5,0.19493116762063517,0.012043047326303858,9.716918400760714e-05,9.716918400760714e-05,0.10098983214817239,0.0009621679919721068,True
4,4,64,6,0.011981431951708562,1e-05,0.01074128224457453,0.011973186874486466,0.2265625,64,60,4,5,0.1409498126329432,0.011970376800630499,-2.8100738559671407e-06,0.0,0.07308826012303174,0.0,True
4,4,128,0,0.011981431951708562,1e-05,0.010771675219065396,0.01197751223308349,0.2265625,128,124,4,5,0.1232063541581309,0.011990695978547825,1.3183745464336039e-05,1.3183745464336039e-05,0.0638326198677851,0.00020653617996007682,True
4,4,128,1,0.011981431951708562,1e-05,0.0107509720796851,0.011946831419092275,0.21875,128,124,4,5,0.14527335042907935,0.011951816937770246,4.985518677971118e-06,4.985518677971118e-06,0.07535798780442639,6.615779989919367e-05,True
4,4,128,2,0.011981431951708562,1e-05,0.010752095545088533,0.011967341319846479,0.21875,128,124,4,5,0.12504666612780324,0.01205164723630888,8.430591646240229e-05,8.430591646240229e-05,0.0648045934098322,0.0013009250120472376,True
4,4,128,4,0.011981431951708562,1e-05,0.010749911404645325,0.011934565736197862,0.2265625,128,124,4,5,0.1259388846044713,0.011961762254328382,2.7196518130519556e-05,2.7196518130519556e-05,0.06516972805594569,0.00041731826941448027,True
4,4,128,5,0.011981431951708562,1e-05,0.010743677196909945,0.011895539332561588,0.2109375,128,124,4,5,0.1070172456971503,0.01185968853262471,-3.585079993687762e-05,0.0,0.05548720435467754,0.0,True
4,4,128,7,0.011981431951708562,1e-05,0.010739388986334052,0.011971281830628155,0.21875,128,124,4,5,0.09253074749269512,0.01198731499086616,1.6033160238005523e-05,1.6033160238005523e-05,0.04793485856800545,0.0003344780962534642,True
4,5,16,1,0.011981431951708562,1e-05,0.01078799316010767,0.011921462464091172,0.109375,16,12,4,5,0.5322416996431546,0.011962925068063207,4.1462603972034634e-05,4.1462603972034634e-05,0.27530412673622645,0.00015060654725223446,True
4,5,16,2,0.011981431951708562,1e-05,0.01076870299396234,0.011829277769393739,0.0859375,16,12,4,5,0.17657929250872695,0.013240011000153932,0.001410733230760193,0.001410733230760193,0.09110258068578507,0.015485107229024004,True
4,5,16,3,0.011981431951708562,1e-05,0.010783432339186168,0.011971395127529367,0.078125,16,12,4,5,0.7227951881044684,0.01677389482245775,0.004802499694928382,0.004802499694928382,0.373172257785894,0.012869390997665736,True
4,5,16,4,0.011981431951708562,1e-05,0.010780456404406643,0.011953957251388736,0.109375,16,12,4,5,0.18860551706661607,0.012369880599985226,0.00041592334859649055,0.00041592334859649055,0.09769698910912371,0.004257279086993361,True
4,5,16,5,0.011981431951708562,1e-05,0.010783787206718179,0.011939093471989536,0.125,16,12,4,5,0.22716083597751752,0.012714041214480604,0.0007749477424910684,0.0007749477424910684,0.11740736740535719,0.0066005035256050575,True
4,5,16,6,0.011981431951708562,1e-05,0.010786582468178147,0.011970813509813903,0.1640625,16,12,4,5,0.2027715360716441,0.01232587309270274,0.0003550595828888375,0.0003550595828888375,0.10459566135691217,0.003394591881562528,True
4,5,32,1,0.011981431951708562,1e-05,0.010747046997409453,0.011892276061837872,0.140625,32,28,4,5,0.17996502201376524,0.01188018548308732,-1.2090578750552014e-05,0.0,0.09302272280470134,0.0,True
4,5,32,2,0.011981431951708562,1e-05,0.010743724448691254,0.011961930910512423,0.1328125,32,28,4,5,0.14815161648082326,0.011919488759319422,-4.2442151193001e-05,0.0,0.07681677898579622,0.0,True
4,5,32,3,0.011981431951708562,1e-05,0.010743211078949513,0.011966520258596791,0.140625,32,28,4,5,0.19299387569299184,0.011975371974473077,8.851715876286026e-06,8.851715876286026e-06,0.09970976719404545,8.8774812391846e-05,True
4,5,32,5,0.011981431951708562,1e-05,0.010721955062073976,0.011874294574760594,0.15625,32,28,4,5,0.17611990773905672,0.012484832588961216,0.0006105380142006223,0.0006105380142006223,0.09109805161708107,0.006701987620623768,True
4,5,32,6,0.011981431951708562,1e-05,0.010761470569815548,0.011887497681551349,0.1484375,32,28,4,5,0.15137280011271761,0.01187159382560226,-1.5903855949088788e-05,0.0,0.07839357081245411,0.0,True
4,5,32,7,0.011981431951708562,1e-05,0.010784471983533037,0.011878327824757364,0.125,32,28,4,5,0.152416335745474,0.01250828288060962,0.0006299550558522566,0.0006299550558522566,0.07890784998551575,0.00798342694634172,True
4,5,64,0,0.011981431951708562,1e-05,0.01074239802886462,0.011928995768020258,0.2109375,64,60,4,5,0.13398297883813365,0.011994391140988696,6.539537296843846e-05,6.539537296843846e-05,0.06927924567294899,0.0009439388713490707,True
4,5,64,2,0.011981431951708562,1e-05,0.010769788007283418,0.011935732090451347,0.21875,64,60,4,5,0.21992419326845955,0.011916324001112436,-1.940808933891154e-05,0.0,0.11385642298958872,0.0,True
4,5,64,3,0.011981431951708562,1e-05,0.010750501570802344,0.011914591932734052,0.21875,64,60,4,5,0.18372529392318626,0.01194638945880691,3.179752607285896e-05,3.179752607285896e-05,0.09516575788211547,0.00033412780794797494,True
4,5,64,5,0.011981431951708562,1e-05,0.010758226420236352,0.011944551805763273,0.21875,64,60,4,5,0.14129808956388895,0.01196339593022542,1.884412446214595e-05,1.884412446214595e-05,0.07308228417691946,0.00025784804996690597,True
4,5,64,6,0.011981431951708562,1e-05,0.010740190729183823,0.011977023184563023,0.21875,64,60,4,5,0.18275451032140985,0.012061832810975393,8.480962641236982e-05,8.480962641236982e-05,0.0945732048715149,0.0008967616834767347,True
4,5,64,7,0.011981431951708562,1e-05,0.010759151008574054,0.011930198545812575,0.2109375,64,60,4,5,0.16323728931365053,0.011963240861144909,3.304231533233365e-05,3.304231533233365e-05,0.08454089101148213,0.0003908441812831843,True
4,5,128,0,0.011981431951708562,1e-05,0.01076271061975716,0.01193877729946749,0.21875,128,124,4,5,0.16473788221922697,0.011975930381916076,3.715308244858599e-05,3.715308244858599e-05,0.08554959423771666,0.00043428706798244676,True
4,5,128,1,0.011981431951708562,1e-05,0.010761128978019435,0.011941931881321977,0.2109375,128,124,4,5,0.13629268362114869,0.011945564273189848,3.632391867871426e-06,3.632391867871426e-06,0.07062012589445259,5.14356470179666e-05,True
4,5,128,2,0.011981431951708562,1e-05,0.010760112261782633,0.011964299788470531,0.21875,128,124,4,5,0.10485575951081011,0.011959187466864533,-5.1123216059986015e-06,0.0,0.05433358631290805,0.0,True
4,5,128,3,0.011981431951708562,1e-05,0.010756948139446791,0.011915710824456374,0.21875,128,124,4,5,0.10379188042348399,0.011940143821010366,2.4432996553991684e-05,2.4432996553991684e-05,0.05376046520147962,0.00045447889006212,True
4,5,128,6,0.011981431951708562,1e-05,0.010758064427641887,0.011938000806251688,0.2109375,128,124,4,5,0.07775105808579015,0.011930798585656,-7.202220595687106e-06,0.0,0.040213343874044925,0.0,True
4,5,128,7,0.011981431951708562,1e-05,0.010727228457453015,0.011986931024169738,0.21875,128,124,4,5,0.12410278558579714,0.011978157094760928,-8.773929408810444e-06,0.0,0.06425850162950149,0.0,True
4,6,16,1,0.011981431951708562,1e-05,0.010800488104397328,0.011956924807361232,0.15625,16,12,4,5,0.25971472723493166,0.01295852514556438,0.0010016003382031478,0.0010016003382031478,0.13403980576953187,0.007472409650647362,True
4,6,16,2,0.011981431951708562,1e-05,0.010875651935758448,0.011848702911731806,0.09375,16,12,4,5,0.25789516076068303,0.016667781054236674,0.004819078142504868,0.004819078142504868,0.13321624079945588,0.03617485460920281,True
4,6,16,3,0.011981431951708562,1e-05,0.010808655466545702,0.011892180355787808,0.1171875,16,12,4,5,0.1947561733245826,0.013488900596993085,0.0015967202412052774,0.0015967202412052774,0.10069015677932257,0.015857759013174714,True
4,6,16,4,0.011981431951708562,1e-05,0.01077152133517355,0.011855718638629047,0.1328125,16,12,4,5,0.26331284285385614,0.01507797247067678,0.003222253832047734,0.003222253832047734,0.13574485939717232,0.02373757537749423,True
4,6,16,5,0.011981431951708562,1e-05,0.010795251836105071,0.011890273613029169,0.125,16,12,4,5,0.25450411876514406,0.013926855338312151,0.002036581725282982,0.002036581725282982,0.131446106899807,0.015493663321922028,True
4,6,16,7,0.011981431951708562,1e-05,0.01085024825274983,0.011957778436963582,0.1484375,16,12,4,5,0.6828690309290387,0.015599278514112313,0.0036415000771487308,0.0036415000771487308,0.35251228374662585,0.01033013669323966,True
4,6,32,1,0.011981431951708562,1e-05,0.010771715951139566,0.011946605491200718,0.15625,32,28,4,5,0.20087891807348765,0.01203171130295257,8.510581175185175e-05,8.510581175185175e-05,0.10410246898586431,0.0008175196283135989,True
4,6,32,2,0.011981431951708562,1e-05,0.01077202135936205,0.011991117077868953,0.171875,32,28,4,5,0.23005230366833943,0.012558086177356693,0.0005669690994877397,0.0005669690994877397,0.11879132954463238,0.004772815504811044,True
4,6,32,3,0.011981431951708562,1e-05,0.010792829354095673,0.011960934357867914,0.15625,32,28,4,5,0.23518687967656868,0.0140285649169111,0.002067630559043186,0.002067630559043186,0.12195036709865544,0.016954689093887792,True
4,6,32,4,0.011981431951708562,1e-05,0.010756715147478163,0.011893248942682628,0.1171875,32,28,4,5,0.09541156747063372,0.011899499620001629,6.250677319000544e-06,6.250677319000544e-06,0.049332544084416986,0.00012670494569070866,True
4,6,32,5,0.011981431951708562,1e-05,0.01072835209706825,0.011974896950171366,0.1875,32,28,4,5,0.2533830867185177,0.012597872762687758,0.0006229758125163923,0.0006229758125163923,0.13120652631818652,0.004748055070108518,True
4,6,32,7,0.011981431951708562,1e-05,0.010756810193545824,0.011894130214699108,0.109375,32,28,4,5,0.11043425548280719,0.011956180448739142,6.205023404003314e-05,6.205023404003314e-05,0.05721843177033237,0.001084444856669526,True
4,6,64,0,0.011981431951708562,1e-05,0.010802261055661696,0.011978985998242498,0.21875,64,60,4,5,0.18737507321587055,0.012029168025059876,5.018202681737749e-05,5.018202681737749e-05,0.09698038105797434,0.0005174451396244665,True
4,6,64,1,0.011981431951708562,1e-05,0.010755957814452202,0.011985567824912948,0.21875,64,60,4,5,0.13515716033531663,0.01215403143449039,0.00016846360957744298,0.00016846360957744298,0.06998821929345575,0.0024070280866996595,True
4,6,64,3,0.011981431951708562,1e-05,0.010774237423151405,0.011959318669964358,0.2109375,64,60,4,5,0.14530863031486005,0.011862120863827938,-9.719780613642003e-05,0.0,0.07527528264498562,0.0,True
4,6,64,4,0.011981431951708562,1e-05,0.010750724330298715,0.01191695002666848,0.2109375,64,60,4,5,0.14453886418032752,0.01195313609256168,3.6186065893199434e-05,3.6186065893199434e-05,0.07496641790109572,0.00048269701162646236,True
4,6,64,5,0.011981431951708562,1e-05,0.01081252054906325,0.011934158901422225,0.203125,64,60,4,5,0.14758191540586973,0.012151292404464938,0.00021713350304271295,0.00021713350304271295,0.07635851642963382,0.0028436055753231744,True
4,6,64,6,0.011981431951708562,1e-05,0.010738173073161604,0.011946022669327915,0.2265625,64,60,4,5,0.11639119103335617,0.01196026040461492,1.4237735287005171e-05,1.4237735287005171e-05,0.06027240636938228,0.00023622311012021886,True
4,6,128,0,0.011981431951708562,1e-05,0.010746395224501038,0.01196147511671135,0.2265625,128,124,4,5,0.10063138215829541,0.011955956236427579,-5.518880283770719e-06,0.0,0.05213956046631208,0.0,True
4,6,128,3,0.011981431951708562,1e-05,0.010763041369613549,0.011910872419560447,0.21875,128,124,4,5,0.10800177805714324,0.011905671793471417,-5.200626089029922e-06,0.0,0.05587548942456533,0.0,True
4,6,128,4,0.011981431951708562,1e-05,0.010753428375421904,0.011971954961826306,0.21875,128,124,4,5,0.09098487439129799,0.011956261749369913,-1.5693212456393407e-05,0.0,0.046998353581106135,0.0,True
4,6,128,5,0.011981431951708562,1e-05,0.010764766993657755,0.011906472930852927,0.2109375,128,124,4,5,0.09622514620175468,0.011948474547133025,4.200161628009798e-05,4.200161628009798e-05,0.04979373941476951,0.0008435119911407923,True
4,6,128,6,0.011981431951708562,1e-05,0.010784852344919861,0.011938596246207075,0.2109375,128,124,4,5,0.08945546390432171,0.011942125534392636,3.5292881855608638e-06,3.5292881855608638e-06,0.046336392883687565,7.616665791012246e-05,True
4,6,128,7,0.011981431951708562,1e-05,0.010765229807145484,0.011907891408555834,0.2109375,128,124,4,5,0.08367937669066597,0.011921078139702985,1.3186731147151604e-05,1.3186731147151604e-05,0.04339790911327387,0.00030385637042403625,True
4,7,16,0,0.011981431951708562,1e-05,0.010754556555275246,0.011929686776180006,0.171875,16,12,4,5,0.3395715769932508,0.01889531620259364,0.006965629426413633,0.006965629426413633,0.17594168398857293,0.03959055789682016,True
4,7,16,1,0.011981431951708562,1e-05,0.010782813638839116,0.011919673455492583,0.1171875,16,12,4,5,0.24436776143374092,0.015738909727856725,0.003819236272364142,0.003819236272364142,0.12618027703940218,0.030268092303930454,True
4,7,16,2,0.011981431951708562,1e-05,0.010839158303258423,0.011933480319759715,0.0859375,16,12,4,5,0.5864278942718466,0.018305328546877133,0.006371848227117418,0.006371848227117418,0.3025878168808256,0.021057847909411946,True
4,7,16,3,0.011981431951708562,1e-05,0.010815233738914786,0.011964815080187626,0.1171875,16,12,4,5,0.22622576464942304,0.01411131293657348,0.0021464978563858535,0.0021464978563858535,0.11703479657002333,0.018340680885462795,True
4,7,16,4,0.011981431951708562,1e-05,0.010782381944020852,0.01198747634265889,0.1640625,16,12,4,5,0.34068720941750225,0.017163779651334542,0.005176303308675653,0.005176303308675653,0.17594814908414824,0.029419481453027706,True
4,7,16,5,0.011981431951708562,1e-05,0.010878504872717142,0.011925683245095466,0.15625,16,12,4,5,0.3093698504833575,0.012506438540683895,0.0005807552955884292,0.0005807552955884292,0.15973126908287227,0.0036358272173191084,True
4,7,32,0,0.011981431951708562,1e-05,0.010773033468379057,0.011970759024092746,0.15625,32,28,4,5,0.19961191525855737,0.012143429134241634,0.00017267011014888804,0.00017267011014888804,0.10341629945799015,0.0016696604989141991,True
4,7,32,2,0.011981431951708562,1e-05,0.010737976902183683,0.011937091474065685,0.09375,32,28,4,5,0.11202889169904934,0.0123286767824957,0.00039158530843001575,0.00039158530843001575,0.05809061476815718,0.006740939306510253,True
4,7,32,3,0.011981431951708562,1e-05,0.010769995449047191,0.011991418659422784,0.140625,32,28,4,5,0.08739222209846731,0.012098650206430658,0.00010723154700787406,0.00010723154700787406,0.04516172553237737,0.00237438994510955,True
4,7,32,5,0.011981431951708562,1e-05,0.010755457138719936,0.011862162266795276,0.140625,32,28,4,5,0.15214529477933375,0.011898198770054222,3.6036503258946376e-05,3.6036503258946376e-05,0.07856647602259824,0.0004586753165380756,True
4,7,32,6,0.011981431951708562,1e-05,0.010754067002268658,0.011905983933910846,0.1796875,32,28,4,5,0.1446147156440441,0.011863348294636896,-4.2635639273950685e-05,0.0,0.07471894614629489,0.0,True
4,7,32,7,0.011981431951708562,1e-05,0.010747295543638131,0.011960413458386812,0.15625,32,28,4,5,0.20054774668437134,0.011966069892834089,5.656434447276482e-06,5.656434447276482e-06,0.10371122513014532,5.454023361674038e-05,True
4,7,64,0,0.011981431951708562,1e-05,0.010738935201795904,0.01192102162848571,0.21875,64,60,4,5,0.16817687961613334,0.011973968004781253,5.294637629554323e-05,5.294637629554323e-05,0.08679421898789275,0.0006100219221159064,True
4,7,64,1,0.011981431951708562,1e-05,0.010755990614793213,0.01194772026338558,0.21875,64,60,4,5,0.17095517676923225,0.011945169422230707,-2.550841154871919e-06,0.0,0.08835109119259615,0.0,True
4,7,64,2,0.011981431951708562,1e-05,0.010725944011451534,0.011909962040987281,0.21875,64,60,4,5,0.09730399389418214,0.011925822991209336,1.586095022205504e-05,1.586095022205504e-05,0.05038111656097359,0.0003148193471031825,True
4,7,64,3,0.011981431951708562,1e-05,0.01074042270102044,0.01198325424344195,0.21875,64,60,4,5,0.19055508140484093,0.012145729849128581,0.00016247560568663152,0.00016247560568663152,0.09847281344388266,0.0016499539314901626,True
4,7,64,5,0.011981431951708562,1e-05,0.010749160490278013,0.011903699256505926,0.21875,64,60,4,5,0.2230245888208105,0.012005248074336656,0.00010154881783073014,0.00010154881783073014,0.11559432264107329,0.0008784931258782041,True
4,7,64,7,0.011981431951708562,1e-05,0.01074603269864074,0.01191113739102681,0.21875,64,60,4,5,0.2265925169107368,0.012071852323792546,0.00016071493276573548,0.00016071493276573548,0.11723596707999902,0.0013708671218284696,True
4,7,128,1,0.011981431951708562,1e-05,0.010759311399008358,0.011908012960944493,0.21875,128,124,4,5,0.1285649916542684,0.011895175892570482,-1.2837068374011232e-05,0.0,0.0665742986416369,0.0,True
4,7,128,2,0.011981431951708562,1e-05,0.010737164875024734,0.011901740265347457,0.21875,128,124,4,5,0.0830615653105432,0.011909453674464767,7.71340911731068e-06,7.71340911731068e-06,0.0429967674983801,0.00017939509330791627,True
4,7,128,3,0.011981431951708562,1e-05,0.010768010746626559,0.011891902690717339,0.2109375,128,124,4,5,0.10878176853751088,0.011884727413704938,-7.175277012400755e-06,0.0,0.05636804639350639,0.0,True
4,7,128,4,0.011981431951708562,1e-05,0.010737878133172105,0.011971962198756864,0.21875,128,124,4,5,0.061757744939563694,0.011965070956051645,-6.8912427052189584e-06,0.0,0.03205558773078021,0.0,True
4,7,128,6,0.011981431951708562,1e-05,0.010747557194540812,0.011952344043481675,0.21875,128,124,4,5,0.0887976456559463,0.01194436256300863,-7.981480473045685e-06,0.0,0.04595296444578124,0.0,True
4,7,128,7,0.011981431951708562,1e-05,0.010729283082512017,0.011979775742026369,0.2265625,128,124,4,5,0.10091416806458578,0.011965852018532251,-1.3923723494117801e-05,0.0,0.05231959621076558,0.0,True
4,8,16,0,0.011981431951708562,1e-05,0.010821953159699206,0.011900610382238993,0.1015625,16,12,4,5,0.61725895834694,0.017011005418412096,0.005110395036173103,0.005110395036173103,0.318860292409957,0.01602706626638445,True
4,8,16,1,0.011981431951708562,1e-05,0.010768191486908716,0.01194631579358011,0.1640625,16,12,4,5,0.31921224966671324,0.01793373647468748,0.005987420681107369,0.005987420681107369,0.16487292053884772,0.03631536738440076,True
4,8,16,2,0.011981431951708562,1e-05,0.010854081458175036,0.01188483463452034,0.1328125,16,12,4,5,0.28429414688988514,0.016613794786640643,0.004728960152120303,0.004728960152120303,0.14688185732701953,0.0321956723463245,True
4,8,16,4,0.011981431951708562,1e-05,0.010781753865710501,0.01198175559537566,0.1015625,16,12,4,5,0.19547193516496622,0.014146967205370863,0.002165211609995202,0.002165211609995202,0.10096992481292576,0.021444124218244646,True
4,8,16,6,0.011981431951708562,1e-05,0.01077155420800769,0.011973613143614193,0.109375,16,12,4,5,0.7794744544022668,0.025641178502101777,0.013667565358487585,0.013667565358487585,0.40337959798895445,0.033882639148402935,True
4,8,16,7,0.011981431951708562,1e-05,0.010825429196547054,0.01186767184636799,0.078125,16,12,4,5,0.66490171298044,0.013089746555568646,0.0012220747092006566,0.0012220747092006566,0.34375170926244675,0.003555108749343352,True
4,8,32,0,0.011981431951708562,1e-05,0.01074618589916525,0.01195096647081004,0.1328125,32,28,4,5,0.17870500671688153,0.012510397506438982,0.0005594310356289416,0.0005594310356289416,0.092466293143897,0.006050107737728269,True
4,8,32,1,0.011981431951708562,1e-05,0.01075137183224684,0.011953350751692285,0.1796875,32,28,4,5,0.28284370673903214,0.01293252489448458,0.0009791741427922947,0.0009791741427922947,0.1464280577160311,0.0066870663864927685,True
4,8,32,2,0.011981431951708562,1e-05,0.010760574566198586,0.011975559101241871,0.15625,32,28,4,5,0.10716810391441059,0.011893715304111704,-8.184379713016728e-05,0.0,0.05540040908865299,0.0,True
4,8,32,4,0.011981431951708562,1e-05,0.01075817130463064,0.011915729907189854,0.1796875,32,28,4,5,0.19851046478644824,0.011928030562559732,1.2300655369877969e-05,1.2300655369877969e-05,0.10265043400427622,0.00011983052472399238,True
4,8,32,6,0.011981431951708562,1e-05,0.010774596061927908,0.011889217627767656,0.1796875,32,28,4,5,0.15215132880192778,0.01228667509466079,0.0003974574668931339,0.0003974574668931339,0.07861206075767703,0.005055934968023585,True
4,8,32,7,0.011981431951708562,1e-05,0.010748233300918513,0.01191101821778458,0.1171875,32,28,4,5,0.13850097402243502,0.011340175650505324,-0.000570842567279255,0.0,0.07167826110189424,0.0,True
4,8,64,1,0.011981431951708562,1e-05,0.010727238707196406,0.011920796219102097,0.1953125,64,60,4,5,0.1820557950487623,0.011736404545649089,-0.00018439167345300767,0.0,0.09420046577144563,0.0,True
4,8,64,2,0.011981431951708562,1e-05,0.010740884281129716,0.011964923088140981,0.21875,64,60,4,5,0.16724272980463692,0.01195593398668831,-8.98910145267183e-06,0.0,0.08653552399361143,0.0,True
4,8,64,3,0.011981431951708562,1e-05,0.010756818397421628,0.011947985929868609,0.21875,64,60,4,5,0.1894312123269357,0.012014116988009593,6.613105814098387e-05,6.613105814098387e-05,0.09787150709830564,0.0006756926515350323,True
4,8,64,4,0.011981431951708562,1e-05,0.010730867199841081,0.011903803878547597,0.21875,64,60,4,5,0.1815645721449319,0.011936761619852056,3.2957741304458915e-05,3.2957741304458915e-05,0.09397303296774485,0.00035071488344716163,True
4,8,64,6,0.011981431951708562,1e-05,0.010738600151135822,0.011901439963704762,0.1953125,64,60,4,5,0.16520567569321298,0.0121777241432594,0.0002762841795546384,0.0002762841795546384,0.08556168463004828,0.0032290642797560185,True
4,8,64,7,0.011981431951708562,1e-05,0.010759140441525684,0.011985347561041988,0.21875,64,60,4,5,0.15406021831732897,0.012164797926477372,0.00017945036543538448,0.00017945036543538448,0.0796371461757862,0.002253350026371822,True
4,8,128,0,0.011981431951708562,1e-05,0.010737617995477289,0.011887445995675318,0.2109375,128,124,4,5,0.10834825186759788,0.011874294970719613,-1.3151024955705345e-05,0.0,0.056150424808173664,0.0,True
4,8,128,1,0.011981431951708562,1e-05,0.010762632719414614,0.011928056924884335,0.21875,128,124,4,5,0.12182966972706451,0.011952309866794988,2.4252941910652553e-05,2.4252941910652553e-05,0.06304783058085711,0.0003846752804531287,True
4,8,128,3,0.011981431951708562,1e-05,0.010739949170004842,0.011963243605732608,0.2109375,128,124,4,5,0.10814295917221371,0.01199137413028377,2.8130524551162397e-05,2.8130524551162397e-05,0.05593527285078028,0.000502912082438693,True
4,8,128,4,0.011981431951708562,1e-05,0.010755721740878115,0.011979651928929256,0.21875,128,124,4,5,0.11016200507897651,0.011989966822153681,1.031489322442583e-05,1.031489322442583e-05,0.057128889746861006,0.00018055476432556771,True
4,8,128,6,0.011981431951708562,1e-05,0.010738063402388908,0.011946168630890838,0.21875,128,124,4,5,0.09926552563304061,0.011939290777768514,-6.877853122323405e-06,0.0,0.05140414330386819,0.0,True
4,8,128,7,0.011981431951708562,1e-05,0.010766156036768034,0.011929162696350706,0.21875,128,124,4,5,0.09243254264236835,0.01191850202398882,-1.0660672361885795e-05,0.0,0.047816055610963124,0.0,True
4,9,16,1,0.011981431951708562,1e-05,0.010818872022794229,0.011962243470506534,0.0859375,16,12,4,5,0.17124382364696003,0.014322844919299273,0.0023606014487927394,0.0023606014487927394,0.08830399268386732,0.026732669464265446,True
4,9,16,2,0.011981431951708562,1e-05,0.010795443468519933,0.011935320879590261,0.1328125,16,12,4,5,0.698292800122503,0.01814956571261472,0.006214244833024459,0.006214244833024459,0.36065872427097273,0.01723026344527168,True
4,9,16,4,0.011981431951708562,1e-05,0.010800889494134358,0.011988722881415453,0.1328125,16,12,4,5,0.2536630568162605,0.015279907009812578,0.0032911841283971253,0.0032911841283971253,0.1309594558982859,0.025131321032315034,True
4,9,16,5,0.011981431951708562,1e-05,0.010842455905827351,0.011875554672263465,0.109375,16,12,4,5,0.17081663933679195,0.011653993936591587,-0.00022156073567187844,0.0,0.08819443325959916,0.0,True
4,9,16,6,0.011981431951708562,1e-05,0.010792672704513853,0.011870688602068004,0.1171875,16,12,4,5,0.29297094737467577,0.015315772281229174,0.00344508367916117,0.00344508367916117,0.1511672487075308,0.022789881463189877,True
4,9,16,7,0.011981431951708562,1e-05,0.01078767457307238,0.01187512694829253,0.078125,16,12,4,5,0.9640067478321445,0.02347698556394997,0.01160185861565744,0.01160185861565744,0.4997770486418475,0.023214068447492107,True
4,9,32,0,0.011981431951708562,1e-05,0.010756335743952015,0.01196929664664408,0.15625,32,28,4,5,0.15898365576968637,0.01192544956909858,-4.384707754549917e-05,0.0,0.08225667953239292,0.0,True
4,9,32,2,0.011981431951708562,1e-05,0.010734500115825316,0.011949371816000436,0.1640625,32,28,4,5,0.20062509042220533,0.012671142959402568,0.0007217711434021317,0.0007217711434021317,0.10381334928744361,0.006952585080399011,True
4,9,32,3,0.011981431951708562,1e-05,0.010743957748134343,0.011944708383756672,0.125,32,28,4,5,0.14032126442040624,0.012018895308252986,7.418692449631323e-05,7.418692449631323e-05,0.07255342175250892,0.0010225144824923137,True
4,9,32,5,0.011981431951708562,1e-05,0.010739933704771866,0.011894195389394034,0.1328125,32,28,4,5,0.1570620421767031,0.011824407291795062,-6.978809759897175e-05,0.0,0.08124183710509884,0.0,True
4,9,32,6,0.011981431951708562,1e-05,0.010764807424877532,0.011939130858578426,0.1796875,32,28,4,5,0.18347863539055645,0.011948932700709292,9.801842130865296e-06,9.801842130865296e-06,0.09481872494936121,0.000103374540588898,True
4,9,32,7,0.011981431951708562,1e-05,0.010779396967234359,0.0119755788311158,0.1953125,32,28,4,5,0.23664564109839445,0.011970845155231296,-4.733675884504435e-06,0.0,0.12281523339463787,0.0,True
4,9,64,0,0.011981431951708562,1e-05,0.010752696774333758,0.011901911840067093,0.21875,64,60,4,5,0.13711132833874082,0.011924978721581098,2.306688151400456e-05,2.306688151400456e-05,0.07097462862604732,0.00032500179233821495,True
4,9,64,1,0.011981431951708562,1e-05,0.010733289954260873,0.01192868740148003,0.21875,64,60,4,5,0.16294406753091903,0.011925691245704669,-2.9961557753612617e-06,0.0,0.08454389265503341,0.0,True
4,9,64,2,0.011981431951708562,1e-05,0.01077499575147635,0.011917335108529927,0.2109375,64,60,4,5,0.13545644825022743,0.011917326194964831,-8.9135650960942e-09,0.0,0.07010744948603286,0.0,True
4,9,64,3,0.011981431951708562,1e-05,0.01072165605251277,0.011909024561823814,0.2109375,64,60,4,5,0.05411993344055711,0.011900661133483285,-8.363428340528792e-06,0.0,0.028037353853429443,0.0,True
4,9,64,5,0.011981431951708562,1e-05,0.010740444825445936,0.011893592711254154,0.21875,64,60,4,5,0.2046067294173201,0.011913082794379394,1.949008312523981e-05,1.949008312523981e-05,0.10609552444279985,0.00018370316021905012,True
4,9,64,7,0.011981431951708562,1e-05,0.010740750413491568,0.011933157874107354,0.21875,64,60,4,5,0.20991235624281485,0.011986198057658349,5.3040183550994574e-05,5.3040183550994574e-05,0.10872587297522249,0.00048783405549736894,True
4,9,128,0,0.011981431951708562,1e-05,0.01074523135368398,0.0119892554774424,0.21875,128,124,4,5,0.12150627013701343,0.011941248117272058,-4.800736017034242e-05,0.0,0.06283052841899743,0.0,True
4,9,128,1,0.011981431951708562,1e-05,0.010754554149442735,0.011910642369887165,0.21875,128,124,4,5,0.1310030206538976,0.011940945686724214,3.030331683704854e-05,3.030331683704854e-05,0.06783733037704069,0.00044670562164846907,True
4,9,128,4,0.011981431951708562,1e-05,0.010757374115316817,0.011990616758090832,0.21875,128,124,4,5,0.1326607945641042,0.012026063171273573,3.5446413182741235e-05,3.5446413182741235e-05,0.06870032659940539,0.00051595698211787,True
4,9,128,5,0.011981431951708562,1e-05,0.010763252360492595,0.011969504179462225,0.21875,128,124,4,5,0.10037053611783919,0.011954112014781084,-1.5392164681141476e-05,0.0,0.05197372007624022,0.0,True
4,9,128,6,0.011981431951708562,1e-05,0.010743027358164308,0.011890279037462015,0.21875,128,124,4,5,0.13265536347282367,0.011904628265331046,1.4349227869031242e-05,1.4349227869031242e-05,0.0686386823179691,0.00020905453578724543,True
4,9,128,7,0.011981431951708562,1e-05,0.010741287404242638,0.011895482943172907,0.2109375,128,124,4,5,0.11230637231797903,0.011898517169893997,3.0342267210905355e-06,3.0342267210905355e-06,0.05811755081010963,5.220844097516111e-05,True
