dataset,input_dim,replicate,width,level_type,threshold,optimization_proxy,eligible_models,pair_index,model_left,model_right,endpoint_left,endpoint_right,sampled_path_max,certified_path_upper,certificate_width,sampled_gap,certified_gap_upper,direct_sampled_max,direct_certified_upper,direct_certificate_width,direct_certified_gap_upper,proof_node_max,proof_certified_upper,proof_certificate_width,proof_certified_gap_upper,proof_path_nodes,proof_bridge_width,proof_reference_objective,certified_below_level,unresolved_segments,trained_midpoints,path_nodes
ridge_teacher,2,0,8,fixed,0.023693342832906743,0.023544170180673986,8,0,6,0,0.023550186049055493,0.02354867797188532,0.02370125364610779,0.023707234915650594,5.981269542803397e-06,7.910813201048028e-06,1.3892082743851425e-05,0.08565116418761418,0.08663722839701267,0.0009860642093984934,0.06294388556410593,0.14685812541710216,0.14685812541710216,0.0,0.12316478258419541,11,4,0.023635961278580517,False,9,19,80
ridge_teacher,2,0,8,fixed,0.023693342832906743,0.023544170180673986,8,1,7,1,0.023634385201405202,0.023584224275699218,0.023703023025328517,0.02370733860440034,4.315579071823006e-06,9.680192421774453e-06,1.3995771493597459e-05,0.08371203207884316,0.08475608174800342,0.0010440496691602602,0.06106273891509668,0.1638690974415391,0.1638690974415391,0.0,0.14017575460863235,11,4,0.023635961278580517,False,8,24,84
ridge_teacher,2,0,8,fixed,0.023693342832906743,0.023544170180673986,8,2,2,5,0.023638445230002816,0.023569183689822814,0.13066121970025685,0.1321451098607346,0.0014838901604777577,0.1069678768673501,0.10845176702782786,0.13066121970025685,0.1321451098607346,0.0014838901604777577,0.10845176702782786,0.16381224738727454,0.16381224738727454,0.0,0.1401189045543678,11,4,0.023635961278580517,False,1,0,2
ridge_teacher,2,0,8,moving,0.024678834633991516,0.023544170180673986,8,0,6,5,0.023550186049055493,0.023569183689822814,0.024684015158419635,0.024688899916739317,4.8847583196814925e-06,5.1805244281194485e-06,1.0065282747800941e-05,0.07977467675809952,0.08076079850750924,0.0009861217494097213,0.05608196387351772,0.14685704878768327,0.14685704878768327,0.0,0.12217821415369176,11,2,0.03785414326272296,False,1,13,42
ridge_teacher,2,0,8,moving,0.024678834633991516,0.023544170180673986,8,1,0,4,0.02354867797188532,0.023640675804019733,0.024652148942744714,0.02468619395325948,3.404501051476605e-05,0.0,7.359319267964681e-06,0.060925168381864465,0.06164949739743456,0.0007243290155700965,0.036970662763443046,0.14948632315871677,0.14948632315871677,0.0,0.12480748852472526,11,2,0.03785414326272296,True,0,8,12
ridge_teacher,2,0,8,moving,0.024678834633991516,0.023544170180673986,8,2,2,1,0.023638445230002816,0.023584224275699218,0.02468779315533655,0.024694613741828214,6.8205864916653924e-06,8.958521345033e-06,1.577910783669839e-05,0.0959291804766215,0.09712662527846352,0.0011974448018420292,0.07244779064447202,0.16381224738727454,0.16381224738727454,0.0,0.13913341275328303,11,2,0.03785414326272296,False,5,18,44
ridge_teacher,2,0,16,fixed,0.023693342832906743,0.023544170180673986,8,0,0,3,0.023582857905345447,0.02356120992230109,0.02369983707493625,0.02370723490674064,7.397831804391991e-06,6.494242029506797e-06,1.3892073833898788e-05,0.10890132008619527,0.11040346483815533,0.0015021447519600606,0.08671012200524858,0.02761342509040524,0.02761342509040524,0.0,0.0039200822574984966,41,4,0.023635961278580517,False,10,26,82
ridge_teacher,2,0,16,fixed,0.023693342832906743,0.023544170180673986,8,1,1,7,0.023549269926811944,0.023547162186307,0.023703075478358183,0.023707847504426994,4.772026068810414e-06,9.732645451440702e-06,1.4504671520251117e-05,0.0729345274318358,0.07394478862037522,0.0010102611885394186,0.05025144578746848,0.02372238557376,0.02372238557376,0.0,2.904274085325717e-05,53,4,0.023635961278580517,False,9,18,69
ridge_teacher,2,0,16,fixed,0.023693342832906743,0.023544170180673986,8,2,5,4,0.023592411298174666,0.02355917159357432,0.023700733618281747,0.023703532024569016,2.7984062872694893e-06,7.390785375004094e-06,1.0189191662273583e-05,0.0699578890814924,0.07096512406769047,0.0010072349861980634,0.047271781234783726,0.026540352543082325,0.026540352543082325,0.0,0.0028470097101755826,44,4,0.023635961278580517,False,3,19,76
ridge_teacher,2,0,16,moving,0.02426994349156344,0.023544170180673986,8,0,3,2,0.02356120992230109,0.023549559199851126,0.02426770021489723,0.024276616631973582,8.916417076350325e-06,0.0,6.6731404101405545e-06,0.0698558528404008,0.07088272977995808,0.0010268769395572752,0.04661278628839463,0.02761342509040524,0.02761342509040524,0.0,0.003343481598841798,47,4,0.023635961278580517,True,0,11,23
ridge_teacher,2,0,16,moving,0.02426994349156344,0.023544170180673986,8,1,4,1,0.02355917159357432,0.023549269926811944,0.024276231259829494,0.024282012127979962,5.780868150468549e-06,6.287768266052124e-06,1.2068636416520673e-05,0.06343137695167807,0.06443266170076895,0.0010012847490908777,0.0401627182092055,0.026540352543082325,0.026540352543082325,0.0,0.002270409051518884,50,4,0.023635961278580517,False,3,11,39
ridge_teacher,2,0,16,moving,0.02426994349156344,0.023544170180673986,8,2,6,7,0.023572777173643367,0.023547162186307,0.024268144271148047,0.024279418809365346,1.1274538217299207e-05,0.0,9.475317801904692e-06,0.08129335738985004,0.08237472600439755,0.0010813686145475093,0.0581047825128341,0.023752255786570156,0.023752255786570156,0.0,0.0,56,4,0.023635961278580517,True,0,12,34
ridge_teacher,2,0,32,fixed,0.023693342832906743,0.023544170180673986,8,0,7,4,0.023549164219229018,0.023573529616105596,0.023698958475395705,0.023704344207451194,5.385732055489256e-06,5.6156424889618195e-06,1.1001374544451076e-05,0.07442124578795427,0.07566648662236264,0.0012452408344083704,0.051973143789455896,0.023635961278580517,0.023635961278580517,0.0,0.0,117,4,0.023635961278580517,False,2,15,64
ridge_teacher,2,0,32,fixed,0.023693342832906743,0.023544170180673986,8,1,1,2,0.0235511230296818,0.02355313797675716,0.02369825466756681,0.023702559967090715,4.305299523905265e-06,4.911834660066561e-06,9.217134183971826e-06,0.07645192859848023,0.0775650409554518,0.0011131123569715767,0.05387169812254506,0.023635961278580517,0.023635961278580517,0.0,0.0,120,4,0.023635961278580517,True,0,13,53
ridge_teacher,2,0,32,fixed,0.023693342832906743,0.023544170180673986,8,2,6,0,0.023550311995154616,0.023574481953674183,0.023702750415065872,0.023706806214635407,4.055799569534918e-06,9.407582159129402e-06,1.346338172866432e-05,0.08304961500567272,0.08423447914374761,0.0011848641380748925,0.06054113631084087,0.023635961278580517,0.023635961278580517,0.0,0.0,111,4,0.023635961278580517,False,15,14,76
ridge_teacher,2,0,32,moving,0.024066275516647983,0.023544170180673986,8,0,4,7,0.023573529616105596,0.023549164219229018,0.024061908594687043,0.02407535784000551,1.344924531846911e-05,0.0,9.082323357528788e-06,0.07442124578795427,0.07566648662236264,0.0012452408344083704,0.05160021110571465,0.023573529616105596,0.023573529616105596,0.0,0.0,117,8,0.023551281598829917,True,0,12,33
ridge_teacher,2,0,32,moving,0.024066275516647983,0.023544170180673986,8,1,5,0,0.023549454979696613,0.023574481953674183,0.02406801838094893,0.0240758389577998,7.820576850871286e-06,1.7428643009458067e-06,9.563441151817093e-06,0.07306768963593771,0.07425977363675036,0.0011920840008126515,0.050193498120102376,0.023574481953674183,0.023574481953674183,0.0,0.0,123,8,0.023551281598829917,True,0,11,36
ridge_teacher,2,0,32,moving,0.024066275516647983,0.023544170180673986,8,2,3,1,0.0235912174721478,0.0235511230296818,0.024066126723736835,0.024073409022237778,7.282298500943529e-06,0.0,7.133505589795169e-06,0.07091163837109286,0.07194288003194171,0.00103124166084885,0.04787660451529373,0.0235912174721478,0.0235912174721478,0.0,0.0,117,8,0.023551281598829917,True,0,10,33
ridge_teacher,2,0,64,fixed,0.023693342832906743,0.023544170180673986,8,0,0,4,0.02356194155161936,0.02355637453183777,0.023702792470100383,0.023706606325021026,3.8138549206430394e-06,9.449637193639782e-06,1.3263492114282821e-05,0.08179454628416818,0.08314133554813033,0.0013467892639621448,0.05944799271522359,0.023635961278580517,0.023635961278580517,0.0,0.0,162,4,0.023635961278580517,False,19,15,82
ridge_teacher,2,0,64,fixed,0.023693342832906743,0.023544170180673986,8,1,3,1,0.023551884518670498,0.02355392087297035,0.023700868656603046,0.02370503284949583,4.164192892782553e-06,7.525823696303419e-06,1.1690016589085972e-05,0.07838640179151528,0.07965433089478992,0.0012679291032746398,0.055960988061883175,0.023635961278580517,0.023635961278580517,0.0,0.0,165,4,0.023635961278580517,False,4,15,60
ridge_teacher,2,0,64,fixed,0.023693342832906743,0.023544170180673986,8,2,7,6,0.02355182689431983,0.02355505257965912,0.02369335148764036,0.02370291635568723,9.564868046870595e-06,8.654733617274868e-09,9.57352278048787e-06,0.06892484366655525,0.07004903620723975,0.0011241925406844933,0.046355693374333005,0.023635961278580517,0.023635961278580517,0.0,0.0,159,4,0.023635961278580517,True,0,13,47
ridge_teacher,2,0,64,moving,0.02390644007339587,0.023544170180673986,8,0,3,7,0.023551884518670498,0.02355182689431983,0.0239156276742835,0.02391985182644152,4.224152158019412e-06,9.187600887628627e-06,1.341175304564804e-05,0.0688610883128826,0.06999590097758931,0.0011348126647067192,0.04608946090419344,0.023551884518670498,0.023551884518670498,0.0,0.0,159,8,0.023551281598829917,False,6,11,49
ridge_teacher,2,0,64,moving,0.02390644007339587,0.023544170180673986,8,1,4,2,0.02355637453183777,0.023549509516117742,0.023914737846435254,0.023919388452933735,4.650606498481785e-06,8.297773039383366e-06,1.2948379537865151e-05,0.06847776972566304,0.06955141941495938,0.0010736496892963382,0.0456449793415635,0.023556374531837773,0.023556374531837773,0.0,0.0,162,8,0.023551281598829917,False,4,11,37
ridge_teacher,2,0,64,moving,0.02390644007339587,0.023544170180673986,8,2,5,0,0.02355823620421705,0.02356194155161936,0.02391299390163726,0.023915867911113924,2.874009476665912e-06,6.553828241388088e-06,9.427837718054e-06,0.08184538056224183,0.08306337905677183,0.0012179984945299982,0.059156938983375956,0.02356194155161936,0.02356194155161936,0.0,0.0,165,8,0.023551281598829917,True,0,14,47
ridge_teacher,2,0,128,fixed,0.023693342832906743,0.023544170180673986,8,0,3,4,0.023554225753240548,0.023557182448068367,0.023702657525277133,0.023708973924724097,6.316399446964355e-06,9.314692370390038e-06,1.5631091817354392e-05,0.07872862172178065,0.08004033600562764,0.001311714283846993,0.0563469931727209,0.023635961278580517,0.023635961278580517,0.0,0.0,228,4,0.023635961278580517,False,10,14,81
ridge_teacher,2,0,128,fixed,0.023693342832906743,0.023544170180673986,8,1,7,2,0.023552754698296503,0.023548118398134497,0.02370162113851497,0.023707648714940924,6.027576425954306e-06,8.278305608226677e-06,1.4305882034180983e-05,0.0727934388283676,0.07410056783130352,0.0013071290029359195,0.050407224998396775,0.023635961278580517,0.023635961278580517,0.0,0.0,201,4,0.023635961278580517,False,8,14,67
ridge_teacher,2,0,128,fixed,0.023693342832906743,0.023544170180673986,8,2,0,5,0.02355076356484341,0.02355134237183053,0.023697160758974503,0.02370341954749744,6.258788522936487e-06,3.81792606776038e-06,1.0076714590696867e-05,0.0733734073991811,0.07460634660327663,0.0012329392040955206,0.050913003770369884,0.023635961278580517,0.023635961278580517,0.0,0.0,222,4,0.023635961278580517,False,1,13,50
ridge_teacher,2,0,128,moving,0.02380297805490744,0.023544170180673986,8,0,7,6,0.023552754698296503,0.02355360179957769,0.023801598492509984,0.02381045272219683,8.854229686845044e-06,0.0,7.4746672893907795e-06,0.06733369731437976,0.06850735683383831,0.001173659519458553,0.04470437877893087,0.02355360179957769,0.02355360179957769,0.0,0.0,213,8,0.023551281598829917,True,0,13,40
ridge_teacher,2,0,128,moving,0.02380297805490744,0.023544170180673986,8,1,5,1,0.02355134237183053,0.023550460861684237,0.023801800381631856,0.023812525108667992,1.0724727036136306e-05,0.0,9.547053760553675e-06,0.06013914890941889,0.06126150507130353,0.0011223561618846425,0.0374585270163961,0.023551342371830535,0.023551342371830535,0.0,0.0,231,8,0.023551281598829917,True,0,11,36
ridge_teacher,2,0,128,moving,0.02380297805490744,0.023544170180673986,8,2,3,4,0.023554225753240548,0.023557182448068367,0.023803154142011285,0.023812881736199994,9.727594188709693e-06,1.7608710384600657e-07,9.9036812925557e-06,0.07872862172178065,0.08004033600562764,0.001311714283846993,0.0562373579507202,0.02355718244806837,0.02355718244806837,0.0,0.0,228,8,0.023551281598829917,True,0,14,50
ridge_teacher,2,1,8,fixed,0.023693342832906743,0.023544170180673986,7,0,7,2,0.02355114649778281,0.023556699455433018,0.053427191770731845,0.05406441234062564,0.0006372205698937927,0.029733848937825103,0.030371069507718895,0.08582959194625918,0.08690703081388072,0.001077438867621544,0.06321368798097399,0.16366080083376622,0.16366080083376622,0.0,0.13996745800085947,11,4,0.023635961278580517,False,4,11,37
ridge_teacher,2,1,8,fixed,0.023693342832906743,0.023544170180673986,7,1,5,0,0.02366848152267964,0.023687772354806062,0.02370266725130955,0.023705046729439405,2.3794781298554224e-06,9.324418402806983e-06,1.1703896532662406e-05,0.05841819503825427,0.05928325296154105,0.0008650579232867828,0.03558991012863431,0.16119981596063235,0.16119981596063235,0.0,0.1375064731277256,11,4,0.023635961278580517,False,10,20,81
ridge_teacher,2,1,8,fixed,0.023693342832906743,0.023544170180673986,7,2,1,6,0.023637402365663272,0.023642376832677912,0.023702891660401255,0.023707760228287158,4.868567885903119e-06,9.548827494511997e-06,1.4417395380415116e-05,0.12603081653794782,0.1276096797177047,0.0015788631797568897,0.10391633688479796,0.1611535941014451,0.1611535941014451,0.0,0.13746025126853836,11,4,0.023635961278580517,False,11,27,96
ridge_teacher,2,1,8,moving,0.024678834633991516,0.023544170180673986,8,0,4,7,0.023583273725880628,0.02355114649778281,0.02468046348016943,0.024687836752844083,7.37327267465171e-06,1.6288461779159769e-06,9.002118852567687e-06,0.049610434483968374,0.050228923648377694,0.0006184891644093193,0.025550089014386178,0.15285446741311098,0.15285446741311098,0.0,0.12817563277911947,11,2,0.03785414326272296,True,0,8,24
ridge_teacher,2,1,8,moving,0.024678834633991516,0.023544170180673986,8,1,0,5,0.023687772354806062,0.02366848152267964,0.02468019981582078,0.024687781836525757,7.582020704978432e-06,1.3651818292631512e-06,8.947202534241583e-06,0.05841819503825427,0.05928325296154105,0.0008650579232867828,0.034604418327549534,0.16119981596063235,0.16119981596063235,0.0,0.13652098132664084,11,2,0.03785414326272296,True,0,9,21
ridge_teacher,2,1,8,moving,0.024678834633991516,0.023544170180673986,8,2,2,3,0.023556699455433018,0.023708817101338965,0.024681170783298102,0.024688304430502746,7.1336472046434896e-06,2.3361493065865435e-06,9.469796511230033e-06,0.08210465212379713,0.08316918487559649,0.0010645327517993658,0.058490350241604976,0.16366080083376622,0.16366080083376622,0.0,0.1389819661997747,11,2,0.03785414326272296,True,0,7,24
ridge_teacher,2,1,16,fixed,0.023693342832906743,0.023544170180673986,8,0,0,3,0.023560670064076476,0.023548671061334372,0.023700212707884378,0.023704594169096246,4.381461211868526e-06,6.86987497763511e-06,1.1251336189503636e-05,0.07008611594163769,0.07109247728088963,0.0010063613392519433,0.04739913444798289,0.023961829872802407,0.023961829872802407,0.0,0.00026848703989566444,62,4,0.023635961278580517,False,4,18,67
ridge_teacher,2,1,16,fixed,0.023693342832906743,0.023544170180673986,8,1,4,5,0.02357452674530202,0.023559540730797954,0.0237013414040984,0.02370897453228337,7.633128184969529e-06,7.998571191658588e-06,1.5631699376628116e-05,0.09441654565718456,0.09566889976238052,0.0012523541051959602,0.07197555692947377,0.023815373154607803,0.023815373154607803,0.0,0.00012203032170106029,50,4,0.023635961278580517,False,8,25,86
ridge_teacher,2,1,16,fixed,0.023693342832906743,0.023544170180673986,8,2,1,6,0.023552800764547292,0.023552304001361823,0.02369989454068492,0.02370404778209895,4.153241414030923e-06,6.5517077781768185e-06,1.0704949192207741e-05,0.05918325486099174,0.06011520329443447,0.000931948433442728,0.036421860461527726,0.023777537271446197,0.023777537271446197,0.0,8.419443853945399e-05,44,4,0.023635961278580517,False,3,18,64
ridge_teacher,2,1,16,moving,0.02426994349156344,0.023544170180673986,8,0,5,6,0.023559540730797954,0.023552304001361823,0.024272037827791748,0.024279398447059324,7.360619267576113e-06,2.094336228306709e-06,9.454955495882822e-06,0.06953547999049652,0.07052699649687186,0.0009915165063753423,0.04625705300530841,0.023815373154607803,0.023815373154607803,0.0,0.0,44,4,0.023635961278580517,True,0,10,31
ridge_teacher,2,1,16,moving,0.02426994349156344,0.023544170180673986,8,1,1,7,0.023552800764547292,0.023558988649415774,0.02426991227071637,0.024277963715218797,8.051444502426425e-06,0.0,8.020223655355596e-06,0.09963622969398007,0.10081375663780313,0.0011775269438230596,0.07654381314623969,0.023635961278580517,0.023635961278580517,0.0,0.0,61,4,0.023635961278580517,True,0,14,43
ridge_teacher,2,1,16,moving,0.02426994349156344,0.023544170180673986,8,2,2,3,0.023653624872355568,0.023548671061334372,0.024273294041547103,0.024279651967712857,6.357926165753702e-06,3.3505499836619657e-06,9.708476149415668e-06,0.09014147710332587,0.09151718660731456,0.0013757095039886869,0.06724724311575112,0.02378172571800874,0.02378172571800874,0.0,0.0,72,4,0.023635961278580517,True,0,13,47
ridge_teacher,2,1,32,fixed,0.023693342832906743,0.023544170180673986,8,0,4,1,0.023549066799334804,0.023545866557493106,0.023700457741668075,0.023705049434151068,4.591692482992793e-06,7.1149087613325834e-06,1.1706601244325376e-05,0.07779746390599387,0.07904083129503389,0.0012433673890400176,0.05534748846212715,0.023635961278580517,0.023635961278580517,0.0,0.0,114,4,0.023635961278580517,False,6,14,66
ridge_teacher,2,1,32,fixed,0.023693342832906743,0.023544170180673986,8,1,3,5,0.023549803775902156,0.023556282640673224,0.023695021590176293,0.023703099230339114,8.077640162820754e-06,1.6787572695506348e-06,9.756397432371389e-06,0.08356625096068485,0.08482714523708224,0.0012608942763973896,0.06113380240417549,0.023635961278580517,0.023635961278580517,0.0,0.0,111,4,0.023635961278580517,True,0,16,57
ridge_teacher,2,1,32,fixed,0.023693342832906743,0.023544170180673986,8,2,0,7,0.02355011321962652,0.023550500787510954,0.023701757655043898,0.02370683572971166,5.078074667763666e-06,8.41482213715522e-06,1.3492896804918886e-05,0.07770910023140579,0.07891413634419366,0.001205036112787869,0.05522079351128691,0.023635961278580517,0.023635961278580517,0.0,0.0,111,4,0.023635961278580517,False,11,15,76
ridge_teacher,2,1,32,moving,0.024066275516647983,0.023544170180673986,8,0,7,4,0.023550500787510954,0.023549066799334804,0.024072168631428817,0.02407803892329721,5.870291868392136e-06,5.893114780834013e-06,1.1763406649226149e-05,0.07138138363543649,0.07254474507174208,0.0011633614363055905,0.04847846955509409,0.023551281598829917,0.023551281598829917,0.0,0.0,117,8,0.023551281598829917,False,3,11,43
ridge_teacher,2,1,32,moving,0.024066275516647983,0.023544170180673986,8,1,2,5,0.023547295077631078,0.023556282640673224,0.024067473714848728,0.024076041075639286,8.567360790558143e-06,1.1981982007448766e-06,9.76555899130302e-06,0.08518798130793562,0.08643800274992372,0.0012500214419881028,0.062371727233275734,0.023556282640673224,0.023556282640673224,0.0,0.0,111,8,0.023551281598829917,True,0,12,43
ridge_teacher,2,1,32,moving,0.024066275516647983,0.023544170180673986,8,2,3,6,0.023549803775902156,0.023556110284423053,0.024063841745843646,0.024072452105055094,8.610359211447954e-06,0.0,6.1765884071113275e-06,0.06269241925636526,0.06372139854488738,0.0010289792885221222,0.0396551230282394,0.023556110284423053,0.023556110284423053,0.0,0.0,102,8,0.023551281598829917,True,0,12,34
ridge_teacher,2,1,64,fixed,0.023693342832906743,0.023544170180673986,8,0,4,0,0.023557819869494987,0.023550635958409366,0.023699031295254733,0.023704643447762828,5.61215250809502e-06,5.688462347989975e-06,1.1300614856084995e-05,0.07617291299491841,0.07740874118487794,0.0012358281899595286,0.05371539835197119,0.023635961278580517,0.023635961278580517,0.0,0.0,171,4,0.023635961278580517,False,3,13,60
ridge_teacher,2,1,64,fixed,0.023693342832906743,0.023544170180673986,8,1,3,6,0.023550279250659084,0.023557512255465065,0.023700363035946078,0.023706241931332833,5.878895386755151e-06,7.020203039335288e-06,1.2899098426090438e-05,0.07527623210581892,0.07643504785316865,0.0011588157473497313,0.05274170502026191,0.023635961278580517,0.023635961278580517,0.0,0.0,168,4,0.023635961278580517,False,5,13,59
ridge_teacher,2,1,64,fixed,0.023693342832906743,0.023544170180673986,8,2,7,5,0.023552485709522557,0.023550689138976642,0.023695285342738067,0.023703226191210593,7.940848472526296e-06,1.942509831324296e-06,9.883358303850592e-06,0.06216762269176073,0.06318605108457089,0.0010184283928101542,0.03949270825166414,0.023635961278580517,0.023635961278580517,0.0,0.0,180,4,0.023635961278580517,True,0,13,42
ridge_teacher,2,1,64,moving,0.02390644007339587,0.023544170180673986,8,0,1,7,0.02354721242929545,0.023552485709522557,0.023916152617507395,0.023920914619900584,4.762002393188247e-06,9.712544111525195e-06,1.4474546504713443e-05,0.07276671388192774,0.07397254652377107,0.0012058326418433324,0.050066106450375195,0.023552485709522557,0.023552485709522557,0.0,0.0,150,8,0.023551281598829917,False,4,13,41
ridge_teacher,2,1,64,moving,0.02390644007339587,0.023544170180673986,8,1,3,6,0.023550279250659084,0.023557512255465065,0.02391064171937888,0.02391628156187704,5.6398424981597695e-06,4.201645983008956e-06,9.841488481168725e-06,0.07527623210581892,0.07643504785316865,0.0011588157473497313,0.05252860777977278,0.023557512255465065,0.023557512255465065,0.0,0.0,168,8,0.023551281598829917,True,0,10,47
ridge_teacher,2,1,64,moving,0.02390644007339587,0.023544170180673986,8,2,4,2,0.023557819869494987,0.02355684909421035,0.023913802405704187,0.023919073340947384,5.27093524319705e-06,7.3623323083166214e-06,1.2633267551513672e-05,0.07436532065927236,0.07559443698923118,0.0012291163299588265,0.05168799691583531,0.023557819869494987,0.023557819869494987,0.0,0.0,177,8,0.023551281598829917,False,4,15,45
ridge_teacher,2,1,128,fixed,0.023693342832906743,0.023544170180673986,8,0,6,2,0.02355124514577531,0.02355640830787089,0.023698918124612518,0.023704084915650903,5.1667910383849935e-06,5.5752917057748375e-06,1.0742082744159831e-05,0.07352012859801263,0.07475275575976882,0.0012326271617561918,0.05105941292686208,0.023635961278580517,0.023635961278580517,0.0,0.0,216,4,0.023635961278580517,False,4,16,61
ridge_teacher,2,1,128,fixed,0.023693342832906743,0.023544170180673986,8,1,3,4,0.023554850991716655,0.023556383938113067,0.023692576777469845,0.02370205893199632,9.482154526473108e-06,0.0,8.716099089575713e-06,0.0682859516075956,0.06944360274986533,0.0011576511422697333,0.04575025991695859,0.023635961278580517,0.023635961278580517,0.0,0.0,228,4,0.023635961278580517,True,0,13,46
ridge_teacher,2,1,128,fixed,0.023693342832906743,0.023544170180673986,8,2,0,7,0.023551507614225496,0.023547004096110248,0.023692683771556623,0.02370326949916285,1.0585727606225726e-05,0.0,9.92666625610622e-06,0.06634462939334278,0.067442440671742,0.0010978112783992244,0.04374909783883526,0.023635961278580517,0.023635961278580517,0.0,0.0,210,4,0.023635961278580517,True,0,13,44
ridge_teacher,2,1,128,moving,0.02380297805490744,0.023544170180673986,8,0,3,0,0.023554850991716655,0.023551507614225496,0.023804242713302844,0.023812743525133365,8.500811830521038e-06,1.2646583954049884e-06,9.765470225926026e-06,0.08220728916069094,0.08351491312223407,0.0013076239615431307,0.059711935067326624,0.023554850991716655,0.023554850991716655,0.0,0.0,225,8,0.023551281598829917,True,0,15,53
ridge_teacher,2,1,128,moving,0.02380297805490744,0.023544170180673986,8,1,4,5,0.023556383938113067,0.023551301045122465,0.023802375977696882,0.02381243831287057,1.0062335173689069e-05,0.0,9.460257963132823e-06,0.07383657751310686,0.0751123473942143,0.001275769881107433,0.051309369339306854,0.02355638393811307,0.02355638393811307,0.0,0.0,234,8,0.023551281598829917,True,0,13,48
ridge_teacher,2,1,128,moving,0.02380297805490744,0.023544170180673986,8,2,1,2,0.02355400217218478,0.02355640830787089,0.023810531270471412,0.023817137929861093,6.606659389681024e-06,7.553215563973342e-06,1.4159874953654367e-05,0.07350849745402914,0.07466108254846583,0.0011525850944366922,0.05085810449355839,0.02355640830787089,0.02355640830787089,0.0,0.0,240,8,0.023551281598829917,False,6,13,50
ridge_teacher,2,2,8,fixed,0.023693342832906743,0.023544170180673986,8,0,0,2,0.023556840080139266,0.023634847481769212,0.023701595620584357,0.02371616477427738,1.4569153693022585e-05,8.252787677614365e-06,2.282194137063695e-05,0.11494733645813603,0.11646395763922858,0.0015166211810925534,0.09277061480632184,0.16132127443975838,0.16132127443975838,0.0,0.13762793160685163,11,4,0.023635961278580517,False,21,28,90
ridge_teacher,2,2,8,fixed,0.023693342832906743,0.023544170180673986,8,1,3,1,0.023552936216399114,0.023645469407869765,0.023700554408411022,0.023704654501263096,4.100092852073189e-06,7.211575504279671e-06,1.131166835635286e-05,0.0670514386417986,0.06797263013256083,0.0009211914907622243,0.04427928729965409,0.1638369106186323,0.1638369106186323,0.0,0.14014356778572554,11,4,0.023635961278580517,False,4,17,66
ridge_teacher,2,2,8,fixed,0.023693342832906743,0.023544170180673986,8,2,5,7,0.023551745096161696,0.02363406758076742,0.023702974332614646,0.023708324325051967,5.349992437321538e-06,9.631499707903057e-06,1.4981492145224595e-05,0.10627459488738406,0.10770606477108803,0.0014314698837039758,0.0840127219381813,0.1638156446444662,0.1638156446444662,0.0,0.14012230181155946,11,4,0.023635961278580517,False,14,23,82
ridge_teacher,2,2,8,moving,0.024678834633991516,0.023544170180673986,8,0,2,0,0.023634847481769212,0.023556840080139266,0.024682342688038934,0.024707959840678088,2.56171526391534e-05,3.5080540474186073e-06,2.9125206686572008e-05,0.11494733645813603,0.11646395763922858,0.0015166211810925534,0.09178512300523706,0.16132127443975838,0.16132127443975838,0.0,0.13664243980576687,11,2,0.03785414326272296,False,4,18,47
ridge_teacher,2,2,8,moving,0.024678834633991516,0.023544170180673986,8,1,4,5,0.023548353767375067,0.023551745096161696,0.02462580642267072,0.02467924959761621,5.344317494548889e-05,0.0,4.14963624694592e-07,0.02998214546631442,0.030320663278366456,0.0003385178120520367,0.00564182864437494,0.12235537546724451,0.12235537546724451,0.0,0.097676540833253,11,2,0.03785414326272296,True,0,3,5
ridge_teacher,2,2,8,moving,0.024678834633991516,0.023544170180673986,8,2,6,1,0.0236902490016405,0.023645469407869765,0.02468573794366683,0.02468994596524517,4.208021578338411e-06,6.903309675315716e-06,1.1111331253654128e-05,0.04092587049419189,0.04155087046685793,0.0006249999726660391,0.016872035832866415,0.1638369106186323,0.1638369106186323,0.0,0.13915807598464078,11,2,0.03785414326272296,False,3,5,23
ridge_teacher,2,2,16,fixed,0.023693342832906743,0.023544170180673986,8,0,6,7,0.02354745861393162,0.02354855539807378,0.023701199885548696,0.023707457146457302,6.257260908606316e-06,7.8570526419533e-06,1.4114313550559615e-05,0.1017051961010933,0.10310275873516501,0.0013975626340717168,0.07940941590225828,0.0237239707875493,0.0237239707875493,0.0,3.06279546425578e-05,58,4,0.023635961278580517,False,11,23,78
ridge_teacher,2,2,16,fixed,0.023693342832906743,0.023544170180673986,8,1,2,0,0.023569418340830935,0.023546256420025998,0.02370315444791711,0.023707475470120302,4.3210222031922485e-06,9.81161501036748e-06,1.4132637213559729e-05,0.07338555331459358,0.07453301080604412,0.0011474574914505375,0.050839667973137374,0.12232304158763295,0.12232304158763295,0.0,0.09862969875472621,43,4,0.023635961278580517,False,13,19,86
ridge_teacher,2,2,16,fixed,0.023693342832906743,0.023544170180673986,8,2,1,5,0.023561875697761726,0.023552362701955497,0.023702452172940407,0.023706108049938102,3.655876997694929e-06,9.10934003366462e-06,1.276521703135955e-05,0.06654635370738804,0.06750479373161683,0.0009584400242287905,0.04381145089871009,0.023635961278580517,0.023635961278580517,0.0,0.0,66,4,0.023635961278580517,False,7,15,64
ridge_teacher,2,2,16,moving,0.02426994349156344,0.023544170180673986,8,0,3,2,0.023545903316808267,0.023569418340830935,0.024279431415394553,0.024285941460928922,6.51004553436918e-06,9.4879238311113e-06,1.599796936548048e-05,0.1052281961485664,0.1066297719487536,0.0014015758001871964,0.08235982845719016,0.03785414326272296,0.03785414326272296,0.0,0.01358419977115952,61,2,0.03785414326272296,False,4,17,50
ridge_teacher,2,2,16,moving,0.02426994349156344,0.023544170180673986,8,1,4,1,0.023547744770523904,0.023561875697761726,0.024274930243928215,0.02427963227982667,4.702035898456608e-06,4.986752364773139e-06,9.688788263229747e-06,0.06111541362009043,0.0619816863089832,0.0008662726888927705,0.03771174281741976,0.023635961278580517,0.023635961278580517,0.0,0.0,58,4,0.023635961278580517,True,0,12,48
ridge_teacher,2,2,16,moving,0.02426994349156344,0.023544170180673986,8,2,0,7,0.023546256420025998,0.02354855539807378,0.024272516556911004,0.024279142458585316,6.625901674311291e-06,2.573065347562936e-06,9.198967021874227e-06,0.08346922004867316,0.08469406641833369,0.001224846369660526,0.06042412292677024,0.0237239707875493,0.0237239707875493,0.0,0.0,67,4,0.023635961278580517,True,0,12,43
ridge_teacher,2,2,32,fixed,0.023693342832906743,0.023544170180673986,8,0,2,3,0.02355226464635026,0.023582232435005988,0.023695233743917236,0.023703037846357935,7.80410244069843e-06,1.8909110104936566e-06,9.695013451192086e-06,0.05936061244473259,0.0603713498834374,0.0010107374387048063,0.036678007050530655,0.023635961278580517,0.023635961278580517,0.0,0.0,114,4,0.023635961278580517,True,0,14,54
ridge_teacher,2,2,32,fixed,0.023693342832906743,0.023544170180673986,8,1,6,4,0.023555239451707975,0.02355040111529272,0.02370054332671427,0.02370430159647738,3.758269763107225e-06,7.200493807528463e-06,1.0958763570635688e-05,0.06857634072089128,0.06974660854508613,0.0011702678241948539,0.04605326571217939,0.023635961278580517,0.023635961278580517,0.0,0.0,123,4,0.023635961278580517,False,4,15,62
ridge_teacher,2,2,32,fixed,0.023693342832906743,0.023544170180673986,8,2,1,7,0.023561214841041612,0.023556891344074633,0.023703160980979923,0.02370940450297872,6.24352199879788e-06,9.818148073180433e-06,1.6061670071978312e-05,0.09119540170914474,0.09249492175638635,0.0012995200472416119,0.0688015789234796,0.023635961278580517,0.023635961278580517,0.0,0.0,129,4,0.023635961278580517,False,13,22,72
ridge_teacher,2,2,32,moving,0.024066275516647983,0.023544170180673986,8,0,1,5,0.023561214841041612,0.02355107592763869,0.024071525805227926,0.024075810890317025,4.285085089098667e-06,5.250288579942974e-06,9.535373669041641e-06,0.08357286388163261,0.08490639741501356,0.0013335335333809484,0.06084012189836557,0.023561214841041612,0.023561214841041612,0.0,0.0,129,8,0.023551281598829917,True,0,13,43
ridge_teacher,2,2,32,moving,0.024066275516647983,0.023544170180673986,8,1,0,7,0.02360757532780962,0.023556891344074633,0.024068315773954754,0.024075516492625328,7.200718670573314e-06,2.0402573067714036e-06,9.240975977344718e-06,0.07241824840768951,0.07353558217991357,0.0011173337722240606,0.049469306663265586,0.02360757532780962,0.02360757532780962,0.0,0.0,111,8,0.023551281598829917,True,0,12,32
ridge_teacher,2,2,32,moving,0.024066275516647983,0.023544170180673986,8,2,4,3,0.02355040111529272,0.023582232435005988,0.024064190131888204,0.024075222602391987,1.1032470503782865e-05,0.0,8.94708574400438e-06,0.07329782505443955,0.07444994892475786,0.0011521238703183084,0.05038367340810987,0.02358223243500599,0.02358223243500599,0.0,0.0,105,8,0.023551281598829917,True,0,12,42
ridge_teacher,2,2,64,fixed,0.023693342832906743,0.023544170180673986,8,0,1,6,0.023547119558423292,0.023555880482932834,0.02369931956126335,0.023705864206117346,6.5446448539938085e-06,5.976728356608951e-06,1.252137321060276e-05,0.09015462762698627,0.09148983426570356,0.0013352066387172928,0.06779649143279681,0.023635961278580517,0.023635961278580517,0.0,0.0,153,4,0.023635961278580517,False,4,17,57
ridge_teacher,2,2,64,fixed,0.023693342832906743,0.023544170180673986,8,1,4,7,0.02355065232651562,0.023558059289762553,0.02369807528458349,0.02370331888743914,5.243602855649343e-06,4.732451676748434e-06,9.976054532397777e-06,0.07169379236043845,0.07274367045242834,0.001049878091989892,0.0490503276195216,0.023635961278580517,0.023635961278580517,0.0,0.0,165,4,0.023635961278580517,True,0,16,50
ridge_teacher,2,2,64,fixed,0.023693342832906743,0.023544170180673986,8,2,3,5,0.023561726201985884,0.023549521200285264,0.02370096037739181,0.023708291565108165,7.331187716355658e-06,7.617544485066102e-06,1.494873220142176e-05,0.08678369595766794,0.08810306066839745,0.0013193647107295065,0.06440971783549071,0.023635961278580517,0.023635961278580517,0.0,0.0,162,4,0.023635961278580517,False,12,17,79
ridge_teacher,2,2,64,moving,0.02390644007339587,0.023544170180673986,8,0,2,6,0.023556264118334103,0.023555880482932834,0.023911845608908626,0.023917490421201976,5.6448122933497324e-06,5.40553551275566e-06,1.1050347806105393e-05,0.08434327129254833,0.0856518933093506,0.0013086220168022633,0.06174545323595472,0.023556264118334107,0.023556264118334107,0.0,0.0,156,8,0.023551281598829917,False,3,13,49
ridge_teacher,2,2,64,moving,0.02390644007339587,0.023544170180673986,8,1,1,4,0.023547119558423292,0.02355065232651562,0.023915148798119363,0.02391890930004577,3.7605019264086437e-06,8.708724723492656e-06,1.24692266499013e-05,0.07529632326003874,0.07651620814484925,0.001219884884810507,0.05260976807145337,0.02355065232651562,0.02355065232651562,0.0,0.0,150,16,0.02354699342519222,False,6,12,45
ridge_teacher,2,2,64,moving,0.02390644007339587,0.023544170180673986,8,2,3,7,0.023561726201985884,0.023558059289762553,0.023905756087007575,0.023916344994772586,1.058890776501134e-05,0.0,9.904921376716058e-06,0.08632965425074929,0.08758679809612693,0.0012571438453776451,0.06368035802273106,0.023561726201985884,0.023561726201985884,0.0,0.0,165,8,0.023551281598829917,True,0,13,39
ridge_teacher,2,2,128,fixed,0.023693342832906743,0.023544170180673986,8,0,4,2,0.023552607835909435,0.023553364719756418,0.023703140833579557,0.02370845198619037,5.311152610813774e-06,9.798000672814333e-06,1.5109153283628107e-05,0.0816748503725943,0.08301442185202171,0.0013395714794274122,0.059321079019114965,0.023635961278580517,0.023635961278580517,0.0,0.0,207,4,0.023635961278580517,False,8,17,60
ridge_teacher,2,2,128,fixed,0.023693342832906743,0.023544170180673986,8,1,1,0,0.023551981740374407,0.02355177164736929,0.023699587371138718,0.023704739662407028,5.152291268309406e-06,6.2445382319753495e-06,1.1396829500284755e-05,0.08039944686059107,0.0816255530610299,0.0012261062004388368,0.057932210228123164,0.023635961278580517,0.023635961278580517,0.0,0.0,210,4,0.023635961278580517,False,5,14,65
ridge_teacher,2,2,128,fixed,0.023693342832906743,0.023544170180673986,8,2,5,6,0.023551594359318567,0.02355061634795958,0.023703056652215306,0.02370797529933443,4.918647119125236e-06,9.713819308563437e-06,1.4632466427688673e-05,0.075805704477531,0.07702334568668395,0.0012176412091529504,0.05333000285377721,0.023635961278580517,0.023635961278580517,0.0,0.0,216,4,0.023635961278580517,False,18,15,79
ridge_teacher,2,2,128,moving,0.02380297805490744,0.023544170180673986,8,0,7,0,0.023548467189642555,0.02355177164736929,0.023799677815158477,0.02381247712664402,1.2799311485543058e-05,0.0,9.499071736581571e-06,0.07718116664949506,0.07842818025391488,0.001247013604419811,0.05462520219900743,0.02355177164736929,0.02355177164736929,0.0,0.0,225,8,0.023551281598829917,True,0,13,38
ridge_teacher,2,2,128,moving,0.02380297805490744,0.023544170180673986,8,1,5,4,0.023551594359318567,0.023552607835909435,0.023800300133955943,0.02381242827877023,1.2128144814285702e-05,0.0,9.450223862790541e-06,0.0662950167278003,0.06749673571455278,0.0012017189867524758,0.04369375765964534,0.023552607835909435,0.023552607835909435,0.0,0.0,213,8,0.023551281598829917,True,0,13,31
ridge_teacher,2,2,128,moving,0.02380297805490744,0.023544170180673986,8,2,1,6,0.023551981740374407,0.02355061634795958,0.023808925238663858,0.02381480447450093,5.879235837072394e-06,5.9471837564190055e-06,1.18264195934914e-05,0.08378620887657931,0.08510135944181417,0.00131515056523486,0.06129838138690673,0.023551981740374414,0.023551981740374414,0.0,0.0,210,8,0.023551281598829917,False,3,13,54
ridge_teacher,2,3,8,fixed,0.023693342832906743,0.023544170180673986,7,0,2,7,0.023555243513514415,0.02364032611860124,0.02370237124494029,0.023707218219541103,4.84697460081257e-06,9.028412033547373e-06,1.3875386634359943e-05,0.08728905711257574,0.08834468380826668,0.0010556266956909394,0.06465134097535993,0.12240757202561682,0.12240757202561682,0.0,0.09871422919271008,11,4,0.023635961278580517,False,16,19,81
ridge_teacher,2,3,8,fixed,0.023693342832906743,0.023544170180673986,7,1,6,5,0.023555944671941945,0.023693754549631102,0.02370060039518479,0.023704497520144013,3.897124959222759e-06,7.257562278047136e-06,1.1154687237269895e-05,0.04813138685149693,0.04880571214768332,0.0006743252961863913,0.025112369314776575,0.15285480137872678,0.15285480137872678,0.0,0.12916145854582003,11,4,0.023635961278580517,False,4,16,56
ridge_teacher,2,3,8,fixed,0.023693342832906743,0.023544170180673986,7,2,0,1,0.023549805470996454,0.023545361610981225,0.023696199209252797,0.023703313610171802,7.114400919005365e-06,2.8563763460540126e-06,9.970777265059377e-06,0.10122595983751938,0.10255969842731287,0.0013337385897934928,0.07886635559440613,0.16233604444876717,0.16233604444876717,0.0,0.13864270161586043,11,4,0.023635961278580517,True,0,20,53
ridge_teacher,2,3,8,moving,0.024678834633991516,0.023544170180673986,7,0,5,0,0.023693754549631102,0.023549805470996454,0.024683976715246636,0.024689365950113545,5.389234866908649e-06,5.142081255120334e-06,1.0531316122028983e-05,0.05051676536600271,0.051287872437938406,0.0007711070719356936,0.02660903780394689,0.16233604444876717,0.16233604444876717,0.0,0.13765720981477567,11,2,0.03785414326272296,False,1,7,37
ridge_teacher,2,3,8,moving,0.024678834633991516,0.023544170180673986,7,1,2,3,0.023555243513514415,0.023637058062979666,0.02468406916608277,0.02469288334973999,8.814183657220725e-06,5.234532091252797e-06,1.4048715748473523e-05,0.0888129169771257,0.08988669039785704,0.0010737734207313387,0.06520785576386554,0.1496839913522127,0.1496839913522127,0.0,0.12500515671822118,11,2,0.03785414326272296,False,3,15,41
ridge_teacher,2,3,8,moving,0.024678834633991516,0.023544170180673986,7,2,1,7,0.023545361610981225,0.02364032611860124,0.024678735227548453,0.02468828658084936,9.551353300905896e-06,0.0,9.45194685784273e-06,0.03249473365049025,0.03292188553565817,0.00042715188516791874,0.008243050901666653,0.12236438283777006,0.12236438283777006,0.0,0.09768554820377853,11,2,0.03785414326272296,True,0,3,13
ridge_teacher,2,3,16,fixed,0.023693342832906743,0.023544170180673986,8,0,0,4,0.023551764570109854,0.023556214781880327,0.02370300597230045,0.02370760540280933,4.5994305088795095e-06,9.663139393708414e-06,1.4262569902587924e-05,0.06362026452288334,0.06460572604970756,0.0009854615268242162,0.04091238321680082,0.023635961278580517,0.023635961278580517,0.0,0.0,80,4,0.023635961278580517,False,18,17,64
ridge_teacher,2,3,16,fixed,0.023693342832906743,0.023544170180673986,8,1,7,5,0.02354811973057733,0.023550361790061102,0.02370172657083065,0.02370673057945913,5.004008628479301e-06,8.383737923906703e-06,1.3387746552386004e-05,0.08424575252306142,0.08543768787006348,0.0011919353470020572,0.061744345037156735,0.023760293263019643,0.023760293263019643,0.0,6.69504301128998e-05,58,4,0.023635961278580517,False,15,15,65
ridge_teacher,2,3,16,fixed,0.023693342832906743,0.023544170180673986,8,2,1,2,0.023554721166125482,0.02354823490247759,0.023699983584617737,0.023705790746292626,5.807161674888789e-06,6.640751710994264e-06,1.2447913385883053e-05,0.07498720953528921,0.07598676484051353,0.0009995553052243172,0.05229342200760679,0.023635961278580517,0.023635961278580517,0.0,0.0,70,4,0.023635961278580517,False,3,15,72
ridge_teacher,2,3,16,moving,0.02426994349156344,0.023544170180673986,8,0,4,7,0.023556214781880327,0.02354811973057733,0.024279103693851,0.024286146450476144,7.042756625143254e-06,9.160202287559344e-06,1.6202958912702597e-05,0.09358350087606866,0.09480079834430805,0.001217297468239384,0.0705308548527446,0.023760293263019643,0.023760293263019643,0.0,0.0,63,4,0.023635961278580517,False,7,13,48
ridge_teacher,2,3,16,moving,0.02426994349156344,0.023544170180673986,8,1,5,1,0.023550361790061102,0.023554721166125482,0.024276012628333413,0.024279416426336856,3.40379800344362e-06,6.069136769971256e-06,9.472934773414876e-06,0.05961982218152447,0.06047104868705819,0.0008512265055337156,0.03620110519549474,0.023635961278580517,0.023635961278580517,0.0,0.0,67,4,0.023635961278580517,True,0,7,30
ridge_teacher,2,3,16,moving,0.02426994349156344,0.023544170180673986,8,2,3,2,0.023563680197527154,0.02354823490247759,0.024273051088697515,0.02427964793155193,6.5968428544158075e-06,3.1075971340735475e-06,9.704439988489355e-06,0.08480773731207604,0.08611419611251217,0.0013064588004361305,0.061844252620948725,0.023635961278580517,0.023635961278580517,0.0,0.0,66,4,0.023635961278580517,True,0,12,37
ridge_teacher,2,3,32,fixed,0.023693342832906743,0.023544170180673986,8,0,2,5,0.023552842150671244,0.023583964561351357,0.02369880189820002,0.02370447717243884,5.675274238819278e-06,5.4590652932770545e-06,1.1134339532096332e-05,0.07660436664837429,0.07780433604079588,0.0011999693924215904,0.05411099320788914,0.023635961278580517,0.023635961278580517,0.0,0.0,111,4,0.023635961278580517,False,3,15,67
ridge_teacher,2,3,32,fixed,0.023693342832906743,0.023544170180673986,8,1,7,6,0.0235495766873138,0.0235442605877206,0.023700590473126545,0.02370623022766246,5.639754535914643e-06,7.247640219802676e-06,1.2887394755717319e-05,0.07724999139780245,0.07839948195224662,0.0011494905544441741,0.05470613911933988,0.023635961278580517,0.023635961278580517,0.0,0.0,120,4,0.023635961278580517,False,5,17,84
ridge_teacher,2,3,32,fixed,0.023693342832906743,0.023544170180673986,8,2,0,4,0.02354952914728392,0.023546483552163922,0.02370252134588506,0.023707666145179752,5.144799294691527e-06,9.17851297831812e-06,1.4323312273009647e-05,0.07302994682693843,0.0742190240219436,0.0011890771950051615,0.05052568118903685,0.023635961278580517,0.023635961278580517,0.0,0.0,105,4,0.023635961278580517,False,13,16,73
ridge_teacher,2,3,32,moving,0.024066275516647983,0.023544170180673986,8,0,0,3,0.02354952914728392,0.02358586016041592,0.024071665090658285,0.02407602124066534,4.356150007055887e-06,5.3895740103025724e-06,9.74572401735846e-06,0.07330891826405053,0.07439364109138737,0.0010847228273368342,0.05032736557473938,0.02358586016041592,0.02358586016041592,0.0,0.0,108,8,0.023551281598829917,True,0,11,35
ridge_teacher,2,3,32,moving,0.024066275516647983,0.023544170180673986,8,1,6,4,0.0235442605877206,0.023546483552163922,0.024064389860360712,0.02407599497957739,1.1605119216679533e-05,0.0,9.719462929408396e-06,0.08059181543319084,0.08179905773748262,0.0012072423042917835,0.05773278222083464,0.023551281598829917,0.023551281598829917,0.0,0.0,111,8,0.023551281598829917,True,0,14,34
ridge_teacher,2,3,32,moving,0.024066275516647983,0.023544170180673986,8,2,7,1,0.0235495766873138,0.023549767425509564,0.024075602999543918,0.024081415689598498,5.812690054580322e-06,9.327482895934991e-06,1.5140172950515313e-05,0.07504842026173666,0.07628918983053284,0.0012407695687961795,0.05222291431388486,0.023551281598829917,0.023551281598829917,0.0,0.0,111,8,0.023551281598829917,False,4,12,45
ridge_teacher,2,3,64,fixed,0.023693342832906743,0.023544170180673986,8,0,2,3,0.02354812831133783,0.023554118993878215,0.02369745287753504,0.02370388895566726,6.436078132221468e-06,4.110044628295728e-06,1.0546122760517196e-05,0.07673652113524632,0.07798315378296347,0.0012466326477171552,0.05428981095005673,0.023635961278580517,0.023635961278580517,0.0,0.0,171,4,0.023635961278580517,False,2,14,57
ridge_teacher,2,3,64,fixed,0.023693342832906743,0.023544170180673986,8,1,1,4,0.023553467718733172,0.023547119974714606,0.023696532746115676,0.023703219152906622,6.686406790946953e-06,3.1899132089327487e-06,9.876319999879701e-06,0.08068788422453502,0.08188180274648604,0.0011939185219510262,0.0581884599135793,0.023635961278580517,0.023635961278580517,0.0,0.0,162,4,0.023635961278580517,True,0,15,62
ridge_teacher,2,3,64,fixed,0.023693342832906743,0.023544170180673986,8,2,5,0,0.02355437380710115,0.0235528902709915,0.02370237139931401,0.02370732358011497,4.952180800960049e-06,9.028566407266042e-06,1.3980747208226091e-05,0.07149510871955946,0.0727449572362206,0.0012498485166611423,0.049051614403313855,0.023635961278580517,0.023635961278580517,0.0,0.0,156,4,0.023635961278580517,False,6,14,55
ridge_teacher,2,3,64,moving,0.02390644007339587,0.023544170180673986,8,0,3,0,0.023554118993878215,0.0235528902709915,0.023904813953887473,0.023916030212871853,1.1216258984380473e-05,0.0,9.59013947598314e-06,0.060373879729135695,0.06147252973809489,0.0010986500089591941,0.037566089664699015,0.023554118993878215,0.023554118993878215,0.0,0.0,159,8,0.023551281598829917,True,0,12,33
ridge_teacher,2,3,64,moving,0.02390644007339587,0.023544170180673986,8,1,1,6,0.023553467718733172,0.023553929688909393,0.023914499320768404,0.02391890987646798,4.410555699576463e-06,8.059247372533412e-06,1.2469803072109875e-05,0.07411803284154331,0.07531928538180988,0.0012012525402665675,0.051412845308414,0.023553929688909393,0.023553929688909393,0.0,0.0,168,8,0.023551281598829917,False,3,14,42
ridge_teacher,2,3,64,moving,0.02390644007339587,0.023544170180673986,8,2,4,5,0.023547119974714606,0.02355437380710115,0.02390472413690945,0.023915343139005077,1.0619002095625663e-05,0.0,8.903065609206645e-06,0.0852978736644416,0.08650848899262337,0.0012106153281817716,0.0626020489192275,0.02355437380710115,0.02355437380710115,0.0,0.0,168,8,0.023551281598829917,True,0,13,38
ridge_teacher,2,3,128,fixed,0.023693342832906743,0.023544170180673986,8,0,6,7,0.023555107151713377,0.023549473647399913,0.023699734275189614,0.023704501207500495,4.766932310881072e-06,6.3914422828714734e-06,1.1158374593752546e-05,0.06624758584662074,0.06744544871626273,0.0011978628696419913,0.04375210588335599,0.023635961278580517,0.023635961278580517,0.0,0.0,222,4,0.023635961278580517,False,4,13,51
ridge_teacher,2,3,128,fixed,0.023693342832906743,0.023544170180673986,8,1,5,1,0.023552839315575835,0.023549081327616624,0.023700751481583817,0.023706521766845387,5.770285261570002e-06,7.4086486770742754e-06,1.3178933938644277e-05,0.07966641962685084,0.08090995329790822,0.0012435336710573813,0.057216610465001476,0.023635961278580517,0.023635961278580517,0.0,0.0,231,4,0.023635961278580517,False,4,16,62
ridge_teacher,2,3,128,fixed,0.023693342832906743,0.023544170180673986,8,2,3,0,0.023548436238941928,0.023554137556177374,0.02370153269146601,0.023706490662610744,4.9579711447339525e-06,8.189858559267543e-06,1.3147829704001496e-05,0.08325822155596413,0.08459448682930824,0.0013362652733441144,0.0609011439964015,0.023635961278580517,0.023635961278580517,0.0,0.0,213,4,0.023635961278580517,False,5,14,67
ridge_teacher,2,3,128,moving,0.02380297805490744,0.023544170180673986,8,0,2,4,0.023550058699088376,0.023552462547723092,0.023802474326488153,0.02381262451132839,1.0150184840237303e-05,0.0,9.646456420951688e-06,0.062456266704978045,0.0635347439262133,0.0010784772212352606,0.03973176587130586,0.023552462547723092,0.023552462547723092,0.0,0.0,225,8,0.023551281598829917,True,0,11,34
ridge_teacher,2,3,128,moving,0.02380297805490744,0.023544170180673986,8,1,1,7,0.023549081327616624,0.023549473647399913,0.023802689414565446,0.023811601862305708,8.912447740261342e-06,0.0,8.62380739826904e-06,0.07349194575873216,0.07473410312325668,0.0012421573645245154,0.05093112506834924,0.023549473647399913,0.023549473647399913,0.0,0.0,228,16,0.02354699342519222,True,0,13,48
ridge_teacher,2,3,128,moving,0.02380297805490744,0.023544170180673986,8,2,0,3,0.023554137556177374,0.023548436238941928,0.023802294101820786,0.023812550311480635,1.0256209659848664e-05,0.0,9.572256573196075e-06,0.08325822155596413,0.08459448682930824,0.0013362652733441144,0.0607915087744008,0.023554137556177378,0.023554137556177378,0.0,0.0,213,8,0.023551281598829917,True,0,13,44
ridge_teacher,2,4,8,fixed,0.023693342832906743,0.023544170180673986,7,0,5,1,0.023690173405410346,0.02355013525652144,0.023785254465858573,0.023856241871994994,7.098740613642116e-05,9.191163295182991e-05,0.00016289903908825107,0.05829778781003442,0.0591096911220296,0.0008119033119951824,0.03541634828912286,0.16350052515450536,0.16350052515450536,0.0,0.1398071823215986,11,4,0.023635961278580517,False,9,20,67
ridge_teacher,2,4,8,fixed,0.023693342832906743,0.023544170180673986,7,1,3,6,0.02370144916327118,0.023555293306896215,0.02370427837652117,0.023714705344430487,1.0426967909316076e-05,1.093554361442789e-05,2.1362511523743966e-05,0.03964552972927797,0.04014807197477257,0.0005025422454945985,0.016454729141865826,0.12234882048353254,0.12234882048353254,0.0,0.0986554776506258,11,4,0.023635961278580517,False,10,19,61
ridge_teacher,2,4,8,fixed,0.023693342832906743,0.023544170180673986,7,2,2,0,0.023693342832906743,0.023545176347538773,0.023718938249422682,0.023742560764641745,2.362251521906278e-05,2.559541651593958e-05,4.921793173500236e-05,0.10153903033147832,0.10287456310130955,0.001335532769831227,0.0791812202684028,0.1612072859889938,0.1612072859889938,0.0,0.13751394315608706,11,4,0.023635961278580517,False,17,33,101
ridge_teacher,2,4,8,moving,0.024678834633991516,0.023544170180673986,8,0,1,2,0.02355013525652144,0.023693342832906743,0.024671354499992245,0.02468782329224001,1.646879224776604e-05,0.0,8.988658248495346e-06,0.04494199531360024,0.04553304071536773,0.0005910454017674857,0.02085420608137621,0.16350052515450536,0.16350052515450536,0.0,0.13882169052051385,11,2,0.03785414326272296,True,0,6,15
ridge_teacher,2,4,8,moving,0.024678834633991516,0.023544170180673986,8,1,0,6,0.023545176347538773,0.023555293306896215,0.024678291937367043,0.024688717615852115,1.0425678485071616e-05,0.0,9.882981860599022e-06,0.10669955633457438,0.10809597555631043,0.0013964192217360422,0.08341714092231892,0.152834880236148,0.152834880236148,0.0,0.1281560456021565,11,2,0.03785414326272296,True,0,18,33
ridge_teacher,2,4,8,moving,0.024678834633991516,0.023544170180673986,8,2,4,3,0.023571039551248885,0.02370144916327118,0.024672980810582057,0.024687079251781412,1.409844119935541e-05,0.0,8.24461778989663e-06,0.04724441555442821,0.04786109000402122,0.0006166744495930132,0.023182255370029707,0.12231740734631469,0.12231740734631469,0.0,0.09763857271232318,11,2,0.03785414326272296,True,0,10,22
ridge_teacher,2,4,16,fixed,0.023693342832906743,0.023544170180673986,8,0,0,7,0.023556684596161413,0.023546902497301042,0.023689452723155164,0.023703274533658423,1.3821810503258924e-05,0.0,9.931700751680123e-06,0.0545548516082209,0.055366018254462766,0.0008111666462418676,0.031672675421556024,0.02468001796445863,0.02468001796445863,0.0,0.0009866751315518868,62,4,0.023635961278580517,True,0,14,34
ridge_teacher,2,4,16,fixed,0.023693342832906743,0.023544170180673986,8,1,4,6,0.023589017401028874,0.02354874929046974,0.02369951356722953,0.023706900329234247,7.386762004717856e-06,6.170734322786392e-06,1.3557496327504248e-05,0.1063974568632846,0.10794528200097178,0.0015478251376871838,0.08425193916806503,0.02432506228880245,0.02432506228880245,0.0,0.0006317194558957059,61,4,0.023635961278580517,False,7,27,84
ridge_teacher,2,4,16,fixed,0.023693342832906743,0.023544170180673986,8,2,5,3,0.023545682254033945,0.023552628838113727,0.023703082702399125,0.023709053686905797,5.970984506671606e-06,9.739869492382536e-06,1.5710853999054142e-05,0.07560925053523615,0.07677641818955791,0.0011671676543217602,0.05308307535665117,0.023635961278580517,0.023635961278580517,0.0,0.0,58,4,0.023635961278580517,False,19,23,90
ridge_teacher,2,4,16,moving,0.02426994349156344,0.023544170180673986,8,0,3,0,0.023552628838113727,0.023556684596161413,0.024278049856385937,0.024281659565665605,3.6097092796678887e-06,8.10636482249591e-06,1.1716074102163798e-05,0.0718821014083743,0.07286269365433509,0.0009805922459607957,0.04859275016277165,0.02376148456364994,0.02376148456364994,0.0,0.0,50,4,0.023635961278580517,False,3,12,43
ridge_teacher,2,4,16,moving,0.02426994349156344,0.023544170180673986,8,1,1,2,0.023548591389049908,0.02358770399103838,0.02426572860678972,0.02427986206167692,1.413345488720033e-05,0.0,9.918570113478381e-06,0.06979403322995663,0.07087238108469615,0.0010783478547395225,0.046602437593132706,0.02378261891780264,0.02378261891780264,0.0,0.0,55,4,0.023635961278580517,True,0,11,29
ridge_teacher,2,4,16,moving,0.02426994349156344,0.023544170180673986,8,2,6,5,0.02354874929046974,0.023545682254033945,0.02426909840514027,0.02428078374914219,1.1685344001918091e-05,0.0,1.084025757874807e-05,0.10383241782651617,0.10536963858021953,0.0015372207537033555,0.08109969508865608,0.023635961278580517,0.023635961278580517,0.0,0.0,69,4,0.023635961278580517,False,1,16,45
ridge_teacher,2,4,32,fixed,0.023693342832906743,0.023544170180673986,8,0,0,6,0.02355028353612659,0.0235515158458574,0.023700854520713993,0.023705620705463584,4.766184749590424e-06,7.511687807250367e-06,1.2277872556840791e-05,0.0726517968445441,0.07377046180517717,0.0011186649606330645,0.05007711897227043,0.023635961278580517,0.023635961278580517,0.0,0.0,123,4,0.023635961278580517,False,3,16,61
ridge_teacher,2,4,32,fixed,0.023693342832906743,0.023544170180673986,8,1,3,5,0.02355060132137523,0.02354687197051749,0.023701066013016157,0.02370551664484459,4.450631828432916e-06,7.72318010941464e-06,1.2173811937847556e-05,0.06910982313159736,0.0701442329394611,0.0010344098078637481,0.046450890106554364,0.023635961278580517,0.023635961278580517,0.0,0.0,111,4,0.023635961278580517,False,4,14,69
ridge_teacher,2,4,32,fixed,0.023693342832906743,0.023544170180673986,8,2,7,2,0.02358115464132763,0.023558033674097024,0.02369797024102608,0.02370328642863994,5.316187613860213e-06,4.62740811933704e-06,9.943595733197252e-06,0.06311961034534601,0.06415261017100418,0.0010329998256581735,0.04045926733809744,0.023635961278580517,0.023635961278580517,0.0,0.0,114,4,0.023635961278580517,True,0,13,62
ridge_teacher,2,4,32,moving,0.024066275516647983,0.023544170180673986,8,0,6,0,0.0235515158458574,0.02355028353612659,0.024072557250301184,0.02407832345806595,5.766207764764525e-06,6.281733653201033e-06,1.2047941417965558e-05,0.0726517968445441,0.07377046180517717,0.0011186649606330645,0.049704186288529184,0.0235515158458574,0.0235515158458574,0.0,0.0,123,8,0.023551281598829917,False,3,10,39
ridge_teacher,2,4,32,moving,0.024066275516647983,0.023544170180673986,8,1,1,4,0.02355986525435297,0.023550284598701753,0.024070037118331306,0.024075758280456133,5.72116212482765e-06,3.7616016833226518e-06,9.482763808150302e-06,0.05725185139662883,0.058167422552313344,0.0009155711556845109,0.03410114703566536,0.02355986525435297,0.02355986525435297,0.0,0.0,108,8,0.023551281598829917,True,0,11,32
ridge_teacher,2,4,32,moving,0.024066275516647983,0.023544170180673986,8,2,7,5,0.02358115464132763,0.02354687197051749,0.024059198624936072,0.024075989830451075,1.679120551500296e-05,0.0,9.714313803092095e-06,0.06200940795851323,0.06292780628695847,0.000918398328445244,0.03886153077031049,0.02358115464132763,0.02358115464132763,0.0,0.0,102,8,0.023551281598829917,True,0,11,24
ridge_teacher,2,4,64,fixed,0.023693342832906743,0.023544170180673986,8,0,1,7,0.023550350174513197,0.023556642752199312,0.02370008130586152,0.023705495148921795,5.413843060273621e-06,6.738472954778696e-06,1.2152316015052317e-05,0.0788223973242586,0.08010317199369221,0.001280774669433618,0.05640982916078547,0.023635961278580517,0.023635961278580517,0.0,0.0,147,4,0.023635961278580517,False,4,13,72
ridge_teacher,2,4,64,fixed,0.023693342832906743,0.023544170180673986,8,1,3,5,0.02355839418163385,0.02354911236081757,0.023701279588964296,0.02370702659540454,5.747006440244562e-06,7.936756057553424e-06,1.3683762497797985e-05,0.08506829230231484,0.08632880753859684,0.0012605152362819977,0.06263546470569009,0.023635961278580517,0.023635961278580517,0.0,0.0,165,4,0.023635961278580517,False,15,14,81
ridge_teacher,2,4,64,fixed,0.023693342832906743,0.023544170180673986,8,2,0,4,0.023549206579366575,0.02355955372813103,0.023698245142847893,0.02370362308050752,5.377937659627879e-06,4.902309941150207e-06,1.0280247600778086e-05,0.07346189695158836,0.07472492703385415,0.0012630300822657897,0.05103158420094741,0.023635961278580517,0.023635961278580517,0.0,0.0,174,4,0.023635961278580517,False,2,17,66
ridge_teacher,2,4,64,moving,0.02390644007339587,0.023544170180673986,8,0,4,2,0.02355955372813103,0.02355801610572048,0.023914163652890466,0.02391944232787237,5.278674981904624e-06,7.723579494595817e-06,1.3002254476500441e-05,0.07384922078248395,0.07505726665722799,0.001208045874744046,0.05115082658383212,0.02355955372813104,0.02355955372813104,0.0,0.0,168,8,0.023551281598829917,False,4,14,42
ridge_teacher,2,4,64,moving,0.02390644007339587,0.023544170180673986,8,1,5,1,0.02354911236081757,0.023550350174513197,0.02391058352019098,0.023916391769203363,5.808249012383138e-06,4.143446795109446e-06,9.951695807492583e-06,0.08059586534553297,0.08186612907426208,0.0012702637287291124,0.057959689000866205,0.023550350174513197,0.023550350174513197,0.0,0.0,153,16,0.02354699342519222,True,0,13,49
ridge_teacher,2,4,64,moving,0.02390644007339587,0.023544170180673986,8,2,3,0,0.02355839418163385,0.023549206579366575,0.023909023473859543,0.0239159763977696,6.9529239100571405e-06,2.5834004636730856e-06,9.536324373730226e-06,0.06503001806312543,0.06605508407546629,0.0010250660123408556,0.04214864400207041,0.02355839418163385,0.02355839418163385,0.0,0.0,177,8,0.023551281598829917,True,0,11,35
ridge_teacher,2,4,128,fixed,0.023693342832906743,0.023544170180673986,8,0,3,7,0.023550839534877157,0.02354906069575593,0.023700197976433683,0.023706370964617543,6.172988183859862e-06,6.855143526940388e-06,1.302813171080025e-05,0.08062487780991355,0.0818718099836054,0.0012469321736918448,0.05817846715069865,0.023635961278580517,0.023635961278580517,0.0,0.0,228,4,0.023635961278580517,False,4,13,55
ridge_teacher,2,4,128,fixed,0.023693342832906743,0.023544170180673986,8,1,5,0,0.023551047613663424,0.02355060453696552,0.023698148335902985,0.023704679244443597,6.530908540611918e-06,4.805502996241967e-06,1.1336411536853885e-05,0.0768417636048428,0.07806755124516447,0.0012257876403216766,0.05437420841225773,0.023635961278580517,0.023635961278580517,0.0,0.0,222,4,0.023635961278580517,False,3,13,58
ridge_teacher,2,4,128,fixed,0.023693342832906743,0.023544170180673986,8,2,2,1,0.02355167901607606,0.023552476826187833,0.023699335686131993,0.023703087214912055,3.7515287800611585e-06,5.992853225250672e-06,9.74438200531183e-06,0.07089166816309116,0.07206588417938578,0.0011742160162946241,0.04837254134647904,0.023635961278580517,0.023635961278580517,0.0,0.0,231,4,0.023635961278580517,True,0,14,62
ridge_teacher,2,4,128,moving,0.02380297805490744,0.023544170180673986,8,0,0,4,0.02355060453696552,0.02354864821508519,0.02380040414505065,0.023812832610415693,1.2428465365043467e-05,0.0,9.854555508254093e-06,0.07311366992649844,0.07431289805076098,0.0011992281242625413,0.05050991999585354,0.023550604536965523,0.023550604536965523,0.0,0.0,225,16,0.02354699342519222,True,0,13,38
ridge_teacher,2,4,128,moving,0.02380297805490744,0.023544170180673986,8,1,7,5,0.02354906069575593,0.023551047613663424,0.023806323129652657,0.023812840155338792,6.5170256861347975e-06,3.345074745218779e-06,9.862100431353577e-06,0.08610879007263422,0.08745828163992575,0.0013494915672915275,0.06365530358501831,0.023551047613663424,0.023551047613663424,0.0,0.0,234,16,0.02354699342519222,True,0,13,44
ridge_teacher,2,4,128,moving,0.02380297805490744,0.023544170180673986,8,2,3,1,0.023550839534877157,0.023552476826187833,0.02381088763590511,0.023817100102641875,6.212466736765787e-06,7.909580997670501e-06,1.4122047734436288e-05,0.08409567526637036,0.08550525898509381,0.0014095837187234478,0.06170228093018637,0.023552476826187833,0.023552476826187833,0.0,0.0,225,8,0.023551281598829917,False,7,15,54
ridge_teacher,2,5,8,fixed,0.023693342832906743,0.023544170180673986,8,0,4,1,0.02369202379208785,0.023547597522085878,0.07922904522833349,0.08034371098836601,0.0011146657600325238,0.055535702395426746,0.05665036815545927,0.07922904522833349,0.08034371098836601,0.0011146657600325238,0.05665036815545927,0.16343977650102787,0.16343977650102787,0.0,0.13974643366812112,11,4,0.023635961278580517,False,1,0,2
ridge_teacher,2,5,8,fixed,0.023693342832906743,0.023544170180673986,8,1,2,0,0.023638819800308526,0.02354898198778768,0.023699203686338346,0.02370285001868662,3.6463323482734122e-06,5.860853431603058e-06,9.50718577987647e-06,0.04168063099011327,0.04231594275400378,0.0006353117638905059,0.018622599921097036,0.16377386002804203,0.16377386002804203,0.0,0.14008051719513528,11,4,0.023635961278580517,True,0,10,46
ridge_teacher,2,5,8,fixed,0.023693342832906743,0.023544170180673986,8,2,7,6,0.023691062026624337,0.023551953469976458,0.023711989790083286,0.023744145648148786,3.215585806549959e-05,1.864695717654352e-05,5.080281524204311e-05,0.12581140987293868,0.12744536343612398,0.0016339535631852975,0.10375202060321723,0.16368202009535007,0.16368202009535007,0.0,0.13998867726244332,11,4,0.023635961278580517,False,21,37,81
ridge_teacher,2,5,8,moving,0.024678834633991516,0.023544170180673986,8,0,6,0,0.023551953469976458,0.02354898198778768,0.024675638884529047,0.024688467466359134,1.2828581830087032e-05,0.0,9.632832367618277e-06,0.09842012002429461,0.09984446168658385,0.0014243416622892469,0.07516562705259233,0.16368202009535007,0.16368202009535007,0.0,0.13900318546135856,11,2,0.03785414326272296,True,0,12,32
ridge_teacher,2,5,8,moving,0.024678834633991516,0.023544170180673986,8,1,2,5,0.023638819800308526,0.023549490147814305,0.024682504675681973,0.024688330079139783,5.825403457809797e-06,3.6700416904573985e-06,9.495445148267195e-06,0.060563175142564894,0.06153965686691134,0.0009764817243464452,0.036860822232919824,0.16377386002804203,0.16377386002804203,0.0,0.13909502539405053,11,2,0.03785414326272296,True,0,12,36
ridge_teacher,2,5,8,moving,0.024678834633991516,0.023544170180673986,8,2,3,1,0.023579868939136456,0.023547597522085878,0.024667201486838475,0.02468280139296991,1.559990613143533e-05,0.0,3.966758978395102e-06,0.03992215871422463,0.0404331869750199,0.000511028260795271,0.015754352341028385,0.16343977650102787,0.16343977650102787,0.0,0.13876094186703636,11,2,0.03785414326272296,True,0,6,14
ridge_teacher,2,5,16,fixed,0.023693342832906743,0.023544170180673986,8,0,4,5,0.02354749995711677,0.023567602471737906,0.023699092556649003,0.02370306640070203,3.973844053026254e-06,5.7497237422599046e-06,9.723567795286159e-06,0.06829657791504473,0.0693995830969136,0.0011030051818688713,0.04570624026400686,0.023844771487550327,0.023844771487550327,0.0,0.00015142865464358446,61,4,0.023635961278580517,True,0,20,57
ridge_teacher,2,5,16,fixed,0.023693342832906743,0.023544170180673986,8,1,3,1,0.02354731247111204,0.02356352681223764,0.023700199902421504,0.023705140413188004,4.940510766500428e-06,6.857069514761005e-06,1.1797580281261433e-05,0.05320588031480091,0.054096841125040124,0.0008909608102392122,0.03040349829213338,0.023635961278580517,0.023635961278580517,0.0,0.0,78,4,0.023635961278580517,False,6,15,65
ridge_teacher,2,5,16,fixed,0.023693342832906743,0.023544170180673986,8,2,7,6,0.023586779116488994,0.023547705062353166,0.023700169113075122,0.02370467545611953,4.506343044406724e-06,6.826280168379523e-06,1.1332623212786247e-05,0.07352070948174845,0.07450467572639517,0.0009839662446467223,0.05081133289348843,0.026733289780189858,0.026733289780189858,0.0,0.0030399469472831148,46,4,0.023635961278580517,False,2,21,73
ridge_teacher,2,5,16,moving,0.02426994349156344,0.023544170180673986,8,0,2,6,0.023552558918409842,0.023547705062353166,0.02427515351669867,0.024279890410402707,4.736893704036099e-06,5.2100251352292515e-06,9.94691883926535e-06,0.061942755187626285,0.06277391174314882,0.0008311565555225373,0.03850396825158538,0.023635961278580517,0.023635961278580517,0.0,0.0,45,4,0.023635961278580517,True,0,9,29
ridge_teacher,2,5,16,moving,0.02426994349156344,0.023544170180673986,8,1,3,0,0.02354731247111204,0.02354715978334826,0.024279212271817587,0.0242849049603187,5.6926885011118755e-06,9.268780254145792e-06,1.4961468755257668e-05,0.08677349330745013,0.08794907146369947,0.0011755781562493434,0.06367912797213603,0.023635961278580517,0.023635961278580517,0.0,0.0,67,4,0.023635961278580517,False,3,14,56
ridge_teacher,2,5,16,moving,0.02426994349156344,0.023544170180673986,8,2,7,4,0.023586779116488994,0.02354749995711677,0.02427511798282649,0.024279072980513183,3.954997686694134e-06,5.1744912630477535e-06,9.129488949741887e-06,0.06840685247490916,0.06947838684671627,0.0010715343718071119,0.045208443355152825,0.026733289780189858,0.026733289780189858,0.0,0.002463346288626416,55,4,0.023635961278580517,True,0,10,33
ridge_teacher,2,5,32,fixed,0.023693342832906743,0.023544170180673986,8,0,2,0,0.02355473001424299,0.023559719319246587,0.023698490155873764,0.023703166966823876,4.676810950111215e-06,5.147322967021667e-06,9.824133917132882e-06,0.0838753963093582,0.08514230028892572,0.001266903979567524,0.06144895745601898,0.023635961278580517,0.023635961278580517,0.0,0.0,126,4,0.023635961278580517,True,0,16,61
ridge_teacher,2,5,32,fixed,0.023693342832906743,0.023544170180673986,8,1,6,3,0.023551650653065054,0.02354815162763264,0.023695232993613514,0.02370287222654558,7.639232932066253e-06,1.8901607067717263e-06,9.52939363883798e-06,0.05685431312218628,0.05778415781847768,0.0009298446962913987,0.034090814985570934,0.023635961278580517,0.023635961278580517,0.0,0.0,114,4,0.023635961278580517,True,0,13,54
ridge_teacher,2,5,32,fixed,0.023693342832906743,0.023544170180673986,8,2,7,5,0.023560967847854993,0.02355923076339917,0.02370195126668409,0.023707163878665873,5.212611981782189e-06,8.608433777347602e-06,1.382104575912979e-05,0.08853492978222646,0.08987833436418301,0.0013434045819565449,0.06618499153127627,0.023635961278580517,0.023635961278580517,0.0,0.0,114,4,0.023635961278580517,False,5,17,76
ridge_teacher,2,5,32,moving,0.024066275516647983,0.023544170180673986,8,0,4,0,0.023560654230299627,0.023559719319246587,0.024064587301248178,0.024075165615936433,1.0578314688255291e-05,0.0,8.89009928844997e-06,0.07059692760565008,0.07165219017419647,0.0010552625685463918,0.04758591465754848,0.023560654230299627,0.023560654230299627,0.0,0.0,117,8,0.023551281598829917,True,0,11,29
ridge_teacher,2,5,32,moving,0.024066275516647983,0.023544170180673986,8,1,5,6,0.02355923076339917,0.023551650653065054,0.024064576418992498,0.024075549758671492,1.0973339678994193e-05,0.0,9.27424202350896e-06,0.06324651119795363,0.06436407762203275,0.0011175664240791194,0.040297802105384764,0.02355923076339917,0.02355923076339917,0.0,0.0,120,8,0.023551281598829917,True,0,10,30
ridge_teacher,2,5,32,moving,0.024066275516647983,0.023544170180673986,8,2,1,7,0.02355261848363852,0.023560967847854993,0.024063582824067,0.024074393560521032,1.081073645403316e-05,0.0,8.118043873048958e-06,0.06422147116838682,0.06517534996414066,0.000953878795753843,0.04110907444749268,0.023560967847854997,0.023560967847854997,0.0,0.0,111,8,0.023551281598829917,True,0,12,29
ridge_teacher,2,5,64,fixed,0.023693342832906743,0.023544170180673986,8,0,5,2,0.023555065168459406,0.02355155094662323,0.023699895617325675,0.023703794035712586,3.898418386910629e-06,6.5527844189325335e-06,1.0451202805843163e-05,0.06933542137932343,0.07050852241074627,0.0011731010314228463,0.04681517957783953,0.023635961278580517,0.023635961278580517,0.0,0.0,150,4,0.023635961278580517,False,5,15,60
ridge_teacher,2,5,64,fixed,0.023693342832906743,0.023544170180673986,8,1,6,0,0.023547031190390727,0.023546498070782393,0.02369197915851951,0.023702234491992963,1.0255333473454392e-05,0.0,8.891659086220083e-06,0.05487198764155002,0.055848329603483925,0.0009763419619339062,0.03215498677057718,0.023635961278580517,0.023635961278580517,0.0,0.0,144,4,0.023635961278580517,True,0,12,41
ridge_teacher,2,5,64,fixed,0.023693342832906743,0.023544170180673986,8,2,1,4,0.023552630891895562,0.02355454305857107,0.02370288805019092,0.02370796836674727,5.080316556351633e-06,9.545217284176455e-06,1.4625533840528088e-05,0.0774121701530274,0.07866801356783693,0.0012558434148095265,0.05497467073493018,0.023635961278580517,0.023635961278580517,0.0,0.0,177,4,0.023635961278580517,False,11,14,66
ridge_teacher,2,5,64,moving,0.02390644007339587,0.023544170180673986,8,0,0,6,0.023546498070782393,0.023547031190390727,0.023904119977965488,0.023916282470616022,1.216249265053454e-05,0.0,9.842397220152094e-06,0.05487198764155002,0.055848329603483925,0.0009763419619339062,0.03194188953008806,0.023547031190390727,0.023547031190390727,0.0,0.0,144,16,0.02354699342519222,True,0,11,29
ridge_teacher,2,5,64,moving,0.02390644007339587,0.023544170180673986,8,1,2,5,0.02355155094662323,0.023555065168459406,0.023905964828783738,0.023914168817509254,8.20398872551642e-06,0.0,7.728744113384006e-06,0.06933542137932343,0.07050852241074627,0.0011731010314228463,0.0466020823373504,0.02355506516845941,0.02355506516845941,0.0,0.0,150,8,0.023551281598829917,True,0,11,40
ridge_teacher,2,5,64,moving,0.02390644007339587,0.023544170180673986,8,2,1,7,0.023552630891895562,0.023551753352639215,0.02391322235426189,0.023917522368938644,4.300014676755087e-06,6.782280866018259e-06,1.1082295542773346e-05,0.0805779489194778,0.08186749497701377,0.0012895460575359785,0.0579610549036179,0.023552630891895562,0.023552630891895562,0.0,0.0,174,8,0.023551281598829917,False,2,14,53
ridge_teacher,2,5,128,fixed,0.023693342832906743,0.023544170180673986,8,0,7,2,0.023551983877832135,0.02355758835406958,0.023694182382622234,0.02370283797242035,8.65558979811637e-06,8.395497154908838e-07,9.495139513607254e-06,0.07743261659831928,0.07874699491799969,0.001314378319680412,0.05505365208509295,0.023635961278580517,0.023635961278580517,0.0,0.0,234,4,0.023635961278580517,True,0,16,53
ridge_teacher,2,5,128,fixed,0.023693342832906743,0.023544170180673986,8,1,3,5,0.02355487022749649,0.023558642072705256,0.02369957878363594,0.02370616373470936,6.5849510734218575e-06,6.235950729197026e-06,1.2820901802618884e-05,0.07305652385607114,0.07423076131765471,0.0011742374615835716,0.05053741848474797,0.023635961278580517,0.023635961278580517,0.0,0.0,207,4,0.023635961278580517,False,4,14,55
ridge_teacher,2,5,128,fixed,0.023693342832906743,0.023544170180673986,8,2,1,4,0.02355133389337472,0.02355341105727533,0.023698642830396983,0.023703909838363894,5.267007966911624e-06,5.299997490239988e-06,1.0567005457151613e-05,0.0892719351562724,0.0906435385171783,0.0013716033609059014,0.06695019568427155,0.023635961278580517,0.023635961278580517,0.0,0.0,237,4,0.023635961278580517,False,4,15,71
ridge_teacher,2,5,128,moving,0.02380297805490744,0.023544170180673986,8,0,5,0,0.023558642072705256,0.023556605104636245,0.023806219002539167,0.023812123618279595,5.904615740428415e-06,3.240947631728136e-06,9.145563372156551e-06,0.07203765901071324,0.07325217747189101,0.0012145184611777743,0.04944919941698357,0.023558642072705263,0.023558642072705263,0.0,0.0,204,8,0.023551281598829917,True,0,13,45
ridge_teacher,2,5,128,moving,0.02380297805490744,0.023544170180673986,8,1,4,2,0.02355341105727533,0.02355758835406958,0.023801455090632657,0.023812428983536835,1.0973892904178606e-05,0.0,9.450928629396727e-06,0.07525104706058142,0.07653546110120253,0.0012844140406211152,0.05273248304629509,0.02355758835406958,0.02355758835406958,0.0,0.0,237,8,0.023551281598829917,True,0,13,38
ridge_teacher,2,5,128,moving,0.02380297805490744,0.023544170180673986,8,2,7,3,0.023551983877832135,0.02355487022749649,0.02379845336046493,0.023812762085063895,1.4308724598965233e-05,0.0,9.784030156455986e-06,0.06755534992029681,0.06867021627216205,0.0011148663518652374,0.04486723821725461,0.02355487022749649,0.02355487022749649,0.0,0.0,237,8,0.023551281598829917,True,0,13,29
ridge_teacher,2,6,8,fixed,0.023693342832906743,0.023544170180673986,7,0,5,2,0.023617937804301704,0.023549798211405053,0.023702543186174554,0.023713845428923436,1.1302242748881253e-05,9.200353267811712e-06,2.0502596016692964e-05,0.12240505195360146,0.12371000474046352,0.0013049527868620597,0.10001666190755679,0.14663325229657367,0.14663325229657367,0.0,0.12293990946366692,11,4,0.023635961278580517,False,23,44,100
ridge_teacher,2,6,8,fixed,0.023693342832906743,0.023544170180673986,7,1,0,6,0.023550530470629806,0.023551770143459612,0.023701717457119527,0.023706543483597596,4.826026478069179e-06,8.37462421278412e-06,1.32006506908533e-05,0.055053313565873174,0.05578854132878809,0.0007352277629149168,0.03209519849588135,0.12241314822624688,0.12241314822624688,0.0,0.09871980539334013,11,4,0.023635961278580517,False,3,16,62
ridge_teacher,2,6,8,fixed,0.023693342832906743,0.023544170180673986,7,2,4,7,0.023547687371117763,0.02363682705423341,0.02370214299773625,0.023707171893116014,5.028895379764059e-06,8.800164829507462e-06,1.3829060209271521e-05,0.10788773742872783,0.10950715338697804,0.0016194159582502143,0.08581381055407131,0.16366627609738515,0.16366627609738515,0.0,0.1399729332644784,11,4,0.023635961278580517,False,10,21,82
ridge_teacher,2,6,8,moving,0.024678834633991516,0.023544170180673986,8,0,6,3,0.023551770143459612,0.023698936483066292,0.024683848376128036,0.024690457855615685,6.609479487648673e-06,5.013742136520533e-06,1.1623221624169205e-05,0.12539570840371783,0.12685729839856885,0.0014615899948510203,0.10217846376457734,0.16126257992823603,0.16126257992823603,0.0,0.13658374529424452,11,2,0.03785414326272296,False,5,15,59
ridge_teacher,2,6,8,moving,0.024678834633991516,0.023544170180673986,8,1,7,2,0.02363682705423341,0.023549798211405053,0.024686949591457057,0.02469188353154802,4.933940090962041e-06,8.114957465540917e-06,1.3048897556502959e-05,0.07667949646553308,0.07776508926885779,0.0010855928033247086,0.05308625463486628,0.12236205495325694,0.12236205495325694,0.0,0.09768322031926543,11,2,0.03785414326272296,False,5,7,24
ridge_teacher,2,6,8,moving,0.024678834633991516,0.023544170180673986,8,2,1,4,0.02370723087080282,0.023547687371117763,0.024678569385569157,0.024686882705092134,8.313319522976897e-06,0.0,8.048071100618531e-06,0.11135006560244742,0.11272267737987252,0.0013726117774250923,0.088043842745881,0.16366627609738515,0.16366627609738515,0.0,0.13898744146339365,11,2,0.03785414326272296,True,0,18,45
ridge_teacher,2,6,16,fixed,0.023693342832906743,0.023544170180673986,8,0,1,2,0.023568673777489148,0.023585639393085087,0.023702244788958347,0.023706618885935466,4.374096977118741e-06,8.901956051604598e-06,1.3276053028723339e-05,0.07318805281545601,0.07430316549363206,0.0011151126781760445,0.050609822660725313,0.023644638108698407,0.023644638108698407,0.0,0.0,60,4,0.023635961278580517,False,10,21,81
ridge_teacher,2,6,16,fixed,0.023693342832906743,0.023544170180673986,8,1,4,6,0.02355837740041258,0.023571658497093452,0.023701486192757058,0.023704914412146564,3.428219389506326e-06,8.143359850314863e-06,1.157157923982119e-05,0.05116974626048716,0.0518991351634036,0.0007293889029164405,0.02820579233049686,0.02367564734582891,0.02367564734582891,0.0,0.0,52,4,0.023635961278580517,False,12,12,62
ridge_teacher,2,6,16,fixed,0.023693342832906743,0.023544170180673986,8,2,3,7,0.023558144653023784,0.023554241596185303,0.02370220092269508,0.023706120089139884,3.919166444803918e-06,8.858089788336965e-06,1.2777256233140882e-05,0.05706642758253744,0.057927274494925365,0.0008608469123879275,0.03423393166201862,0.027453068662935936,0.027453068662935936,0.0,0.003759725830029193,50,4,0.023635961278580517,False,4,18,58
ridge_teacher,2,6,16,moving,0.02426994349156344,0.023544170180673986,8,0,2,7,0.023585639393085087,0.023554241596185303,0.024269596766874603,0.024278296659260415,8.69989238581198e-06,0.0,8.353167696973501e-06,0.09430410031632468,0.09552884409292067,0.0012247437765959962,0.07125890060135723,0.023822560527094864,0.023822560527094864,0.0,0.0,63,4,0.023635961278580517,True,0,13,37
ridge_teacher,2,6,16,moving,0.02426994349156344,0.023544170180673986,8,1,4,0,0.02355837740041258,0.02355018713505374,0.024273797671458562,0.024278506038320245,4.708366861682495e-06,3.854179895120685e-06,8.56254675680318e-06,0.05286313505959906,0.05365243739786985,0.000789302338270792,0.02938249390630641,0.023635961278580517,0.023635961278580517,0.0,0.0,55,4,0.023635961278580517,True,0,9,36
ridge_teacher,2,6,16,moving,0.02426994349156344,0.023544170180673986,8,2,5,6,0.02355735109729829,0.023571658497093452,0.02427809749914539,0.024281134534384404,3.0370352390139688e-06,8.154007581948758e-06,1.1191042820962727e-05,0.0573203947215425,0.05819735965585462,0.0008769649343121147,0.03392741616429118,0.02369949364807042,0.02369949364807042,0.0,0.0,50,4,0.023635961278580517,False,4,9,32
ridge_teacher,2,6,32,fixed,0.023693342832906743,0.023544170180673986,8,0,4,1,0.023553430178818283,0.0235462501509193,0.023691415072938996,0.023703129862909855,1.1714789970859035e-05,0.0,9.78703000311179e-06,0.061677676365772455,0.0626502365475566,0.0009725601817841406,0.03895689371464985,0.023635961278580517,0.023635961278580517,0.0,0.0,126,4,0.023635961278580517,True,0,13,36
ridge_teacher,2,6,32,fixed,0.023693342832906743,0.023544170180673986,8,1,0,6,0.02355214825207152,0.023569236605089347,0.023701316074692325,0.023705447592049622,4.13151735729686e-06,7.973241785582535e-06,1.2104759142879395e-05,0.0882004450736553,0.08953722233013979,0.0013367772564844838,0.06584387949723305,0.023635961278580517,0.023635961278580517,0.0,0.0,123,4,0.023635961278580517,False,12,18,88
ridge_teacher,2,6,32,fixed,0.023693342832906743,0.023544170180673986,8,2,5,3,0.023555246563619466,0.023548577914672,0.023697683706184258,0.023702729519298655,5.0458131143973906e-06,4.340873277514784e-06,9.386686391912175e-06,0.08594119609309196,0.08726195790120203,0.0013207618081100686,0.06356861506829528,0.023635961278580517,0.023635961278580517,0.0,0.0,99,4,0.023635961278580517,True,0,15,63
ridge_teacher,2,6,32,moving,0.024066275516647983,0.023544170180673986,8,0,2,5,0.02355081219862186,0.023555246563619466,0.024066045271420915,0.024075927400715243,9.882129294327968e-06,0.0,9.65188406725978e-06,0.07530776524613499,0.07660956364007042,0.0013017983939354327,0.05254328812342243,0.023555246563619466,0.023555246563619466,0.0,0.0,99,8,0.023551281598829917,True,0,11,31
ridge_teacher,2,6,32,moving,0.024066275516647983,0.023544170180673986,8,1,0,7,0.02355214825207152,0.02354789103804259,0.024073345901373812,0.024080689045588032,7.3431442142203596e-06,7.070384725828965e-06,1.4413528940049325e-05,0.09388994433984302,0.09521638348639701,0.0013264391465539899,0.07115010796974902,0.02355214825207152,0.02355214825207152,0.0,0.0,129,8,0.023551281598829917,False,4,15,45
ridge_teacher,2,6,32,moving,0.024066275516647983,0.023544170180673986,8,2,3,6,0.023548577914672,0.023569236605089347,0.024065604543383856,0.024075051915649806,9.447372265949938e-06,0.0,8.77639900182317e-06,0.09152429824825012,0.09288901881811036,0.0013647205698602421,0.06882274330146237,0.023569236605089347,0.023569236605089347,0.0,0.0,111,8,0.023551281598829917,True,0,15,42
ridge_teacher,2,6,64,fixed,0.023693342832906743,0.023544170180673986,8,0,6,4,0.023548688553765067,0.023580296769117846,0.023697027408156338,0.023703288347144965,6.260938988627424e-06,3.6845752495948125e-06,9.945514238222236e-06,0.06553468421989493,0.06665563445578748,0.001120950235892551,0.04296229162288074,0.023635961278580517,0.023635961278580517,0.0,0.0,156,4,0.023635961278580517,True,0,14,49
ridge_teacher,2,6,64,fixed,0.023693342832906743,0.023544170180673986,8,1,7,1,0.023555165003265134,0.023551456864572863,0.023698603755915603,0.023705557292772253,6.953536856649928e-06,5.260923008860302e-06,1.221445986551023e-05,0.0863724414386008,0.08776610394631938,0.0013936625077185794,0.06407276111341265,0.023635961278580517,0.023635961278580517,0.0,0.0,150,4,0.023635961278580517,False,3,14,68
ridge_teacher,2,6,64,fixed,0.023693342832906743,0.023544170180673986,8,2,0,3,0.02354638537540991,0.023552331226813866,0.02369782016797967,0.023703314382732495,5.494214752824883e-06,4.477335072926997e-06,9.97154982575188e-06,0.07604316174466219,0.07729583474464492,0.0012526729999827318,0.05360249191173818,0.023635961278580517,0.023635961278580517,0.0,0.0,147,4,0.023635961278580517,True,0,15,61
ridge_teacher,2,6,64,moving,0.02390644007339587,0.023544170180673986,8,0,7,2,0.023555165003265134,0.023551740762655964,0.023909541297828435,0.023914305673652263,4.764375823827771e-06,3.101224432564692e-06,7.865600256392463e-06,0.06900042583935577,0.07012606569544343,0.0011256398560876568,0.04621962562204755,0.023555165003265134,0.023555165003265134,0.0,0.0,162,8,0.023551281598829917,True,0,13,40
ridge_teacher,2,6,64,moving,0.02390644007339587,0.023544170180673986,8,1,0,5,0.02354638537540991,0.023550963665702637,0.023908030711446895,0.023915717868975953,7.68715752905852e-06,1.59063805102444e-06,9.27779558008296e-06,0.07757386809074063,0.07872710751098488,0.0011532394202442564,0.05482066743758901,0.023550963665702637,0.023550963665702637,0.0,0.0,153,16,0.02354699342519222,True,0,13,50
ridge_teacher,2,6,64,moving,0.02390644007339587,0.023544170180673986,8,2,1,6,0.023551456864572863,0.023548688553765067,0.023910597809269775,0.023917165226578604,6.5674173088288434e-06,4.157735873904639e-06,1.0725153182733482e-05,0.09370353987004301,0.0951203883296574,0.0014168484596143865,0.07121394825626153,0.02355145686457287,0.02355145686457287,0.0,0.0,159,8,0.023551281598829917,False,2,13,51
ridge_teacher,2,6,128,fixed,0.023693342832906743,0.023544170180673986,8,0,1,4,0.023550196329738537,0.023556027098886052,0.023697229064620528,0.02370339078864842,6.16172402789078e-06,3.886231713785132e-06,1.0047955741675912e-05,0.07528919409005855,0.07654435777487979,0.001255163684821245,0.05285101494197305,0.023635961278580517,0.023635961278580517,0.0,0.0,234,4,0.023635961278580517,False,1,13,49
ridge_teacher,2,6,128,fixed,0.023693342832906743,0.023544170180673986,8,1,2,6,0.023552166971752428,0.023556291565831482,0.02370253021293766,0.02370834906371688,5.8188507792190924e-06,9.187380030917236e-06,1.5006230810136328e-05,0.07726637526061234,0.07859241768133905,0.0013260424207267169,0.05489907484843231,0.023635961278580517,0.023635961278580517,0.0,0.0,249,4,0.023635961278580517,False,5,17,54
ridge_teacher,2,6,128,fixed,0.023693342832906743,0.023544170180673986,8,2,5,0,0.023553721360007263,0.02355102964401091,0.02370291724903316,0.023708741193892813,5.823944859654345e-06,9.574416126416352e-06,1.5398360986070697e-05,0.08060373123227853,0.08192122604962046,0.0013174948173419326,0.05822788321671372,0.023635961278580517,0.023635961278580517,0.0,0.0,231,4,0.023635961278580517,False,5,14,70
ridge_teacher,2,6,128,moving,0.02380297805490744,0.023544170180673986,8,0,6,0,0.023556291565831482,0.02355102964401091,0.023803502689502157,0.023812863778122112,9.361088619954522e-06,5.24634594718798e-07,9.88572321467332e-06,0.08111156521167603,0.08242718556064382,0.0013156203489677887,0.05862420750573638,0.023556291565831486,0.023556291565831486,0.0,0.0,231,8,0.023551281598829917,True,0,15,41
ridge_teacher,2,6,128,moving,0.02380297805490744,0.023544170180673986,8,1,1,3,0.023550196329738537,0.023550592713870045,0.02381240314027319,0.023818413620629426,6.010480356234693e-06,9.425085365753066e-06,1.543556572198776e-05,0.08731273269406523,0.08871356758115279,0.0014008348870875598,0.06491058952624534,0.02355059271387005,0.02355059271387005,0.0,0.0,201,16,0.02354699342519222,False,5,14,55
ridge_teacher,2,6,128,moving,0.02380297805490744,0.023544170180673986,8,2,4,5,0.023556027098886052,0.023553721360007263,0.02380707740699524,0.023812578851480817,5.501444485578322e-06,4.099352087800351e-06,9.600796573378673e-06,0.08869714596210698,0.09006158114010629,0.001364435177999307,0.06625860308519885,0.023556027098886052,0.023556027098886052,0.0,0.0,237,8,0.023551281598829917,True,0,13,50
ridge_teacher,2,7,8,fixed,0.023693342832906743,0.023544170180673986,8,0,6,4,0.02363338805794969,0.02354783868461817,0.02370172391915983,0.02370704532328731,5.3214041274805834e-06,8.381086253086284e-06,1.3702490380566867e-05,0.08239647665068887,0.08345830517069569,0.0010618285200068162,0.05976496233778895,0.16095532525553988,0.16095532525553988,0.0,0.13726198242263313,11,4,0.023635961278580517,False,14,26,85
ridge_teacher,2,7,8,fixed,0.023693342832906743,0.023544170180673986,8,1,5,1,0.02364194275049741,0.023544170180673986,0.09117302119532376,0.0926167448764184,0.001443723681094633,0.06747967836241703,0.06892340204351166,0.09117302119532376,0.0926167448764184,0.001443723681094633,0.06892340204351166,0.16095011257722314,0.16095011257722314,0.0,0.1372567697443164,11,4,0.023635961278580517,False,1,0,2
ridge_teacher,2,7,8,fixed,0.023693342832906743,0.023544170180673986,8,2,3,7,0.023594677237841782,0.023639598808745242,0.02370290687559009,0.023726669380823042,2.3762505232952785e-05,9.56404268334654e-06,3.3326547916299326e-05,0.09928176731745146,0.10057659679624902,0.0012948294787975545,0.07688325396334228,0.15337527619144453,0.15337527619144453,0.0,0.12968193335853778,11,4,0.023635961278580517,False,37,36,94
ridge_teacher,2,7,8,moving,0.024678834633991516,0.023544170180673986,8,0,0,5,0.023635390298989856,0.02364194275049741,0.02468140410232248,0.024688775146605633,7.371044283152606e-06,2.5694683309651634e-06,9.940512614117769e-06,0.09756793028626531,0.099088975154112,0.0015210448678466826,0.07441014052012049,0.12220652526943512,0.12220652526943512,0.0,0.09752769063544361,22,2,0.03785414326272296,True,0,17,42
ridge_teacher,2,7,8,moving,0.024678834633991516,0.023544170180673986,8,1,3,7,0.023594677237841782,0.023639598808745242,0.024674229937663817,0.024688560260175994,1.4330322512176585e-05,0.0,9.725626184477892e-06,0.09928176731745146,0.10057659679624902,0.0012948294787975545,0.07589776216225749,0.15337527619144453,0.15337527619144453,0.0,0.12869644155745302,11,2,0.03785414326272296,True,0,20,38
ridge_teacher,2,7,8,moving,0.024678834633991516,0.023544170180673986,8,2,1,4,0.023544170180673986,0.02354783868461817,0.024685624118458503,0.024691400987741356,5.776869282853037e-06,6.789484466987461e-06,1.2566353749840498e-05,0.10509044855718618,0.10655122280961501,0.0014607742524288397,0.0818723881756235,0.16095532525553988,0.16095532525553988,0.0,0.13627649062154837,11,2,0.03785414326272296,False,3,13,31
ridge_teacher,2,7,16,fixed,0.023693342832906743,0.023544170180673986,8,0,2,7,0.023553249803303675,0.023603410126794934,0.023702954841702394,0.023706466397713608,3.5115560112139454e-06,9.612008795650828e-06,1.3123564806864774e-05,0.051523262010763876,0.052285359551701216,0.0007620975409373398,0.028592016718794473,0.025753034244166348,0.025753034244166348,0.0,0.002059691411259605,38,4,0.023635961278580517,False,10,13,62
ridge_teacher,2,7,16,fixed,0.023693342832906743,0.023544170180673986,8,1,5,6,0.02355928428303763,0.023579603790253385,0.023703114864339566,0.02370752542591206,4.410561572493199e-06,9.772031432823264e-06,1.4182593005316463e-05,0.0715904832525015,0.07251398210949285,0.0009234988569913477,0.04882063927658611,0.023645752153384943,0.023645752153384943,0.0,0.0,47,4,0.023635961278580517,False,8,14,57
ridge_teacher,2,7,16,fixed,0.023693342832906743,0.023544170180673986,8,2,4,0,0.023573095556212655,0.023551440494998854,0.023696954610320613,0.023703080979876962,6.126369556349459e-06,3.6117774138699765e-06,9.738146970219436e-06,0.05466427282068062,0.055445034657747395,0.0007807618370667749,0.03175169182484065,0.023635961278580517,0.023635961278580517,0.0,0.0,28,4,0.023635961278580517,True,0,15,47
ridge_teacher,2,7,16,moving,0.02426994349156344,0.023544170180673986,8,0,1,3,0.02356156276885342,0.0235730751159545,0.024269759591102967,0.024279115329308345,9.355738205377856e-06,0.0,9.171837744903488e-06,0.08045034208799785,0.08145245049151909,0.0010021084035212319,0.05718250699995564,0.0236786929428631,0.0236786929428631,0.0,0.0,61,4,0.023635961278580517,True,0,12,45
ridge_teacher,2,7,16,moving,0.02426994349156344,0.023544170180673986,8,1,5,7,0.02355928428303763,0.023603410126794934,0.024268804661738325,0.02427817168199078,9.367020252455671e-06,0.0,8.228190427339577e-06,0.054668575769554,0.05545483299903403,0.0007862572294800307,0.03118488950747059,0.025753034244166348,0.025753034244166348,0.0,0.0014830907526029065,44,4,0.023635961278580517,True,0,9,25
ridge_teacher,2,7,16,moving,0.02426994349156344,0.023544170180673986,8,2,0,6,0.023551440494998854,0.023579603790253385,0.024268093666350837,0.02427953427405344,1.1440607702604966e-05,0.0,9.590782490000171e-06,0.07307822282661039,0.07401377036723204,0.0009355475406216535,0.0497438268756686,0.023645752153384943,0.023645752153384943,0.0,0.0,32,4,0.023635961278580517,True,0,12,30
ridge_teacher,2,7,32,fixed,0.023693342832906743,0.023544170180673986,8,0,3,6,0.023565451395369613,0.023579584408773502,0.02370202414452722,0.023708008836363977,5.9846918367585655e-06,8.681311620475918e-06,1.4666003457234483e-05,0.0866796977553217,0.08783182608481467,0.0011521283294929768,0.06413848325190794,0.023635961278580517,0.023635961278580517,0.0,0.0,123,4,0.023635961278580517,False,8,14,80
ridge_teacher,2,7,32,fixed,0.023693342832906743,0.023544170180673986,8,1,7,2,0.02355225327557878,0.0235554938033999,0.02370130675979839,0.023709169411729177,7.862651930787973e-06,7.963926891646489e-06,1.582657882243446e-05,0.08127377984210148,0.08239119252965305,0.0011174126875515694,0.0586978496967463,0.023635961278580517,0.023635961278580517,0.0,0.0,117,4,0.023635961278580517,False,22,16,85
ridge_teacher,2,7,32,fixed,0.023693342832906743,0.023544170180673986,8,2,1,4,0.02354926132948233,0.023566184332508896,0.02370129641997712,0.023707023583481292,5.727163504172517e-06,7.953587070376467e-06,1.3680750574548983e-05,0.07925971451968149,0.08041005833551512,0.0011503438158336349,0.05671671550260838,0.023635961278580517,0.023635961278580517,0.0,0.0,120,4,0.023635961278580517,False,14,15,71
ridge_teacher,2,7,32,moving,0.024066275516647983,0.023544170180673986,8,0,4,3,0.023566184332508896,0.023565451395369613,0.02406581968870366,0.024076151879809587,1.0332191105928007e-05,0.0,9.876363161603896e-06,0.07168739101921168,0.07265872042195547,0.0009713294027437896,0.04859244490530748,0.023566184332508896,0.023566184332508896,0.0,0.0,120,8,0.023551281598829917,True,0,11,38
ridge_teacher,2,7,32,moving,0.024066275516647983,0.023544170180673986,8,1,0,6,0.02355325833301169,0.023579584408773502,0.02407489862299963,0.02407815861256194,3.2599895623125485e-06,8.62310635164551e-06,1.1883095913958058e-05,0.08010233320109421,0.08140032425578009,0.0012979910546858792,0.0573340487391321,0.023579584408773502,0.023579584408773502,0.0,0.0,114,8,0.023551281598829917,False,4,12,50
ridge_teacher,2,7,32,moving,0.024066275516647983,0.023544170180673986,8,2,2,1,0.0235554938033999,0.02354926132948233,0.024075900246052186,0.024083002840875178,7.102594822991359e-06,9.624729404203447e-06,1.6727324227194806e-05,0.08389950822913106,0.08518351025949991,0.0012840020303688526,0.061117234742851925,0.0235554938033999,0.0235554938033999,0.0,0.0,111,8,0.023551281598829917,False,5,15,48
ridge_teacher,2,7,64,fixed,0.023693342832906743,0.023544170180673986,8,0,6,1,0.023548335649347968,0.023550952108070223,0.023702649144914833,0.023707387209010843,4.738064096010408e-06,9.306312008090095e-06,1.4044376104100503e-05,0.08669678517733465,0.08803050787324802,0.001333722695913378,0.06433716504034129,0.023635961278580517,0.023635961278580517,0.0,0.0,153,4,0.023635961278580517,False,12,16,71
ridge_teacher,2,7,64,fixed,0.023693342832906743,0.023544170180673986,8,1,2,0,0.02355134417143554,0.023554121356478573,0.023699993077823486,0.02370591067941036,5.917601586875182e-06,6.650244916743542e-06,1.2567846503618724e-05,0.08317963302494877,0.08449486344177484,0.0013152304168260742,0.0608015206088681,0.023635961278580517,0.023635961278580517,0.0,0.0,159,4,0.023635961278580517,False,4,13,79
ridge_teacher,2,7,64,fixed,0.023693342832906743,0.023544170180673986,8,2,3,5,0.023550762362562115,0.023558022771420637,0.023700787559158,0.023705377698047737,4.5901388897387485e-06,7.444726251255862e-06,1.203486514099461e-05,0.0678984544346842,0.06900101593051572,0.0011025614958315166,0.045307673097608976,0.023635961278580517,0.023635961278580517,0.0,0.0,156,4,0.023635961278580517,False,7,14,70
ridge_teacher,2,7,64,moving,0.02390644007339587,0.023544170180673986,8,0,7,1,0.023554254229848148,0.023550952108070223,0.023916083461742906,0.023920842857337886,4.759395594980398e-06,9.643388347035237e-06,1.4402783942015634e-05,0.06849232989707825,0.06966568469676554,0.00117335479968729,0.045759244623369666,0.02355425422984815,0.02355425422984815,0.0,0.0,159,8,0.023551281598829917,False,5,13,46
ridge_teacher,2,7,64,moving,0.02390644007339587,0.023544170180673986,8,1,6,0,0.023548335649347968,0.023554121356478573,0.02390874873827815,0.023916312437537477,7.563699259326151e-06,2.3086648822806533e-06,9.872364141606804e-06,0.06580781748958196,0.06694707224298405,0.001139254753402083,0.04304063216958817,0.023554121356478573,0.023554121356478573,0.0,0.0,165,8,0.023551281598829917,True,0,13,39
ridge_teacher,2,7,64,moving,0.02390644007339587,0.023544170180673986,8,2,4,5,0.023551272970158972,0.023558022771420637,0.02391541373490612,0.02391931041025059,3.896675344471079e-06,8.973661510248282e-06,1.287033685471936e-05,0.08661776947409089,0.08790976536563602,0.0012919958915451335,0.06400332529224015,0.023558022771420637,0.023558022771420637,0.0,0.0,162,8,0.023551281598829917,False,6,12,49
ridge_teacher,2,7,128,fixed,0.023693342832906743,0.023544170180673986,8,0,7,0,0.023551273415477254,0.023548249883611448,0.02370210177625573,0.023707421403495486,5.319627239756819e-06,8.758943348986803e-06,1.4078570588743622e-05,0.08250690818030783,0.08381880794667891,0.001311899766371083,0.06012546511377217,0.023635961278580517,0.023635961278580517,0.0,0.0,228,4,0.023635961278580517,False,5,14,64
ridge_teacher,2,7,128,fixed,0.023693342832906743,0.023544170180673986,8,1,3,2,0.023550157777131677,0.023548039444289293,0.02370322508464205,0.02370855063811333,5.325553471279693e-06,9.882251735308933e-06,1.5207805206588626e-05,0.07720993515507406,0.0784071660398062,0.0011972308847321422,0.05471382320689946,0.023635961278580517,0.023635961278580517,0.0,0.0,216,4,0.023635961278580517,False,6,15,58
ridge_teacher,2,7,128,fixed,0.023693342832906743,0.023544170180673986,8,2,4,5,0.023553085925219833,0.023551811608815316,0.023701473108332437,0.02370764520117654,6.172092844102667e-06,8.130275425694694e-06,1.4302368269797361e-05,0.0713108760823271,0.07250263583236637,0.0011917597500392674,0.04880929299945962,0.023635961278580517,0.023635961278580517,0.0,0.0,231,4,0.023635961278580517,False,10,14,58
ridge_teacher,2,7,128,moving,0.02380297805490744,0.023544170180673986,8,0,6,3,0.023550091196946014,0.023550157777131677,0.023802301433430605,0.023812855423176398,1.055398974579222e-05,0.0,9.87736826895888e-06,0.06877185419010555,0.06998551302187724,0.0012136588317716857,0.04618253496696979,0.02355015777713168,0.02355015777713168,0.0,0.0,219,16,0.02354699342519222,True,0,13,40
ridge_teacher,2,7,128,moving,0.02380297805490744,0.023544170180673986,8,1,1,2,0.023553659170703456,0.023548039444289293,0.023808651381695682,0.023815731087484453,7.07970578877129e-06,5.673326788243477e-06,1.2753032577014767e-05,0.07075764958009854,0.07197571476712422,0.001218065187025677,0.04817273671221678,0.023553659170703456,0.023553659170703456,0.0,0.0,213,8,0.023551281598829917,False,3,12,46
ridge_teacher,2,7,128,moving,0.02380297805490744,0.023544170180673986,8,2,0,5,0.023548249883611448,0.023551811608815316,0.023799640824477747,0.02381186471517633,1.222389069858304e-05,0.0,8.886660268891261e-06,0.08040562354840061,0.08169306887823823,0.0012874453298376137,0.057890090823330784,0.023551811608815316,0.023551811608815316,0.0,0.0,228,8,0.023551281598829917,True,0,13,40
ridge_teacher,2,8,8,fixed,0.023693342832906743,0.023544170180673986,7,0,0,2,0.02363439962073759,0.02363458035332712,0.023702500345626865,0.023708216557999668,5.716212372802731e-06,9.157512720122524e-06,1.4873725092925255e-05,0.08922953916949078,0.09053563938098588,0.0013061002114951037,0.06684229654807913,0.16117192071157463,0.16117192071157463,0.0,0.13747857787866788,11,4,0.023635961278580517,False,25,31,96
ridge_teacher,2,8,8,fixed,0.023693342832906743,0.023544170180673986,7,1,5,3,0.023636413577254625,0.02355410399896092,0.02370255708777425,0.023708253750643126,5.6966628688773224e-06,9.214254867506017e-06,1.4910917736383339e-05,0.08292624810721962,0.083861863668925,0.0009356155617053774,0.06016852083601825,0.1475435863318719,0.1475435863318719,0.0,0.12385024349896515,11,4,0.023635961278580517,False,19,21,81
ridge_teacher,2,8,8,fixed,0.023693342832906743,0.023544170180673986,7,2,7,1,0.02363369793403937,0.023550831463137578,0.023714889902375833,0.02373973859508011,2.484869270427681e-05,2.1547069469090435e-05,4.6395762173367244e-05,0.11323803093987127,0.11468029181152492,0.0014422608716536528,0.09098694897861817,0.1611525377159626,0.1611525377159626,0.0,0.13745919488305586,11,4,0.023635961278580517,False,22,35,94
ridge_teacher,2,8,8,moving,0.024678834633991516,0.023544170180673986,7,0,3,1,0.02355410399896092,0.023550831463137578,0.024682320719987463,0.02468850138736067,6.180667373206772e-06,3.486085995946936e-06,9.666753369153708e-06,0.0726390381844146,0.07368977109738117,0.001050732912966576,0.04901093646338966,0.16095369124470724,0.16095369124470724,0.0,0.13627485661071573,11,2,0.03785414326272296,True,0,9,36
ridge_teacher,2,8,8,moving,0.024678834633991516,0.023544170180673986,7,1,2,6,0.02363458035332712,0.023551099629927755,0.02467032883583197,0.024687011831900443,1.6682996068471262e-05,0.0,8.177197908926931e-06,0.1050024255179234,0.10663221477624034,0.0016297892583169438,0.08195338014224882,0.16117192071157463,0.16117192071157463,0.0,0.13649308607758312,19,2,0.03785414326272296,True,0,10,27
ridge_teacher,2,8,8,moving,0.024678834633991516,0.023544170180673986,7,2,7,5,0.02363369793403937,0.023636413577254625,0.024684111257939272,0.024686940970664126,2.829712724854161e-06,5.276623947756548e-06,8.106336672610709e-06,0.07017988951339828,0.07091714642340527,0.000737256910006992,0.046238311789413754,0.1611525377159626,0.1611525377159626,0.0,0.1364737030819711,11,2,0.03785414326272296,True,0,6,21
ridge_teacher,2,8,16,fixed,0.023693342832906743,0.023544170180673986,8,0,5,6,0.02355159245188752,0.023547075430170344,0.023703149034615463,0.02370820323695765,5.0542023421855375e-06,9.806201708720264e-06,1.4860404050905801e-05,0.10431109286675917,0.1058697276556128,0.0015586347888536245,0.08217638482270606,0.023635961278580517,0.023635961278580517,0.0,0.0,66,4,0.023635961278580517,False,22,23,96
ridge_teacher,2,8,16,fixed,0.023693342832906743,0.023544170180673986,8,1,7,1,0.023559270310266573,0.023546215123432183,0.02370016100929653,0.023703359098294186,3.1980889976558624e-06,6.818176389786906e-06,1.0016265387442769e-05,0.06350243467431625,0.06434582232337636,0.0008433876490601122,0.04065247949046962,0.023635961278580517,0.023635961278580517,0.0,0.0,53,4,0.023635961278580517,False,1,16,54
ridge_teacher,2,8,16,fixed,0.023693342832906743,0.023544170180673986,8,2,0,2,0.023558454230150346,0.023551270054143356,0.02370130136446422,0.023707023870270866,5.722505806646239e-06,7.958531557477472e-06,1.368103736412371e-05,0.09180659302047628,0.0931019079400063,0.0012953149195300273,0.06940856510709956,0.023635961278580517,0.023635961278580517,0.0,0.0,67,4,0.023635961278580517,False,8,25,79
ridge_teacher,2,8,16,moving,0.02426994349156344,0.023544170180673986,8,0,3,0,0.023558813890019768,0.023558454230150346,0.02426875266482693,0.024279920827813276,1.1168162986345542e-05,0.0,9.977336249834823e-06,0.05889326949139754,0.059824046838348285,0.0009307773469507466,0.03555410334678484,0.023635961278580517,0.023635961278580517,0.0,0.0,59,4,0.023635961278580517,True,0,9,26
ridge_teacher,2,8,16,moving,0.02426994349156344,0.023544170180673986,8,1,4,5,0.02362437360833861,0.02355159245188752,0.024274611208805183,0.024279986039058097,5.374830252913992e-06,4.667717241741559e-06,1.0042547494655552e-05,0.07969843946219751,0.08084076437358036,0.0011423249113828443,0.05657082088201691,0.03785414326272296,0.03785414326272296,0.0,0.01358419977115952,52,2,0.03785414326272296,False,1,13,48
ridge_teacher,2,8,16,moving,0.02426994349156344,0.023544170180673986,8,2,6,7,0.023547075430170344,0.023559270310266573,0.024276500285595207,0.024279503380118975,3.0030945237687068e-06,6.556794031765262e-06,9.559888555533969e-06,0.05037870985740311,0.05117071522796725,0.0007920053705641403,0.026900771736403806,0.023635961278580517,0.023635961278580517,0.0,0.0,64,4,0.023635961278580517,True,0,7,34
ridge_teacher,2,8,32,fixed,0.023693342832906743,0.023544170180673986,8,0,4,2,0.023561135857375154,0.023560954567674427,0.023701987413389046,0.023707489722253172,5.502308864126226e-06,8.64458048230321e-06,1.4146889346429437e-05,0.09431261234908378,0.09556473822132622,0.0012521258722424378,0.07187139538841947,0.023635961278580517,0.023635961278580517,0.0,0.0,117,4,0.023635961278580517,False,20,15,78
ridge_teacher,2,8,32,fixed,0.023693342832906743,0.023544170180673986,8,1,3,7,0.023552737768551078,0.02354881087676912,0.023701119805820486,0.023706547002281544,5.427196461058048e-06,7.77697291374363e-06,1.3204169374801678e-05,0.0735433241976548,0.07454300622744457,0.0009996820297897696,0.05084966339453783,0.023635961278580517,0.023635961278580517,0.0,0.0,102,4,0.023635961278580517,False,11,13,60
ridge_teacher,2,8,32,fixed,0.023693342832906743,0.023544170180673986,8,2,6,1,0.023557460271040054,0.023553460617122147,0.023700106106579157,0.0237033147124784,3.2086058992415734e-06,6.763273672414499e-06,9.971879571656073e-06,0.04903832080137344,0.04975178615560366,0.000713465354230218,0.02605844332269692,0.023635961278580517,0.023635961278580517,0.0,0.0,123,4,0.023635961278580517,True,0,11,50
ridge_teacher,2,8,32,moving,0.024066275516647983,0.023544170180673986,8,0,6,2,0.023557460271040054,0.023560954567674427,0.024065426227753345,0.02407613954769871,1.0713319945364341e-05,0.0,9.86403105072628e-06,0.05247178477414898,0.053264352535704114,0.0007925677615551324,0.02919807701905613,0.023560954567674427,0.023560954567674427,0.0,0.0,120,8,0.023551281598829917,True,0,10,27
ridge_teacher,2,8,32,moving,0.024066275516647983,0.023544170180673986,8,1,5,0,0.023559518041585993,0.023555073237353986,0.024064253278966247,0.024076094361455594,1.1841082489347232e-05,0.0,9.818844807610999e-06,0.04994062867039131,0.050831051432539937,0.0008904227621486238,0.026764775915891954,0.023559518041585997,0.023559518041585997,0.0,0.0,108,8,0.023551281598829917,True,0,9,25
ridge_teacher,2,8,32,moving,0.024066275516647983,0.023544170180673986,8,2,3,7,0.023552737768551078,0.02354881087676912,0.02407539020491695,0.024079490244969623,4.100040052672921e-06,9.114688268967164e-06,1.3214728321640085e-05,0.0735433241976548,0.07454300622744457,0.0009996820297897696,0.050476730710796586,0.02355273776855108,0.02355273776855108,0.0,0.0,102,8,0.023551281598829917,False,5,11,46
ridge_teacher,2,8,64,fixed,0.023693342832906743,0.023544170180673986,8,0,4,7,0.02354838786533265,0.023552174026955506,0.023693531437448342,0.023703231174874967,9.699737426625138e-06,1.8860454159899676e-07,9.888341968224135e-06,0.06521533674879516,0.06619183408669391,0.0009764973378987435,0.042498491253787164,0.023635961278580517,0.023635961278580517,0.0,0.0,171,4,0.023635961278580517,True,0,13,46
ridge_teacher,2,8,64,fixed,0.023693342832906743,0.023544170180673986,8,1,0,5,0.023549662963718326,0.023551171450684416,0.02370213646886723,0.023707228385029293,5.0919161620650855e-06,8.793635960485657e-06,1.3885552122550743e-05,0.0797745652063177,0.08106718179809382,0.0012926165917761107,0.05737383896518707,0.023635961278580517,0.023635961278580517,0.0,0.0,159,4,0.023635961278580517,False,5,17,66
ridge_teacher,2,8,64,fixed,0.023693342832906743,0.023544170180673986,8,2,6,1,0.023549014990606708,0.023555359102062086,0.023699827301553497,0.023703077842599722,3.250541046224964e-06,6.484468646754393e-06,9.735009692979357e-06,0.06485822773535653,0.06594099663158605,0.001082768896229519,0.042247653798679306,0.023635961278580517,0.023635961278580517,0.0,0.0,159,4,0.023635961278580517,True,0,13,50
ridge_teacher,2,8,64,moving,0.02390644007339587,0.023544170180673986,8,0,1,0,0.023555359102062086,0.023549662963718326,0.023902284019894943,0.023915276072799637,1.2992052904694379e-05,0.0,8.835999403766781e-06,0.07287798601119373,0.07405301107626222,0.0011750250650684885,0.05014657100286635,0.023555359102062086,0.023555359102062086,0.0,0.0,147,8,0.023551281598829917,True,0,13,32
ridge_teacher,2,8,64,moving,0.02390644007339587,0.023544170180673986,8,1,7,6,0.023552174026955506,0.023549014990606708,0.023905732502487065,0.023916300127707592,1.0567625220527649e-05,0.0,9.86005431172221e-06,0.09078537873803698,0.09213073083919963,0.0013453521011626557,0.06822429076580376,0.023552174026955506,0.023552174026955506,0.0,0.0,168,8,0.023551281598829917,True,0,14,40
ridge_teacher,2,8,64,moving,0.02390644007339587,0.023544170180673986,8,2,2,4,0.02355165610485383,0.02354838786533265,0.02391617257619285,0.023920946466820626,4.773890627775973e-06,9.732502796979542e-06,1.4506393424755515e-05,0.07510418642445667,0.07624484678491397,0.0011406603604573046,0.0523384067115181,0.02355165610485383,0.02355165610485383,0.0,0.0,162,8,0.023551281598829917,False,6,12,51
ridge_teacher,2,8,128,fixed,0.023693342832906743,0.023544170180673986,8,0,0,1,0.023558160495843705,0.023547231187996048,0.023697754544585753,0.023703736530633096,5.981986047343124e-06,4.411711679010166e-06,1.039369772635329e-05,0.08708839173037736,0.08840705742662006,0.001318665696242699,0.0647137145937133,0.023635961278580517,0.023635961278580517,0.0,0.0,213,4,0.023635961278580517,False,2,16,61
ridge_teacher,2,8,128,fixed,0.023693342832906743,0.023544170180673986,8,1,3,7,0.02355595830013552,0.023554529769574745,0.02369825144980746,0.023704250158050937,5.998708243477868e-06,4.908616900715923e-06,1.0907325144193791e-05,0.07742994169001323,0.07867156612317289,0.0012416244331596576,0.054978223290266144,0.023635961278580517,0.023635961278580517,0.0,0.0,216,4,0.023635961278580517,False,3,13,64
ridge_teacher,2,8,128,fixed,0.023693342832906743,0.023544170180673986,8,2,4,2,0.02355059161130212,0.023555141479309608,0.023694245149012028,0.02370331422428283,9.069075270803917e-06,9.023161052848505e-07,9.971391376088767e-06,0.061540072366785575,0.06263787022406747,0.0010977978572818958,0.03894452739116073,0.023635961278580517,0.023635961278580517,0.0,0.0,222,4,0.023635961278580517,True,0,13,51
ridge_teacher,2,8,128,moving,0.02380297805490744,0.023544170180673986,8,0,0,6,0.023558160495843705,0.02354918315631531,0.023812583526585402,0.02381862081547601,6.037288890606285e-06,9.605471677963384e-06,1.564276056856967e-05,0.07231323668040181,0.07353595605542992,0.0012227193750281168,0.04973297800052248,0.023558160495843705,0.023558160495843705,0.0,0.0,216,8,0.023551281598829917,False,5,14,46
ridge_teacher,2,8,128,moving,0.02380297805490744,0.023544170180673986,8,1,5,2,0.02355161923314312,0.023555141479309608,0.02380122991675275,0.023812238382775013,1.1008466022262298e-05,0.0,9.260327867573886e-06,0.07157886334675605,0.0727945108759216,0.0012156475291655588,0.048991532821014164,0.023555141479309608,0.023555141479309608,0.0,0.0,231,8,0.023551281598829917,True,0,13,42
ridge_teacher,2,8,128,moving,0.02380297805490744,0.023544170180673986,8,2,3,7,0.02355595830013552,0.023554529769574745,0.023802270735005373,0.023812900560997816,1.0629825992442693e-05,0.0,9.922506090376954e-06,0.07742994169001323,0.07867156612317289,0.0012416244331596576,0.054868588068265445,0.023555958300135522,0.023555958300135522,0.0,0.0,216,8,0.023551281598829917,True,0,13,40
ridge_teacher,2,9,8,fixed,0.023693342832906743,0.023544170180673986,8,0,0,1,0.023634302430915133,0.02363479381710078,0.023701094784108073,0.023706777201484633,5.682417376560306e-06,7.751951201329793e-06,1.3434368577890099e-05,0.07114075610375306,0.07201043163391889,0.0008696755301658282,0.04831708880101215,0.12220676496564291,0.12220676496564291,0.0,0.09851342213273617,11,4,0.023635961278580517,False,11,25,76
ridge_teacher,2,9,8,fixed,0.023693342832906743,0.023544170180673986,8,1,5,6,0.023634679371958737,0.02355277424832779,0.023702138314338716,0.023707525143301465,5.386828962748724e-06,8.79548143197309e-06,1.4182310394721814e-05,0.048590946325436986,0.04902490817053293,0.0004339618450959412,0.025331565337626184,0.16381682857682642,0.16381682857682642,0.0,0.14012348574391967,11,4,0.023635961278580517,False,14,19,59
ridge_teacher,2,9,8,fixed,0.023693342832906743,0.023544170180673986,8,2,2,7,0.0235501992890259,0.023551378257516777,0.023700683980827753,0.02370531868486346,4.634704035708093e-06,7.341147921009761e-06,1.1975851956717853e-05,0.07368084683599069,0.07474016712342087,0.0010593202874301794,0.051046824290514124,0.14686022122536652,0.14686022122536652,0.0,0.12316687839245977,14,4,0.023635961278580517,False,3,24,68
ridge_teacher,2,9,8,moving,0.024678834633991516,0.023544170180673986,8,0,6,0,0.02355277424832779,0.023634302430915133,0.024674042747363876,0.024685875965991977,1.1833218628101022e-05,0.0,7.041332000461142e-06,0.058829010524394224,0.059620298003363006,0.0007912874789687829,0.03494146336937149,0.16365954851745265,0.16365954851745265,0.0,0.13898071388346114,11,2,0.03785414326272296,True,0,9,24
ridge_teacher,2,9,8,moving,0.024678834633991516,0.023544170180673986,8,1,7,2,0.023551378257516777,0.0235501992890259,0.024687443843880726,0.02469295872092035,5.514877039623084e-06,8.609209889209879e-06,1.4124086928832963e-05,0.07368084683599069,0.07474016712342087,0.0010593202874301794,0.05006133248942935,0.14686022122536652,0.14686022122536652,0.0,0.12218138659137501,14,2,0.03785414326272296,False,4,13,41
ridge_teacher,2,9,8,moving,0.024678834633991516,0.023544170180673986,8,2,3,4,0.023555392300043915,0.023549723162834355,0.024683667355153493,0.024688290044551725,4.62268939823221e-06,4.8327211619771104e-06,9.45541056020932e-06,0.0835106217824665,0.08454522982520271,0.0010346080427362098,0.059866395191211196,0.16096728637256819,0.16096728637256819,0.0,0.13628845173857668,11,2,0.03785414326272296,True,0,21,39
ridge_teacher,2,9,16,fixed,0.023693342832906743,0.023544170180673986,8,0,3,4,0.023595779272122086,0.023547386088377975,0.023702935918166666,0.023706641570907194,3.705652740527976e-06,9.593085259922834e-06,1.329873800045081e-05,0.07052321478989032,0.07156961699316186,0.0010464022032715403,0.04787627416025512,0.023781813905721448,0.023781813905721448,0.0,8.847107281470534e-05,60,4,0.023635961278580517,False,7,18,76
ridge_teacher,2,9,16,fixed,0.023693342832906743,0.023544170180673986,8,1,2,6,0.023654121228059936,0.023551461276401803,0.023702824904463994,0.023706224995689532,3.4000912255381655e-06,9.482071557251337e-06,1.2882162782789502e-05,0.06313650510340393,0.06408087073594027,0.0009443656325363314,0.04038752790303352,0.023654121228059936,0.023654121228059936,0.0,0.0,57,4,0.023635961278580517,False,14,13,72
ridge_teacher,2,9,16,fixed,0.023693342832906743,0.023544170180673986,8,2,7,0,0.023549240621562224,0.023559391491959188,0.023702140542357548,0.02370799206479306,5.851522435512679e-06,8.797709450805019e-06,1.4649231886317698e-05,0.08913809590587927,0.09028047921805736,0.0011423833121780858,0.06658713638515062,0.1223359281708337,0.1223359281708337,0.0,0.09864258533792697,34,4,0.023635961278580517,False,24,17,78
ridge_teacher,2,9,16,moving,0.02426994349156344,0.023544170180673986,8,0,0,4,0.023559391491959188,0.023547386088377975,0.024279424134713137,0.024285932548757966,6.508414044828492e-06,9.480643149695905e-06,1.5989057194524398e-05,0.09499299852969435,0.09618053254995516,0.001187534020260811,0.07191058905839172,0.023635961278580517,0.023635961278580517,0.0,0.0,62,4,0.023635961278580517,False,5,12,48
ridge_teacher,2,9,16,moving,0.02426994349156344,0.023544170180673986,8,1,1,5,0.023551115257293583,0.0235553609355266,0.024265216906591953,0.024279324661786467,1.4107755194513877e-05,0.0,9.381170223025925e-06,0.1023307072018579,0.1038818454512044,0.0015511382493464954,0.07961190195964095,0.023719391143971348,0.023719391143971348,0.0,0.0,55,4,0.023635961278580517,True,0,11,36
ridge_teacher,2,9,16,moving,0.02426994349156344,0.023544170180673986,8,2,3,7,0.023595779272122086,0.023549240621562224,0.02427359548532039,0.024279087488715795,5.4920033954047875e-06,3.651993756948607e-06,9.143997152353395e-06,0.06509547333289684,0.06605503085968492,0.0009595575267880851,0.041785087368121476,0.03785414326272296,0.03785414326272296,0.0,0.01358419977115952,69,2,0.03785414326272296,True,0,11,31
ridge_teacher,2,9,32,fixed,0.023693342832906743,0.023544170180673986,8,0,6,5,0.023553812062935102,0.02355123785168285,0.023697756671440112,0.0237033173714303,5.560699990189016e-06,4.413838533369463e-06,9.97453852355848e-06,0.0834059196559293,0.08469490970157771,0.0012889900456484055,0.06100156686867097,0.023635961278580517,0.023635961278580517,0.0,0.0,111,4,0.023635961278580517,True,0,17,56
ridge_teacher,2,9,32,fixed,0.023693342832906743,0.023544170180673986,8,1,1,4,0.023549749480022482,0.02355482167721547,0.023700937009313316,0.023705577167732503,4.64015841918769e-06,7.594176406573033e-06,1.2234334825760723e-05,0.07448188486546618,0.0756084749919916,0.001126590126525412,0.05191513215908485,0.023635961278580517,0.023635961278580517,0.0,0.0,105,4,0.023635961278580517,False,4,13,64
ridge_teacher,2,9,32,fixed,0.023693342832906743,0.023544170180673986,8,2,2,7,0.023549845497582947,0.02355305802463682,0.02369811106630251,0.0237032534365469,5.1423702443903485e-06,4.7682333957667355e-06,9.910603640157084e-06,0.04743984547214364,0.04821561700099877,0.0007757715288551348,0.02452227416809203,0.023635961278580517,0.023635961278580517,0.0,0.0,117,4,0.023635961278580517,True,0,12,36
ridge_teacher,2,9,32,moving,0.024066275516647983,0.023544170180673986,8,0,0,4,0.0235508654725648,0.02355482167721547,0.02406711596477404,0.024076232544389772,9.116579615733866e-06,8.404481260555763e-07,9.957027741789443e-06,0.0826897517577491,0.08396843036795978,0.001278678610210679,0.0599021548513118,0.023554821677215475,0.023554821677215475,0.0,0.0,105,8,0.023551281598829917,True,0,10,37
ridge_teacher,2,9,32,moving,0.024066275516647983,0.023544170180673986,8,1,6,1,0.023553812062935102,0.023549749480022482,0.024066401108849517,0.024075983789130877,9.582680281360056e-06,1.255922015344635e-07,9.70827248289452e-06,0.08584835280842751,0.08708337099399664,0.001235018185569134,0.06301709547734866,0.023553812062935102,0.023553812062935102,0.0,0.0,123,8,0.023551281598829917,True,0,12,40
ridge_teacher,2,9,32,moving,0.024066275516647983,0.023544170180673986,8,2,3,2,0.023555070946367364,0.023549845497582947,0.02406227603256294,0.02407554483975464,1.3268807191702675e-05,0.0,9.269323106658733e-06,0.0808510726877209,0.0820364131662122,0.0011853404784912952,0.05797013764956421,0.023555070946367364,0.023555070946367364,0.0,0.0,105,8,0.023551281598829917,True,0,12,34
ridge_teacher,2,9,64,fixed,0.023693342832906743,0.023544170180673986,8,0,7,4,0.02355149576698285,0.02357259729439217,0.023692465450983413,0.023702629334240072,1.0163883256659317e-05,0.0,9.286501333329727e-06,0.0944751653058161,0.09580635900953588,0.0013311937037197852,0.07211301617662913,0.023635961278580517,0.023635961278580517,0.0,0.0,159,4,0.023635961278580517,True,0,17,57
ridge_teacher,2,9,64,fixed,0.023693342832906743,0.023544170180673986,8,1,3,1,0.023552059111133,0.023547020897104767,0.023699369622059593,0.023704862497422874,5.492875363281163e-06,6.0267891528499595e-06,1.1519664516131123e-05,0.08727124812029646,0.08853714125177709,0.001265893131480622,0.06484379841887034,0.023635961278580517,0.023635961278580517,0.0,0.0,174,4,0.023635961278580517,False,4,16,72
ridge_teacher,2,9,64,fixed,0.023693342832906743,0.023544170180673986,8,2,5,2,0.023553178111008356,0.02354813730928532,0.02370151778592997,0.02370797625968569,6.458473755719535e-06,8.17495302322599e-06,1.4633426778945524e-05,0.07998367407581472,0.0811627027057427,0.0011790286299279834,0.05746935987283596,0.023635961278580517,0.023635961278580517,0.0,0.0,159,4,0.023635961278580517,False,8,14,64
ridge_teacher,2,9,64,moving,0.02390644007339587,0.023544170180673986,8,0,4,3,0.02357259729439217,0.023552059111133,0.02391527665263274,0.02391966724203258,4.3905893998413825e-06,8.836579236868453e-06,1.3227168636709835e-05,0.06480561212490281,0.06589149046845023,0.001085878343547425,0.04198505039505436,0.02357259729439217,0.02357259729439217,0.0,0.0,171,8,0.023551281598829917,False,6,11,34
ridge_teacher,2,9,64,moving,0.02390644007339587,0.023544170180673986,8,1,1,6,0.023547020897104767,0.023548374638258505,0.023916157965068612,0.02391967712997967,3.5191649110574708e-06,9.717891672741952e-06,1.3237056583799423e-05,0.06456766662969186,0.065645671682576,0.0010780050528841345,0.041739231609180125,0.023548374638258505,0.023548374638258505,0.0,0.0,168,16,0.02354699342519222,False,6,11,36
ridge_teacher,2,9,64,moving,0.02390644007339587,0.023544170180673986,8,2,0,5,0.023559236387924096,0.023553178111008356,0.02391386080937649,0.023918069161020454,4.208351643962549e-06,7.420735980621235e-06,1.1629087624583784e-05,0.0768829554501213,0.07805153856514299,0.0011685831150216874,0.05414509849174712,0.023559236387924096,0.023559236387924096,0.0,0.0,156,8,0.023551281598829917,False,4,12,43
ridge_teacher,2,9,128,fixed,0.023693342832906743,0.023544170180673986,8,0,1,3,0.023552562700730972,0.023551553450872238,0.023698169930007708,0.023703158762713488,4.988832705780238e-06,4.827097100965072e-06,9.81592980674531e-06,0.0805055270492561,0.08184181990314437,0.0013362928538882685,0.05814847707023763,0.023635961278580517,0.023635961278580517,0.0,0.0,201,4,0.023635961278580517,True,0,14,70
ridge_teacher,2,9,128,fixed,0.023693342832906743,0.023544170180673986,8,1,7,5,0.023552057374826907,0.023549172190978348,0.02369725583732454,0.023703263857558773,6.008020234232747e-06,3.913004417797211e-06,9.921024652029958e-06,0.06160078324530811,0.06267705599982303,0.001076272754514912,0.03898371316691628,0.023635961278580517,0.023635961278580517,0.0,0.0,210,4,0.023635961278580517,True,0,13,55
ridge_teacher,2,9,128,fixed,0.023693342832906743,0.023544170180673986,8,2,2,4,0.023548553784852183,0.02355472265028362,0.023700444485166394,0.02370447612216061,4.031636994215881e-06,7.101652259651481e-06,1.1133289253867362e-05,0.07410372192336097,0.07532078889398362,0.0012170669706226545,0.05162744606107688,0.023635961278580517,0.023635961278580517,0.0,0.0,234,4,0.023635961278580517,False,3,13,53
ridge_teacher,2,9,128,moving,0.02380297805490744,0.023544170180673986,8,0,5,1,0.023549172190978348,0.023552562700730972,0.02380980700546377,0.02381658010487067,6.773099406900962e-06,6.828950556331953e-06,1.3602049963232915e-05,0.0825051372238278,0.0838679595302883,0.0013628223064605094,0.06006498147538086,0.023552562700730976,0.023552562700730976,0.0,0.0,198,8,0.023551281598829917,False,15,14,65
ridge_teacher,2,9,128,moving,0.02380297805490744,0.023544170180673986,8,1,7,2,0.023552057374826907,0.023548553784852183,0.023802177213747742,0.023811131936030648,8.954722282905614e-06,0.0,8.153881123209444e-06,0.07665849195671538,0.07791659753987265,0.001258105583157268,0.05411361948496521,0.02355205737482691,0.02355205737482691,0.0,0.0,219,8,0.023551281598829917,True,0,13,43
ridge_teacher,2,9,128,moving,0.02380297805490744,0.023544170180673986,8,2,6,3,0.023551495807875623,0.023551553450872238,0.023803443116671777,0.023812694732309906,9.251615638129068e-06,4.6506176433827595e-07,9.716677402467344e-06,0.07633961591820827,0.07763254912974768,0.001292933211539407,0.05382957107484024,0.023551553450872238,0.023551553450872238,0.0,0.0,213,8,0.023551281598829917,True,0,13,41
